-- MySQL dump 10.13  Distrib 8.0.21, for Linux (x86_64)
--
-- Host: localhost    Database: comon
-- ------------------------------------------------------
-- Server version	8.0.21

/*!40101 SET @OLD_CHARACTER_SET_CLIENT=@@CHARACTER_SET_CLIENT */;
/*!40101 SET @OLD_CHARACTER_SET_RESULTS=@@CHARACTER_SET_RESULTS */;
/*!40101 SET @OLD_COLLATION_CONNECTION=@@COLLATION_CONNECTION */;
/*!50503 SET NAMES utf8mb4 */;
/*!40103 SET @OLD_TIME_ZONE=@@TIME_ZONE */;
/*!40103 SET TIME_ZONE='+00:00' */;
/*!40014 SET @OLD_UNIQUE_CHECKS=@@UNIQUE_CHECKS, UNIQUE_CHECKS=0 */;
/*!40014 SET @OLD_FOREIGN_KEY_CHECKS=@@FOREIGN_KEY_CHECKS, FOREIGN_KEY_CHECKS=0 */;
/*!40101 SET @OLD_SQL_MODE=@@SQL_MODE, SQL_MODE='NO_AUTO_VALUE_ON_ZERO' */;
/*!40111 SET @OLD_SQL_NOTES=@@SQL_NOTES, SQL_NOTES=0 */;

--
-- Temporary view structure for view `best_strategys`
--

DROP TABLE IF EXISTS `best_strategys`;
/*!50001 DROP VIEW IF EXISTS `best_strategys`*/;
SET @saved_cs_client     = @@character_set_client;
/*!50503 SET character_set_client = utf8mb4 */;
/*!50001 CREATE VIEW `best_strategys` AS SELECT 
 1 AS `Название`,
 1 AS `Profit`,
 1 AS `prosadka`,
 1 AS `risk_profile`,
 1 AS `nik`,
 1 AS `investors`*/;
SET character_set_client = @saved_cs_client;

--
-- Table structure for table `blogs`
--

DROP TABLE IF EXISTS `blogs`;
/*!40101 SET @saved_cs_client     = @@character_set_client */;
/*!50503 SET character_set_client = utf8mb4 */;
CREATE TABLE `blogs` (
  `id` int unsigned NOT NULL AUTO_INCREMENT COMMENT 'Идентификатор строки',
  `name` varchar(100) CHARACTER SET utf8 COLLATE utf8_unicode_ci NOT NULL COMMENT 'Название стратьи',
  `text_blog` blob COMMENT 'описание стратегии',
  `user_id` int unsigned NOT NULL COMMENT 'Ссылка на пользователя - автора блога',
  `created_at` datetime DEFAULT CURRENT_TIMESTAMP COMMENT 'Время создания строки',
  `updated_at` datetime DEFAULT CURRENT_TIMESTAMP ON UPDATE CURRENT_TIMESTAMP COMMENT 'Время обновления строки',
  PRIMARY KEY (`id`),
  KEY `blogs_user_id_fk` (`user_id`),
  CONSTRAINT `blogs_user_id_fk` FOREIGN KEY (`user_id`) REFERENCES `users` (`id`)
) ENGINE=InnoDB AUTO_INCREMENT=81 DEFAULT CHARSET=utf8 COLLATE=utf8_unicode_ci COMMENT='Блог';
/*!40101 SET character_set_client = @saved_cs_client */;

--
-- Dumping data for table `blogs`
--

LOCK TABLES `blogs` WRITE;
/*!40000 ALTER TABLE `blogs` DISABLE KEYS */;
INSERT INTO `blogs` VALUES (1,'minus',_binary 'Velit numquam tempora vel ipsa ratione. Sunt consequuntur nulla quia ipsa aliquid. Odit magni aut molestias voluptas in quos perferendis. Omnis vero est aperiam.',11,'1980-03-05 21:41:48','2013-01-22 09:28:43'),(2,'neque',_binary 'Debitis quos neque dolor inventore. Ipsum eius dolor incidunt ullam. Aut ut deleniti eligendi perspiciatis est ullam.',93,'1971-12-16 13:03:49','2020-07-26 23:37:50'),(3,'praesentium',_binary 'Eius natus aut dolores vel voluptate eum. Quia esse dolorum laboriosam qui. Aut numquam nemo totam.',67,'1971-12-16 15:17:20','2001-04-25 01:08:23'),(4,'voluptatibus',_binary 'Illo pariatur ea id iusto ipsum ut consequatur tenetur. Necessitatibus odio impedit tenetur molestiae. Magni non ratione incidunt odit. Optio nostrum quia sed consectetur nemo.',23,'2015-08-16 16:24:31','2020-07-26 23:37:50'),(5,'est',_binary 'Labore eligendi animi officiis ut fuga perspiciatis necessitatibus. Non quisquam est nobis voluptatem. Est nobis sint doloremque qui qui quod. Unde nobis itaque qui sunt.',91,'2009-08-13 20:45:20','2020-07-26 23:37:50'),(6,'vitae',_binary 'Voluptatibus doloribus vitae fugiat rerum rerum. Voluptatum in qui nihil quos. Nulla dolores minus qui dicta maiores quo et occaecati. Et vitae error magnam at distinctio totam quo.',48,'1974-04-14 10:50:38','1983-08-23 01:19:18'),(7,'expedita',_binary 'Deserunt non dolor velit aut autem qui dolore. Odit animi nostrum magnam architecto minus. Aut nisi inventore eum distinctio.',67,'1992-04-02 06:25:14','2020-07-26 23:37:50'),(8,'fugiat',_binary 'Magni qui fuga natus voluptatem ea. Soluta voluptas dolor et quo quia harum eos. Eligendi non blanditiis et excepturi. Dolorum natus commodi sunt veniam libero.',41,'2011-09-22 21:03:30','2016-10-04 23:51:29'),(9,'illum',_binary 'Est sequi voluptatem fugiat ratione officia velit est. Tenetur officiis quasi ipsa quidem. Fuga reiciendis culpa iste sed assumenda ut. In esse illum neque qui quia.',53,'1971-01-09 14:33:56','1988-03-24 07:59:36'),(10,'sequi',_binary 'Expedita excepturi sunt sit culpa suscipit fugit. Numquam asperiores commodi aut est. Aliquam et unde voluptatum optio assumenda. Sed maiores nostrum sint cum non.',54,'1991-11-19 07:56:39','2020-07-26 23:37:50'),(11,'nulla',_binary 'Adipisci necessitatibus est qui magni sit. Earum consequatur iste error at. Fuga ea porro voluptatem dolore mollitia voluptas voluptatem. Sapiente et expedita commodi aut voluptatum.',15,'1999-07-08 04:28:45','2020-07-26 23:37:50'),(12,'vitae',_binary 'Dolorem quis impedit eum. Reiciendis at alias quidem corporis fugiat maxime adipisci voluptatem. A optio harum dolore et vel. Occaecati soluta delectus natus cum sed.',40,'2001-09-17 11:10:54','2020-04-02 09:57:17'),(13,'cum',_binary 'Praesentium nobis ut quisquam magni inventore et rerum. Omnis praesentium sed vel voluptatem natus sit id. Et et id sint impedit rerum magni.',82,'2004-03-25 02:26:37','2006-06-27 08:58:21'),(14,'hic',_binary 'Minus recusandae earum at et qui numquam sequi. Dolorem provident aut sequi sed. Et minus soluta ut fugiat.',92,'1979-10-19 23:55:27','2020-07-26 23:37:50'),(15,'dolores',_binary 'Dolor eum repellat similique sed qui totam recusandae. Laboriosam dicta officia vitae quae aut omnis. Impedit tenetur rerum rem.',45,'1998-05-11 04:18:03','2016-09-12 09:51:05'),(16,'in',_binary 'Dolore in vel est sint veritatis. Dignissimos quis quam sunt dolores est. Dolorem inventore voluptatem vitae repudiandae est est.',75,'1971-05-20 21:25:43','1977-02-24 01:30:24'),(17,'saepe',_binary 'Porro dolores repudiandae in autem. Vitae aperiam perferendis vel iste illum molestias molestiae. Temporibus natus quos numquam dolore ut.',11,'1974-04-24 11:39:34','2007-12-19 17:51:24'),(18,'possimus',_binary 'Dolorum quod autem ratione voluptates voluptatum eum. Labore fuga consequatur ullam molestiae veniam. Quibusdam aut et quasi eligendi velit quia.',92,'2011-04-24 00:28:24','2020-07-26 23:37:50'),(19,'voluptas',_binary 'Voluptatum commodi ut occaecati unde nesciunt perferendis ipsum. Pariatur cupiditate qui quaerat. Ullam iure quos dolorem quasi exercitationem hic in harum.',14,'1976-10-24 08:40:24','1981-06-02 02:53:53'),(20,'expedita',_binary 'Facere autem ipsam eum hic dolor. Quis dolor id laborum adipisci ipsam. Omnis totam enim nesciunt cum. Sit voluptas aut esse.',73,'2020-02-12 02:26:19','2020-07-26 23:37:50'),(21,'qui',_binary 'Aliquam ex consequatur distinctio ipsa dolores maiores. Itaque ut sed blanditiis. At rerum et ut quo voluptate sunt nobis.\nDolores temporibus fuga iste possimus. Ullam rerum nostrum ut velit tenetur.',71,'1989-08-26 23:58:28','2008-05-15 15:07:18'),(22,'debitis',_binary 'Ea et repudiandae libero est. Optio natus quas nulla voluptatibus. Quibusdam officiis ut nesciunt ipsa unde. Blanditiis consequuntur iure reprehenderit autem.',34,'1979-12-06 09:01:11','2007-08-27 05:00:14'),(23,'quibusdam',_binary 'Inventore ut aliquid quaerat sapiente. Aliquam eum autem ducimus nulla numquam. Enim officia molestias rerum enim occaecati suscipit. Amet suscipit ipsa id ratione ut voluptate.',20,'2016-07-27 18:23:39','2020-07-26 23:37:50'),(24,'error',_binary 'Dignissimos consequatur repellat et rerum odit porro et. Non ipsam rerum repellat quas enim expedita. Aut molestiae a sunt aut dolore modi. Et in est deleniti unde quibusdam qui.',35,'1987-07-09 04:10:09','2020-07-26 23:37:50'),(25,'et',_binary 'Qui nam odit deleniti saepe doloremque velit. Et deleniti voluptas voluptatem voluptatem deserunt laudantium. Autem veniam asperiores cumque.',78,'1981-06-16 04:30:23','2014-03-18 07:02:50'),(26,'nobis',_binary 'Odit iusto impedit voluptatem quibusdam rerum inventore asperiores. Non ut sapiente est voluptatem. Amet doloremque quos eos saepe.',25,'1991-11-18 02:15:16','2011-05-21 09:28:14'),(27,'aperiam',_binary 'Et qui nam quis eius. Quo vitae perferendis aperiam est vitae. Aut autem quaerat reprehenderit et vel iusto accusamus laboriosam.',5,'1976-04-03 05:26:33','2004-07-02 16:09:52'),(28,'voluptas',_binary 'Suscipit officiis aut reiciendis ratione ipsum nulla omnis. Doloremque molestiae voluptate laboriosam magnam ipsum laborum. Error quas suscipit laboriosam quae.',5,'1994-04-06 20:38:42','2014-07-26 07:11:22'),(29,'sit',_binary 'Omnis debitis a quo nostrum provident qui molestias. Sunt vel qui natus nostrum ab dolorum aut. Soluta rem soluta voluptate magnam quibusdam vero.',34,'2013-09-18 15:05:39','2020-07-26 23:37:50'),(30,'pariatur',_binary 'Id soluta aut ut et doloremque sed nisi. Voluptatibus dolore facere non similique. Pariatur debitis fugit veritatis dolores.',37,'1996-08-10 14:02:31','2020-07-26 23:37:50'),(31,'et',_binary 'Id adipisci veritatis est reprehenderit quae corrupti eos. Itaque quia soluta omnis quo sed occaecati. Eum explicabo aut asperiores consequatur itaque repellendus. In architecto voluptas magnam.',53,'1975-05-14 09:44:32','2007-04-12 09:06:23'),(32,'repellendus',_binary 'Et consectetur tenetur et in incidunt non sit quis. Aut ut est eveniet quia maxime tenetur non consequatur. Commodi commodi dolorem dolore nemo accusantium.',86,'1973-09-12 21:41:53','1996-02-15 17:56:54'),(33,'odio',_binary 'Vitae consequatur nam sed error sunt quasi. Voluptatem sed veniam maiores libero error optio laborum aut. Delectus tempore temporibus dignissimos qui sit impedit.',57,'1983-04-25 09:33:36','2020-07-26 23:37:50'),(34,'quae',_binary 'Sapiente neque velit eum fugiat sed omnis. Iste velit officia explicabo. Debitis non ex esse qui enim.',22,'1994-05-21 13:02:08','1998-06-05 04:20:22'),(35,'delectus',_binary 'Nisi rerum quod consequatur nihil est quos. Omnis ratione unde assumenda eos omnis voluptatem. Neque est ullam est architecto asperiores. Ut illo repellendus qui qui odio.',59,'2015-06-30 08:24:52','2020-07-26 23:37:50'),(36,'distinctio',_binary 'Eos tempora aut aut sed. Est qui minus dolorem accusantium quia temporibus et amet. Modi est beatae totam esse ratione. Atque ut pariatur vero dolorem minima dolores.',52,'1986-12-08 01:07:28','2020-06-23 13:28:30'),(37,'unde',_binary 'Nisi rerum aut ipsa in quas earum quia. Consectetur ipsa quia repellat ad laborum ea maiores.',14,'1971-05-21 18:26:46','2000-06-14 08:19:26'),(38,'cumque',_binary 'Nemo quibusdam vero numquam quas culpa animi. Quibusdam quidem consequuntur consequatur quam. Rerum facilis magni repellat non cum labore quia.',21,'1994-05-30 10:02:10','2019-06-19 09:12:50'),(39,'quo',_binary 'Molestiae saepe et odit ipsa quisquam. Non deleniti in doloremque et non dolorem. Distinctio voluptatem suscipit ea asperiores unde. Ratione reprehenderit labore deserunt.',8,'1986-02-04 20:43:58','2002-10-19 05:47:58'),(40,'rerum',_binary 'Nihil doloribus id voluptatem assumenda id consectetur. Dicta ut aliquid et et vel iure beatae. Ea voluptatem quo laboriosam non dicta.',65,'1976-06-24 21:05:47','2020-07-26 23:37:50'),(41,'adipisci',_binary 'Veniam repudiandae velit eos qui iste. Explicabo praesentium aut dolorem.\nVel nihil necessitatibus ea maxime aut soluta. Quia nulla delectus qui et repellat temporibus.',87,'1997-02-03 01:38:02','2014-06-15 10:54:59'),(42,'corrupti',_binary 'Ipsum numquam qui fugiat sit eos accusamus. Vel non voluptas est explicabo. Laboriosam delectus magnam labore sit. Dolorum quia est autem voluptas quis.',58,'1973-04-01 09:17:59','2020-04-12 03:06:53'),(43,'deleniti',_binary 'Aut expedita quod aut rem dolores necessitatibus. Aut consequatur maxime molestiae sint odit aut deleniti. Non sapiente sit aperiam est laboriosam.',87,'2011-12-13 07:55:48','2020-07-26 23:37:50'),(44,'sint',_binary 'Doloremque et tenetur omnis reprehenderit sit. Rerum magnam consequuntur consequatur corrupti libero non. Cum doloremque labore quis qui.',49,'2016-09-05 02:30:09','2019-06-27 11:10:37'),(45,'consequatur',_binary 'Totam eligendi facilis fuga esse hic. Quo esse aliquam hic omnis voluptas architecto non. Sit dolores sint et odio. Explicabo facilis et explicabo placeat ut.',17,'1985-07-26 02:12:27','2000-08-22 22:49:13'),(46,'ad',_binary 'Placeat est officia voluptas magni et. Et et rem rem sit possimus totam deserunt.\nHic ab ea et. Cum eos iure quia. Consequatur ut dolore eius eligendi.',4,'2009-08-06 21:26:25','2020-07-26 23:37:50'),(47,'ratione',_binary 'Laborum tempore reprehenderit cum ea. Repellat accusantium et repellat dolores et rerum. Repudiandae aut cum iste perspiciatis.',83,'2007-07-29 12:17:11','2020-07-26 23:37:50'),(48,'autem',_binary 'Aut aut est aliquam molestiae ut nihil necessitatibus. Quae id eum ut iusto illum veritatis velit. Molestiae minima consequatur ex amet quasi rerum iusto aut.',56,'1981-05-04 09:49:59','2020-07-26 23:37:50'),(49,'quibusdam',_binary 'Quibusdam dolor perspiciatis totam optio magnam placeat quia. Ut nemo voluptas sit sunt et. Accusamus alias vel nihil totam voluptas officiis. Eius id consequatur est labore eum.',13,'1993-08-27 07:16:55','2020-07-26 23:37:50'),(50,'sunt',_binary 'Sit minus quia omnis consequuntur. Nostrum distinctio est nisi placeat perspiciatis. Totam labore qui laborum a. Sit architecto praesentium maiores velit dolorem.',61,'1978-05-05 22:26:28','2000-01-13 08:45:40'),(51,'iure',_binary 'Ex non modi delectus fugiat. Delectus unde aut est et quia perspiciatis asperiores. Labore doloremque et et illum sint in. Ipsa unde assumenda non quae reprehenderit reprehenderit aut unde.',74,'2016-06-29 03:51:52','2020-01-14 23:10:03'),(52,'necessitatibus',_binary 'Placeat illum rerum animi at. Porro voluptate facere odit dolores beatae est pariatur.',27,'1989-06-10 00:54:28','2020-07-26 23:37:50'),(53,'itaque',_binary 'Molestiae voluptates hic sed rem eligendi quo explicabo qui. Dignissimos aperiam saepe et praesentium eum non. Nostrum temporibus accusantium eligendi nisi at. Molestias aut et illo.',98,'2008-06-07 18:36:48','2020-07-26 23:37:50'),(54,'nobis',_binary 'Ea repellat incidunt ut nisi error. Ut eos maiores error consequuntur. Et voluptate enim ipsa molestiae.',46,'2016-12-26 09:12:39','2020-07-26 23:37:50'),(55,'ratione',_binary 'Tempore aut dolorum et ut. Odit ipsa magnam cum rem pariatur.\nRatione soluta nam ipsa similique. Totam quas accusantium nihil quia. Voluptatum qui nihil fugit excepturi.',55,'1986-11-15 02:31:54','1997-08-23 07:24:33'),(56,'et',_binary 'Qui non voluptates fugit nobis autem laudantium. Nam rerum dolorum assumenda. Ut accusamus nobis consectetur consequatur itaque voluptates in. Praesentium eveniet ut libero impedit dolorem ut odio.',12,'1993-01-22 19:26:54','2020-07-26 23:37:50'),(57,'et',_binary 'Beatae et eligendi asperiores consequatur velit in. Temporibus voluptatem ratione vel dolorem. Iure quia corrupti aut ut repellat. Quibusdam pariatur deserunt neque ipsam.',40,'1997-11-04 00:39:16','2020-07-26 23:37:50'),(58,'et',_binary 'Nihil illo aspernatur voluptas quia cupiditate. Minus sapiente quia rerum sint. Dolorum dicta saepe magnam repellat. Et quasi libero ut minima eos tempore non.',48,'2008-07-18 05:26:05','2020-07-26 23:37:50'),(59,'voluptas',_binary 'Provident adipisci ratione pariatur consequatur. Quia reprehenderit quasi dicta veritatis voluptas. Assumenda nostrum corporis molestiae labore. Et libero neque autem aliquid.',26,'1992-12-22 11:21:13','2015-01-09 06:42:20'),(60,'error',_binary 'Voluptatem magnam cum omnis voluptates beatae voluptatibus earum. Veritatis deserunt porro praesentium ab. Modi similique ut facilis. Consequatur iste ipsam consequuntur.',70,'1999-11-16 10:09:07','2020-07-26 23:37:50'),(61,'consectetur',_binary 'Accusantium provident quo vitae quos libero autem eveniet. Nisi quis et qui rem sint iste. Adipisci aliquam exercitationem quidem. Est nobis ducimus tempore.',88,'1985-09-11 07:35:58','1988-12-10 05:54:55'),(62,'unde',_binary 'Non deleniti quia mollitia pariatur rerum et ad. Voluptates voluptas iure neque rerum sint. Vel nemo voluptate assumenda a dignissimos autem minus.',74,'2019-12-17 14:32:45','2020-07-26 23:37:50'),(63,'nostrum',_binary 'Incidunt et sit dolor consequatur. Molestiae maxime qui nam veniam. Rem ipsa voluptatem sint reiciendis reprehenderit ex.',97,'1981-09-09 13:41:04','1983-05-05 19:28:19'),(64,'id',_binary 'At accusantium voluptatibus architecto aliquid est. Alias aut ex voluptatem illo quam culpa. Tenetur ut minima adipisci iusto sit beatae quaerat.',75,'1984-07-05 05:40:37','2020-07-26 23:37:50'),(65,'omnis',_binary 'Nemo consequuntur omnis et eum dolore sint. Aliquid aut repudiandae aut amet omnis sunt quo. Consectetur dolorem aperiam et enim.',49,'1975-02-09 15:15:43','2020-07-26 23:37:50'),(66,'rem',_binary 'Culpa ipsa corporis repellat eos aut omnis labore. Ut voluptates et nulla necessitatibus rem. Voluptatem nulla rerum quia et est at.',66,'1992-10-25 08:37:54','2007-11-17 13:28:56'),(67,'aut',_binary 'Molestias velit explicabo hic officia saepe dignissimos voluptates architecto. Et deserunt facere cum illo doloribus debitis facere. Fugit vel repellat fuga impedit.',59,'1972-09-05 22:27:16','1997-06-22 13:56:30'),(68,'minus',_binary 'Aut nobis officia quis quasi sit labore. Quas laboriosam libero quis officia. Nostrum consectetur doloribus eos omnis.',76,'2014-12-11 20:55:10','2020-07-26 23:37:50'),(69,'similique',_binary 'Et quaerat sint qui occaecati reprehenderit adipisci. Doloribus rerum quis impedit itaque est aut. Nobis excepturi est veritatis eum dignissimos quo laborum omnis. Sint ipsam esse quam voluptatem.',25,'1990-02-27 19:04:05','2020-07-26 23:37:50'),(70,'libero',_binary 'Iure iure voluptas dolores corrupti sed. Minima esse totam dolor eos. Quidem laboriosam atque mollitia. Voluptas voluptates porro suscipit quia voluptatibus est libero.',76,'2017-04-13 15:10:40','2020-07-26 23:37:50'),(71,'fugiat',_binary 'Vel magni deserunt quia sunt. Dolorem ut culpa corrupti consequatur aut. Maiores animi earum molestiae fugiat. Harum consequatur mollitia totam eos velit mollitia sit sunt.',91,'2014-04-22 03:45:20','2020-07-26 23:37:50'),(72,'earum',_binary 'Nemo nulla laudantium incidunt possimus adipisci quisquam. Cum aut sit repellendus nihil in distinctio. Impedit voluptas modi et aut quia corporis. Soluta et voluptatum ea vitae reiciendis.',21,'1997-10-18 01:59:43','2005-01-02 05:56:47'),(73,'rerum',_binary 'Corporis aut est voluptatem fuga iure labore et. Enim at saepe voluptas aut deleniti deserunt. Voluptatem voluptate optio est voluptatum cum suscipit enim.',31,'1978-01-23 10:18:54','1994-01-16 13:02:54'),(74,'et',_binary 'Vero cum tenetur eum consequatur fuga quidem. Adipisci maiores ut quisquam vel. Quod quo ut sunt eos fuga eveniet adipisci.',31,'2001-01-12 23:52:55','2020-07-26 23:37:50'),(75,'perspiciatis',_binary 'Aut et numquam tempore repudiandae. Nulla reprehenderit dignissimos quo provident error porro impedit. Soluta quia ullam voluptates cupiditate autem reiciendis. Numquam eum aperiam et.',80,'1980-10-24 17:12:12','1988-12-16 14:59:09'),(76,'aut',_binary 'In debitis voluptatem quia expedita. Quia voluptatem qui ex aut. Nostrum nobis omnis atque tempore eos dolorem.',52,'1971-07-03 16:26:25','2014-05-20 19:13:44'),(77,'eveniet',_binary 'Rem sunt aut consectetur et perferendis quia. Ratione officiis labore est aut sint qui minus.',70,'2000-12-21 05:54:01','2017-06-17 17:47:26'),(78,'modi',_binary 'Dolor eos a asperiores et. Praesentium incidunt nostrum impedit culpa dolor. In aperiam voluptatem est nulla vero rerum illo deserunt. Sunt numquam et et quia qui non nemo.',49,'1972-03-27 01:07:11','1981-01-15 07:42:48'),(79,'ea',_binary 'Porro aut in corporis est id molestiae. Itaque qui sed qui eum iure neque.',56,'1979-07-22 14:49:09','1992-11-12 20:47:53'),(80,'voluptatem',_binary 'Qui earum voluptatem laudantium deleniti dignissimos sapiente. Adipisci aperiam rerum laudantium sit minus expedita soluta quisquam. Tempore quo iusto incidunt tempore odio nesciunt nihil.',20,'1978-04-09 21:28:06','1988-11-28 22:33:22');
/*!40000 ALTER TABLE `blogs` ENABLE KEYS */;
UNLOCK TABLES;

--
-- Temporary view structure for view `blogs_and_comments`
--

DROP TABLE IF EXISTS `blogs_and_comments`;
/*!50001 DROP VIEW IF EXISTS `blogs_and_comments`*/;
SET @saved_cs_client     = @@character_set_client;
/*!50503 SET character_set_client = utf8mb4 */;
/*!50001 CREATE VIEW `blogs_and_comments` AS SELECT 
 1 AS `name`,
 1 AS `avtor_blog`,
 1 AS `blog`,
 1 AS `comment`,
 1 AS `comment_avtor`*/;
SET character_set_client = @saved_cs_client;

--
-- Table structure for table `clients_strategy`
--

DROP TABLE IF EXISTS `clients_strategy`;
/*!40101 SET @saved_cs_client     = @@character_set_client */;
/*!50503 SET character_set_client = utf8mb4 */;
CREATE TABLE `clients_strategy` (
  `id` int unsigned NOT NULL AUTO_INCREMENT COMMENT 'Идентификатор строки',
  `strategy_id` int unsigned NOT NULL COMMENT 'Ссылка на стратегию',
  `users_id` int unsigned DEFAULT '0',
  `koef` int DEFAULT '100' COMMENT 'коэфициент участия',
  `created_at` datetime DEFAULT CURRENT_TIMESTAMP COMMENT 'Время создания строки',
  `updated_at` datetime DEFAULT CURRENT_TIMESTAMP ON UPDATE CURRENT_TIMESTAMP COMMENT 'Время обновления строки',
  PRIMARY KEY (`id`),
  KEY `clients_strategy_user_id_fk` (`users_id`),
  KEY `clients_strategy_strategy_fk` (`strategy_id`),
  CONSTRAINT `clients_strategy_strategy_fk` FOREIGN KEY (`strategy_id`) REFERENCES `strategy` (`id`),
  CONSTRAINT `clients_strategy_user_id_fk` FOREIGN KEY (`users_id`) REFERENCES `users` (`id`)
) ENGINE=InnoDB AUTO_INCREMENT=71 DEFAULT CHARSET=utf8 COLLATE=utf8_unicode_ci COMMENT='Таблица клиентов подключенных на стратегии';
/*!40101 SET character_set_client = @saved_cs_client */;

--
-- Dumping data for table `clients_strategy`
--

LOCK TABLES `clients_strategy` WRITE;
/*!40000 ALTER TABLE `clients_strategy` DISABLE KEYS */;
INSERT INTO `clients_strategy` VALUES (1,17,95,100,'1993-12-21 12:51:09','2020-07-29 01:29:24'),(2,38,68,100,'2009-11-09 14:07:59','2020-07-29 01:25:15'),(3,8,78,100,'1992-01-05 18:04:36','2020-07-29 01:29:14'),(4,6,NULL,100,'2019-12-17 23:58:46','2020-07-29 01:29:36'),(5,15,18,100,'2011-01-16 17:50:46','2020-07-29 01:29:15'),(6,7,79,0,'2018-12-05 11:08:00','2020-07-29 01:29:14'),(7,30,23,100,'1990-02-17 11:19:39','2020-07-29 01:29:15'),(8,40,NULL,100,'1993-05-30 20:08:23','2020-07-29 01:32:34'),(9,12,NULL,100,'1972-12-19 08:16:49','2020-07-29 01:29:36'),(10,27,45,0,'1986-04-03 08:02:31','2020-07-29 01:29:29'),(11,14,NULL,100,'1975-08-16 15:23:16','2020-07-29 01:29:36'),(12,31,10,100,'1976-11-03 05:58:32','2020-07-29 01:29:15'),(13,49,18,100,'1995-06-04 13:09:57','2020-07-29 01:26:22'),(14,43,27,100,'2011-03-19 10:39:47','2020-07-29 01:29:15'),(15,15,20,50,'1984-09-12 17:20:23','2020-07-29 01:29:15'),(16,49,94,100,'1978-06-23 04:08:15','2020-07-29 01:31:38'),(17,28,NULL,100,'2017-06-20 06:06:33','2020-07-29 01:26:48'),(18,23,10,100,'1979-11-09 00:05:22','2020-07-29 01:26:09'),(19,47,NULL,100,'2012-08-23 18:43:56','2020-07-29 01:29:36'),(20,11,NULL,100,'1975-06-04 22:00:22','2020-07-29 01:29:36'),(21,46,16,100,'1982-10-09 13:42:50','2020-07-29 01:31:37'),(22,11,19,100,'1970-04-16 16:38:52','2020-07-29 01:29:24'),(23,32,76,50,'2002-10-29 17:27:01','2020-07-29 01:31:37'),(24,47,95,100,'1996-05-23 10:20:07','2020-07-29 01:32:29'),(25,15,74,100,'2014-01-19 20:00:55','2020-07-29 01:29:24'),(26,49,79,100,'2018-09-24 11:52:46','2020-07-29 01:25:15'),(27,19,61,100,'2000-01-01 09:47:52','2020-07-29 01:26:22'),(28,41,NULL,100,'1993-01-03 06:38:54','2020-07-29 01:32:34'),(29,31,95,100,'1983-11-16 17:57:21','2020-07-29 01:26:27'),(30,15,16,100,'2005-10-25 23:45:42','2020-07-29 01:29:29'),(31,39,21,100,'2004-07-20 14:03:24','2020-07-29 01:29:15'),(32,13,86,100,'1976-11-11 17:22:43','2020-07-29 01:29:14'),(33,48,54,100,'2012-08-12 17:57:03','2020-07-29 01:25:15'),(34,5,NULL,100,'1975-03-21 06:56:39','2020-07-29 01:29:36'),(35,30,78,100,'1980-09-25 21:25:43','2020-07-29 01:31:37'),(36,42,54,50,'2020-03-21 21:39:35','2020-07-29 01:32:24'),(37,19,45,100,'1985-06-16 01:56:43','2020-07-29 01:29:15'),(38,45,81,100,'1981-08-12 18:41:45','2020-07-29 01:25:15'),(39,45,41,100,'1973-06-30 13:13:13','2020-07-29 01:29:15'),(40,18,16,0,'1972-01-04 01:44:52','2020-07-29 01:26:09'),(41,36,NULL,100,'1990-11-19 20:21:41','2020-07-29 01:32:34'),(42,13,2,100,'1988-10-09 08:04:04','2020-07-29 01:29:24'),(43,27,NULL,100,'1984-05-08 13:13:40','2020-07-29 01:29:36'),(44,37,97,100,'1991-12-27 00:40:45','2020-07-29 01:32:20'),(45,38,NULL,100,'1979-07-31 16:30:53','2020-07-29 01:32:34'),(46,2,66,100,'2014-10-15 02:02:15','2020-07-29 01:29:29'),(47,42,92,100,'1976-12-25 05:41:14','2020-07-29 01:31:37'),(48,14,NULL,100,'1991-09-03 03:21:18','2020-07-29 01:26:48'),(49,18,71,100,'1988-07-31 18:48:15','2020-07-29 01:32:24'),(50,8,88,100,'2000-07-18 17:01:26','2020-07-29 01:29:24'),(51,15,20,100,'1980-04-27 11:41:17','2020-07-29 01:26:09'),(52,28,95,100,'1984-02-06 09:36:11','2020-07-29 01:25:15'),(53,25,66,100,'2003-11-11 00:46:34','2020-07-29 01:25:15'),(54,9,NULL,100,'1983-05-14 00:20:30','2020-07-29 01:07:10'),(55,11,NULL,50,'2005-07-01 19:21:43','2020-07-29 01:26:48'),(56,9,92,50,'2010-10-10 03:52:42','2020-07-29 01:25:15'),(57,42,21,100,'1982-02-13 13:31:51','2020-07-29 01:26:22'),(58,1,98,100,'1975-10-03 09:38:09','2020-07-29 01:25:15'),(59,17,NULL,100,'1976-06-21 00:40:32','2020-07-29 01:29:36'),(60,30,83,0,'2011-08-02 19:52:26','2020-07-29 01:26:22'),(61,18,54,100,'2002-01-01 03:39:39','2020-07-29 01:31:56'),(62,4,51,100,'1989-04-26 14:00:34','2020-07-29 01:29:14'),(63,28,71,100,'1970-02-05 15:04:01','2020-07-29 01:31:37'),(64,36,NULL,100,'1992-09-28 10:55:11','2020-07-29 01:26:48'),(65,4,NULL,100,'1992-06-14 20:27:11','2020-07-29 01:26:48'),(66,4,51,100,'1988-06-01 06:55:58','2020-07-29 01:29:14'),(67,47,88,100,'1980-05-10 04:31:52','2020-07-29 01:31:38'),(68,45,68,100,'2006-04-09 17:53:22','2020-07-29 01:31:37'),(69,10,16,100,'2003-05-20 17:26:47','2020-07-29 01:29:14'),(70,16,51,100,'1987-07-17 00:58:39','2020-07-29 01:26:09');
/*!40000 ALTER TABLE `clients_strategy` ENABLE KEYS */;
UNLOCK TABLES;

--
-- Table structure for table `comments`
--

DROP TABLE IF EXISTS `comments`;
/*!40101 SET @saved_cs_client     = @@character_set_client */;
/*!50503 SET character_set_client = utf8mb4 */;
CREATE TABLE `comments` (
  `id` int unsigned NOT NULL AUTO_INCREMENT COMMENT 'Идентификатор строки',
  `blog_id` int unsigned NOT NULL COMMENT 'Ссылка на блог',
  `user_id` int unsigned NOT NULL COMMENT 'автор комменария',
  `text_message` text CHARACTER SET utf8 COLLATE utf8_unicode_ci COMMENT 'комметарий',
  PRIMARY KEY (`id`),
  KEY `comments_blog_id_fk` (`blog_id`),
  KEY `comments_user_id_fk` (`user_id`),
  CONSTRAINT `comments_blog_id_fk` FOREIGN KEY (`blog_id`) REFERENCES `blogs` (`id`),
  CONSTRAINT `comments_user_id_fk` FOREIGN KEY (`user_id`) REFERENCES `users` (`id`)
) ENGINE=InnoDB AUTO_INCREMENT=36 DEFAULT CHARSET=utf8 COLLATE=utf8_unicode_ci COMMENT='Комментарий';
/*!40101 SET character_set_client = @saved_cs_client */;

--
-- Dumping data for table `comments`
--

LOCK TABLES `comments` WRITE;
/*!40000 ALTER TABLE `comments` DISABLE KEYS */;
INSERT INTO `comments` VALUES (1,29,53,'Odit ut modi adipisci dicta.'),(2,73,62,'Ex nesciunt sint facere officiis occaecati voluptates.'),(3,71,35,'Voluptatum consequuntur nihil asperiores nam vitae ea consequatur.'),(4,23,57,'Architecto aliquam natus ex non.'),(5,20,22,'Nihil dolorem aperiam id aut et.'),(6,36,30,'Ut amet labore porro repellat aliquid.'),(7,24,43,'Quidem quis consequatur numquam dolores.'),(8,26,18,'Est nesciunt consequatur reiciendis.'),(9,65,67,'Occaecati excepturi enim et et quisquam.'),(10,70,61,'Quia atque pariatur quae temporibus eos asperiores et quaerat.'),(11,70,86,'Sed autem corporis sed.'),(12,5,79,'Repellat quibusdam et officia omnis eaque et architecto.'),(13,22,7,'Ipsa atque voluptatum modi nam.'),(14,67,67,'Architecto facilis voluptatibus et perspiciatis sint sunt et.'),(15,10,63,'Quis ut et aut sed esse eum dolorem.'),(16,53,59,'Maxime odit sapiente nemo voluptate.'),(17,47,49,'Sint tempore ipsum nam ullam sapiente quia laboriosam.'),(18,72,39,'Aut provident non et.'),(19,56,40,'Eos veniam modi necessitatibus modi.'),(20,43,22,'Dolorem accusamus possimus aut rerum placeat omnis.'),(21,41,15,'Voluptas voluptate non et dicta voluptatum.'),(22,48,86,'Corporis exercitationem error minus asperiores voluptatem dolorem molestiae.'),(23,53,23,'Voluptatibus aut maxime aperiam.'),(24,60,38,'Quas et laborum sit similique sit earum et qui.'),(25,70,25,'Consequatur molestiae eos in a qui.'),(26,44,5,'Aut aperiam voluptates sequi autem rerum quis voluptates.'),(27,43,30,'Cum est aut beatae labore accusantium animi dolores.'),(28,58,78,'Tenetur laborum aut error et.'),(29,9,11,'Qui sunt nam doloribus voluptatum eligendi molestiae quam.'),(30,19,65,'Ut animi voluptatibus impedit eius neque.'),(31,14,27,'Repellat consequatur dolores alias molestias facilis est tenetur.'),(32,24,56,'Recusandae eum et velit asperiores.'),(33,67,10,'Ducimus quas molestiae in magnam.'),(34,75,68,'Est expedita quis totam possimus.'),(35,22,62,'Voluptate voluptatum voluptatum quas unde nostrum.');
/*!40000 ALTER TABLE `comments` ENABLE KEYS */;
UNLOCK TABLES;

--
-- Table structure for table `dopnik_avto`
--

DROP TABLE IF EXISTS `dopnik_avto`;
/*!40101 SET @saved_cs_client     = @@character_set_client */;
/*!50503 SET character_set_client = utf8mb4 */;
CREATE TABLE `dopnik_avto` (
  `id` int unsigned NOT NULL AUTO_INCREMENT COMMENT 'Идентификатор строки',
  `Name` char(1) CHARACTER SET utf8 COLLATE utf8_unicode_ci NOT NULL COMMENT 'Буква допника',
  `percent` float unsigned NOT NULL COMMENT 'Процент по доп соглашению',
  PRIMARY KEY (`id`)
) ENGINE=InnoDB AUTO_INCREMENT=11 DEFAULT CHARSET=utf8 COLLATE=utf8_unicode_ci COMMENT='Список доп соглашений автоследования';
/*!40101 SET character_set_client = @saved_cs_client */;

--
-- Dumping data for table `dopnik_avto`
--

LOCK TABLES `dopnik_avto` WRITE;
/*!40000 ALTER TABLE `dopnik_avto` DISABLE KEYS */;
INSERT INTO `dopnik_avto` VALUES (1,'A',1),(2,'B',2),(3,'C',3),(4,'D',4),(5,'E',5),(6,'F',6),(7,'G',9),(8,'H',12),(9,'I',15),(10,'J',0.01);
/*!40000 ALTER TABLE `dopnik_avto` ENABLE KEYS */;
UNLOCK TABLES;

--
-- Table structure for table `dopnik_signal`
--

DROP TABLE IF EXISTS `dopnik_signal`;
/*!40101 SET @saved_cs_client     = @@character_set_client */;
/*!50503 SET character_set_client = utf8mb4 */;
CREATE TABLE `dopnik_signal` (
  `id` int unsigned NOT NULL AUTO_INCREMENT COMMENT 'Идентификатор строки',
  `Name` char(1) CHARACTER SET utf8 COLLATE utf8_unicode_ci NOT NULL COMMENT 'Буква допника',
  `price` int unsigned NOT NULL COMMENT 'Стоимость сигнала',
  PRIMARY KEY (`id`)
) ENGINE=InnoDB AUTO_INCREMENT=11 DEFAULT CHARSET=utf8 COLLATE=utf8_unicode_ci COMMENT='Список доп соглашений сигналов';
/*!40101 SET character_set_client = @saved_cs_client */;

--
-- Dumping data for table `dopnik_signal`
--

LOCK TABLES `dopnik_signal` WRITE;
/*!40000 ALTER TABLE `dopnik_signal` DISABLE KEYS */;
INSERT INTO `dopnik_signal` VALUES (1,'A',120),(2,'B',300),(3,'C',600),(4,'D',900),(5,'E',1200),(6,'F',2400),(7,'G',3600),(8,'H',4800),(9,'I',6000),(10,'J',12);
/*!40000 ALTER TABLE `dopnik_signal` ENABLE KEYS */;
UNLOCK TABLES;

--
-- Table structure for table `interest`
--

DROP TABLE IF EXISTS `interest`;
/*!40101 SET @saved_cs_client     = @@character_set_client */;
/*!50503 SET character_set_client = utf8mb4 */;
CREATE TABLE `interest` (
  `id` int unsigned NOT NULL AUTO_INCREMENT COMMENT 'Идентификатор строки',
  `name` enum('Начать торговать','Технический аналаз','Фундаментальный анализ','Российские акции','Срочный рынок','Зарубежные рынки','Форекс','Интрадей','Инвестиционный портфель','Скальпинг','Механические торговые системы','Торговые роботы') CHARACTER SET utf8 COLLATE utf8_unicode_ci DEFAULT NULL COMMENT 'интерес',
  `user_id` int unsigned NOT NULL COMMENT 'Ссылка на пользователя',
  `created_at` datetime DEFAULT CURRENT_TIMESTAMP COMMENT 'Время создания строки',
  `updated_at` datetime DEFAULT CURRENT_TIMESTAMP ON UPDATE CURRENT_TIMESTAMP COMMENT 'Время обновления строки',
  PRIMARY KEY (`id`),
  KEY `interest_user_id_fk` (`user_id`),
  CONSTRAINT `interest_user_id_fk` FOREIGN KEY (`user_id`) REFERENCES `users` (`id`)
) ENGINE=InnoDB AUTO_INCREMENT=151 DEFAULT CHARSET=utf8 COLLATE=utf8_unicode_ci COMMENT='интересы';
/*!40101 SET character_set_client = @saved_cs_client */;

--
-- Dumping data for table `interest`
--

LOCK TABLES `interest` WRITE;
/*!40000 ALTER TABLE `interest` DISABLE KEYS */;
INSERT INTO `interest` VALUES (1,'Инвестиционный портфель',20,'1987-06-05 19:35:20','2020-05-27 08:22:54'),(2,'Зарубежные рынки',91,'1982-09-27 08:39:05','1994-01-14 21:16:25'),(3,'Российские акции',71,'2013-03-11 18:25:21','2020-07-26 21:05:19'),(4,'Российские акции',72,'1990-07-11 16:12:25','2020-07-26 21:05:19'),(5,'Торговые роботы',65,'1977-09-18 02:20:25','1990-03-29 09:23:06'),(6,'Торговые роботы',33,'2008-12-26 13:40:44','2020-07-26 21:05:19'),(7,'Фундаментальный анализ',48,'1978-07-10 09:56:31','2005-05-18 01:57:08'),(8,'Скальпинг',96,'1985-06-14 07:32:15','2017-06-20 20:59:12'),(9,'Форекс',71,'1993-03-11 13:02:53','2020-07-26 21:05:19'),(10,'Торговые роботы',45,'2009-05-30 23:52:01','2020-07-26 21:05:19'),(11,'Механические торговые системы',85,'2016-12-31 21:49:43','2020-07-26 21:05:19'),(12,'Срочный рынок',32,'1975-02-22 07:20:28','2013-07-24 03:39:13'),(13,'Срочный рынок',20,'2020-01-29 21:19:02','2020-07-26 21:05:19'),(14,'Срочный рынок',4,'2019-04-22 05:50:07','2020-07-26 21:05:19'),(15,'Инвестиционный портфель',70,'1972-12-26 11:26:08','1998-02-09 12:08:22'),(16,'Зарубежные рынки',9,'2017-02-23 04:04:39','2020-07-26 21:05:19'),(17,'Механические торговые системы',99,'2014-05-27 23:09:47','2015-03-11 23:00:46'),(18,'Срочный рынок',16,'1994-03-15 15:08:35','2004-06-01 23:25:53'),(19,'Фундаментальный анализ',17,'2016-04-18 17:48:02','2020-07-26 21:05:19'),(20,'Скальпинг',92,'2001-06-27 11:27:59','2020-07-26 21:05:19'),(21,'Механические торговые системы',79,'1998-11-09 04:48:19','2020-07-26 21:05:19'),(22,'Скальпинг',40,'1985-08-04 06:31:21','2020-07-26 21:05:19'),(23,'Торговые роботы',83,'2004-10-10 06:16:31','2020-07-26 21:05:19'),(24,'Инвестиционный портфель',79,'1983-12-19 05:20:59','2002-12-16 13:26:19'),(25,'Срочный рынок',97,'1981-05-29 15:32:20','2007-11-22 14:53:14'),(26,'Интрадей',35,'1981-06-27 06:39:49','2007-08-08 16:42:19'),(27,'Инвестиционный портфель',28,'2015-06-04 20:08:19','2020-07-26 21:05:19'),(28,'Технический аналаз',68,'2016-07-12 23:03:35','2020-07-26 21:05:19'),(29,'Инвестиционный портфель',53,'1977-08-28 21:20:16','2003-03-21 16:01:55'),(30,'Начать торговать',50,'1973-02-14 04:46:58','2004-07-20 12:50:46'),(31,'Начать торговать',51,'2004-08-01 09:57:09','2020-07-26 21:05:19'),(32,'Скальпинг',37,'2005-06-04 08:07:36','2020-07-26 21:05:19'),(33,'Российские акции',39,'2012-12-25 20:38:17','2020-07-26 21:05:19'),(34,'Скальпинг',20,'1981-08-18 07:08:50','2016-07-04 09:29:04'),(35,'Срочный рынок',49,'2000-01-25 22:50:48','2019-10-01 13:27:01'),(36,'Скальпинг',5,'1996-12-07 23:34:01','2020-07-26 21:05:19'),(37,'Начать торговать',41,'1997-01-04 22:48:38','2005-10-14 07:27:38'),(38,'Зарубежные рынки',80,'2020-07-08 00:55:30','2020-07-26 21:05:19'),(39,'Зарубежные рынки',40,'2006-08-31 02:20:25','2012-02-09 03:04:38'),(40,'Скальпинг',73,'2015-06-23 13:03:25','2020-07-26 21:05:19'),(41,'Российские акции',17,'1986-08-05 08:35:25','2014-11-24 13:01:54'),(42,'Механические торговые системы',3,'2013-04-10 01:26:31','2014-05-19 18:40:05'),(43,'Зарубежные рынки',79,'1979-08-27 16:43:22','2020-07-26 21:51:16'),(44,'Механические торговые системы',43,'2003-05-19 02:51:35','2020-07-26 21:05:19'),(45,'Российские акции',19,'1986-10-12 17:19:30','2008-09-19 07:17:15'),(46,'Скальпинг',93,'1980-01-08 23:11:32','1997-06-15 09:02:39'),(47,'Срочный рынок',89,'2018-04-07 09:38:49','2020-07-26 21:05:19'),(48,'Инвестиционный портфель',75,'2000-02-03 14:59:28','2011-09-13 05:06:02'),(49,'Инвестиционный портфель',37,'1981-10-14 08:21:17','1982-05-25 21:35:51'),(50,'Российские акции',24,'2010-03-13 04:17:00','2010-12-02 17:26:05'),(51,'Инвестиционный портфель',23,'2019-04-12 01:11:48','2020-07-26 21:05:19'),(52,'Срочный рынок',31,'2011-01-15 09:56:03','2020-07-26 21:05:19'),(53,'Российские акции',90,'1993-02-19 09:39:31','2020-07-26 21:05:19'),(54,'Срочный рынок',91,'2007-09-22 22:05:16','2008-02-22 10:10:33'),(55,'Зарубежные рынки',32,'2012-08-26 03:57:26','2020-07-26 21:05:19'),(56,'Зарубежные рынки',64,'1994-08-29 00:26:54','2005-10-16 23:15:16'),(57,'Российские акции',29,'1979-12-30 20:12:30','1993-06-18 16:40:06'),(58,'Механические торговые системы',20,'1979-12-23 15:49:19','2020-07-26 21:05:19'),(59,'Механические торговые системы',96,'2009-03-04 19:25:36','2020-03-22 08:25:53'),(60,'Форекс',14,'1982-07-26 05:07:09','2020-07-26 21:05:19'),(61,'Срочный рынок',73,'1973-10-12 11:04:15','1993-01-18 18:22:33'),(62,'Фундаментальный анализ',35,'1985-09-20 23:29:29','2020-07-26 21:51:16'),(63,'Инвестиционный портфель',9,'2015-02-21 10:23:27','2020-07-26 21:05:19'),(64,'Срочный рынок',1,'2016-07-16 09:00:31','2020-07-26 21:05:19'),(65,'Форекс',26,'1999-11-17 19:02:43','2020-07-26 21:05:19'),(66,'Механические торговые системы',38,'1984-12-18 18:01:02','2020-07-26 21:05:19'),(67,'Форекс',69,'1996-07-25 01:29:35','1997-09-10 21:57:14'),(68,'Торговые роботы',29,'1970-02-28 17:08:49','1983-10-01 10:13:02'),(69,'Зарубежные рынки',68,'1987-09-10 15:19:46','2019-05-06 17:30:49'),(70,'Инвестиционный портфель',36,'2019-12-13 15:45:23','2020-07-26 21:05:19'),(71,'Зарубежные рынки',75,'1991-01-11 17:22:48','2020-07-26 21:51:16'),(72,'Скальпинг',31,'1970-03-24 05:16:23','1980-08-21 04:15:28'),(73,'Механические торговые системы',9,'1975-07-21 20:53:39','1989-07-15 12:40:45'),(74,'Форекс',3,'2016-02-27 09:16:07','2020-07-26 21:51:16'),(75,'Зарубежные рынки',63,'1972-04-04 06:15:12','1992-07-10 05:46:45'),(76,'Начать торговать',16,'2005-02-01 21:49:18','2020-07-26 21:05:19'),(77,'Российские акции',79,'1998-12-19 04:13:31','2015-12-25 14:09:29'),(78,'Технический аналаз',38,'1990-02-19 18:24:01','2008-03-24 05:59:37'),(79,'Срочный рынок',79,'1995-07-25 15:48:02','2020-07-26 21:51:16'),(80,'Инвестиционный портфель',100,'2018-11-25 18:26:28','2020-07-26 20:58:17'),(81,'Торговые роботы',31,'1991-08-29 21:29:38','2008-04-07 08:01:45'),(82,'Технический аналаз',48,'1980-04-15 08:20:47','2020-07-26 21:05:19'),(83,'Интрадей',4,'2001-07-07 07:40:57','2008-07-15 04:59:56'),(84,'Фундаментальный анализ',29,'1981-12-22 09:59:57','2010-07-27 02:42:30'),(85,'Торговые роботы',3,'1996-01-22 21:41:44','2009-08-23 16:42:54'),(86,'Торговые роботы',96,'1996-09-15 23:17:57','2020-07-26 21:05:19'),(87,'Торговые роботы',39,'2006-10-29 21:23:17','2017-10-16 14:56:45'),(88,'Механические торговые системы',70,'1974-08-09 19:43:18','2020-07-26 21:05:19'),(89,'Срочный рынок',100,'1983-06-27 04:42:08','2020-07-26 20:58:17'),(90,'Форекс',25,'1979-12-11 12:46:04','1996-07-25 18:38:38'),(91,'Интрадей',8,'1979-10-11 12:31:04','1990-05-09 21:46:32'),(92,'Торговые роботы',51,'1996-11-30 01:29:43','2020-07-26 21:05:19'),(93,'Срочный рынок',13,'2011-01-03 22:27:25','2012-01-27 22:53:07'),(94,'Начать торговать',95,'1972-10-17 18:26:44','1982-09-16 01:12:07'),(95,'Фундаментальный анализ',49,'1997-03-26 10:43:24','2012-01-20 10:14:23'),(96,'Скальпинг',7,'1981-12-16 12:17:29','2016-06-24 06:09:23'),(97,'Механические торговые системы',1,'1984-07-06 14:37:15','2008-10-05 13:35:33'),(98,'Торговые роботы',64,'1992-11-08 21:47:45','2006-03-23 00:40:12'),(99,'Механические торговые системы',54,'1983-09-05 23:52:01','1989-06-20 02:24:18'),(100,'Форекс',34,'1978-08-04 00:45:19','1983-11-23 08:12:19'),(101,'Интрадей',82,'2005-04-18 16:19:10','2008-11-26 04:14:42'),(102,'Начать торговать',31,'1985-06-09 04:06:22','1996-06-29 18:05:34'),(103,'Технический аналаз',35,'1986-12-26 19:09:44','1988-11-27 09:45:53'),(104,'Российские акции',16,'2012-01-20 16:12:46','2020-07-26 21:05:19'),(105,'Торговые роботы',100,'2011-11-25 02:21:52','2020-07-26 21:51:16'),(106,'Торговые роботы',74,'2007-04-12 17:09:10','2020-07-26 21:05:19'),(107,'Срочный рынок',3,'1976-11-28 15:17:14','1980-10-29 15:58:58'),(108,'Российские акции',100,'2011-02-03 16:58:07','2020-07-26 21:51:16'),(109,'Интрадей',18,'2013-02-12 15:08:43','2020-07-26 21:05:19'),(110,'Технический аналаз',23,'1974-08-12 17:08:43','1992-03-17 06:58:13'),(111,'Интрадей',1,'1991-06-20 10:16:27','2002-09-14 09:31:59'),(112,'Торговые роботы',60,'1972-12-31 07:45:29','2017-10-16 16:38:23'),(113,'Инвестиционный портфель',3,'2017-09-29 02:40:51','2020-07-26 21:05:19'),(114,'Фундаментальный анализ',60,'1979-01-14 15:53:19','2009-11-11 20:45:51'),(115,'Технический аналаз',97,'2020-06-02 19:23:37','2020-07-26 21:05:19'),(116,'Фундаментальный анализ',81,'2008-08-03 11:49:40','2017-04-03 04:48:52'),(117,'Торговые роботы',89,'1988-02-23 14:52:16','2010-06-10 09:19:10'),(118,'Инвестиционный портфель',26,'2004-12-18 07:11:53','2020-07-26 21:05:19'),(119,'Инвестиционный портфель',73,'1993-02-16 12:03:34','2000-12-12 14:45:26'),(120,'Форекс',81,'1984-05-22 18:17:49','1995-02-27 14:54:09'),(121,'Фундаментальный анализ',66,'1977-08-06 16:14:59','1995-07-23 09:39:59'),(122,'Интрадей',5,'1984-10-24 05:04:23','1990-02-10 13:54:00'),(123,'Скальпинг',67,'2015-06-01 05:46:32','2020-07-26 21:05:19'),(124,'Зарубежные рынки',95,'1996-01-24 14:41:04','2020-07-26 21:05:19'),(125,'Технический аналаз',37,'1981-07-10 12:57:30','2020-07-26 21:51:16'),(126,'Скальпинг',84,'1973-04-06 12:02:42','2004-07-31 14:16:58'),(127,'Срочный рынок',68,'2015-03-18 14:34:31','2018-12-10 17:29:43'),(128,'Зарубежные рынки',6,'1996-02-21 00:32:52','2020-07-26 21:05:19'),(129,'Начать торговать',60,'1970-06-29 10:48:38','1998-03-27 13:45:28'),(130,'Срочный рынок',8,'1982-12-03 02:12:23','1999-06-22 15:10:35'),(131,'Российские акции',99,'1991-04-17 08:22:56','2014-02-18 13:54:45'),(132,'Интрадей',99,'1998-07-21 20:48:34','2005-05-31 16:45:48'),(133,'Торговые роботы',55,'1993-02-24 09:41:23','2020-07-26 21:05:19'),(134,'Механические торговые системы',14,'1979-05-01 10:04:46','1993-04-19 00:00:41'),(135,'Начать торговать',59,'2008-11-16 21:32:20','2020-07-26 21:05:19'),(136,'Технический аналаз',24,'2010-08-23 17:44:27','2020-07-26 21:51:16'),(137,'Интрадей',44,'1986-01-13 04:30:52','1996-05-12 17:11:20'),(138,'Интрадей',28,'1993-12-19 09:13:35','2020-07-26 21:05:19'),(139,'Российские акции',22,'1986-01-05 13:18:08','2020-07-26 21:05:19'),(140,'Технический аналаз',75,'1988-03-24 21:38:34','2007-10-19 06:21:12'),(141,'Инвестиционный портфель',11,'1978-04-10 21:42:34','2020-07-26 21:05:19'),(142,'Инвестиционный портфель',98,'1973-05-30 02:48:42','1993-02-22 12:22:42'),(143,'Начать торговать',74,'1996-11-26 03:05:35','2020-07-26 21:05:19'),(144,'Скальпинг',79,'1996-01-28 22:16:12','2015-10-23 05:38:09'),(145,'Фундаментальный анализ',85,'1980-09-26 19:02:53','2019-09-29 22:30:58'),(146,'Зарубежные рынки',69,'2009-10-19 23:16:19','2020-07-26 21:05:19'),(147,'Инвестиционный портфель',94,'1973-10-06 20:57:54','1978-02-03 08:05:18'),(148,'Фундаментальный анализ',21,'2000-07-28 03:44:25','2002-12-14 12:17:08'),(149,'Технический аналаз',82,'2005-05-30 00:45:15','2020-07-26 21:05:19'),(150,'Интрадей',98,'2007-03-12 15:29:07','2020-07-26 21:05:19');
/*!40000 ALTER TABLE `interest` ENABLE KEYS */;
UNLOCK TABLES;

--
-- Table structure for table `messages`
--

DROP TABLE IF EXISTS `messages`;
/*!40101 SET @saved_cs_client     = @@character_set_client */;
/*!50503 SET character_set_client = utf8mb4 */;
CREATE TABLE `messages` (
  `id` int unsigned NOT NULL AUTO_INCREMENT COMMENT 'Идентификатор строки',
  `from_user_id` int unsigned NOT NULL COMMENT 'Ссылка на пользователя - отправитель',
  `to_user_id` int unsigned NOT NULL COMMENT 'Ссылка на пользователя - получатель',
  `text_message` varchar(255) CHARACTER SET utf8 COLLATE utf8_unicode_ci DEFAULT NULL COMMENT 'сообщение',
  `created_at` datetime DEFAULT CURRENT_TIMESTAMP COMMENT 'Время создания строки',
  `updated_at` datetime DEFAULT CURRENT_TIMESTAMP ON UPDATE CURRENT_TIMESTAMP COMMENT 'Время обновления строки',
  PRIMARY KEY (`id`),
  KEY `messages_from_user_id_fk` (`from_user_id`),
  KEY `messages_to_user_id_fk` (`to_user_id`),
  CONSTRAINT `messages_from_user_id_fk` FOREIGN KEY (`from_user_id`) REFERENCES `users` (`id`),
  CONSTRAINT `messages_to_user_id_fk` FOREIGN KEY (`to_user_id`) REFERENCES `users` (`id`)
) ENGINE=InnoDB AUTO_INCREMENT=61 DEFAULT CHARSET=utf8 COLLATE=utf8_unicode_ci COMMENT='Сообщения';
/*!40101 SET character_set_client = @saved_cs_client */;

--
-- Dumping data for table `messages`
--

LOCK TABLES `messages` WRITE;
/*!40000 ALTER TABLE `messages` DISABLE KEYS */;
INSERT INTO `messages` VALUES (1,53,60,'Dolor ipsum nesciunt dolorem ut vitae. Et molestiae consequatur in ipsa et ea tempora ipsam. Fuga nulla voluptatem animi officiis expedita voluptatum. Voluptas adipisci quaerat facere eligendi vitae.','1990-10-10 10:46:28','2000-05-16 11:28:06'),(2,45,77,'Laborum necessitatibus officiis mollitia. Dolor non sunt molestiae ut. Est accusantium voluptas eaque fugiat. Ut omnis labore expedita enim odit.','1989-08-07 12:05:25','1995-06-25 14:45:11'),(3,56,75,'Consequatur labore id nesciunt minima qui. Deleniti mollitia quod veniam maxime perferendis ea est. Et quidem atque culpa unde totam itaque. Unde inventore repellat hic officia magnam perspiciatis hic. Esse aut exercitationem qui nihil et culpa dolorem.','1977-07-23 20:31:17','2011-07-06 06:52:12'),(4,75,29,'Qui cupiditate commodi numquam nisi quidem voluptas. Cupiditate voluptate sapiente eos. Reiciendis id modi dolores doloremque ipsum provident. Quaerat omnis aut occaecati fugiat earum repellendus iure veritatis.','2013-11-22 04:37:34','2020-07-26 23:35:21'),(5,56,77,'Et laudantium at facilis libero praesentium autem veniam. Velit inventore culpa minus debitis distinctio est. Illo qui quia dolores et et ea.','1973-05-08 23:47:55','1991-07-20 22:34:51'),(6,68,93,'Est ut aut iusto. Quo aut debitis laboriosam rem expedita accusamus distinctio. Et maxime voluptatibus soluta vitae voluptas nobis dolores atque. Est voluptates fugiat quia tenetur. Et cumque et magni delectus nesciunt deserunt occaecati voluptas.','1972-10-05 07:43:20','1991-12-08 13:11:34'),(7,18,24,'Aut minima expedita vel consequatur. Quo consequatur sit nam eum. Placeat voluptas minima temporibus.','1975-05-01 23:27:25','2015-01-17 14:16:50'),(8,13,12,'Voluptatem rerum consequatur exercitationem in esse. Eum est atque velit aspernatur consectetur. Dolorem quidem dicta aliquam aliquid dicta.','1993-06-07 11:18:15','1999-09-26 17:20:59'),(9,44,80,'Aut inventore et saepe a facere iure nihil. Ea odio impedit occaecati atque atque non. Amet illo cum tempore aut culpa.','2006-03-13 16:59:16','2020-07-26 23:35:21'),(10,24,99,'Fuga magnam voluptatem rerum porro dolore reprehenderit. Deleniti ea qui dolorum reprehenderit expedita tempora. Debitis blanditiis labore harum doloremque. Omnis deleniti repellat nihil repudiandae.','1998-08-10 06:16:54','1999-06-01 08:50:46'),(11,64,55,'Dolor sequi fuga rerum dolor laudantium voluptas consequatur nobis. Eaque ut quia nisi quaerat facere exercitationem nihil. Et iure consequatur ratione facilis.','1987-09-02 20:54:03','2020-07-26 23:35:21'),(12,53,15,'Voluptatibus maiores distinctio expedita qui optio deserunt. Praesentium natus quibusdam laboriosam nihil fuga et ut. Totam molestiae quisquam ipsa fugiat.','2018-02-24 18:42:29','2019-10-21 15:11:43'),(13,96,67,'Quo et laboriosam omnis itaque qui et maxime. Voluptatibus et labore amet aut ipsum minima voluptates.','2009-08-23 03:08:34','2018-03-08 07:11:28'),(14,100,61,'Voluptatem nam et sit sit explicabo. Tempora velit inventore veniam quia. Dolores rerum voluptas aut reiciendis officiis voluptate assumenda. Consequatur aut assumenda et.','1973-10-11 06:11:34','1994-07-14 20:53:58'),(15,64,79,'Ab sed unde ipsam et ad. Sunt aperiam recusandae laboriosam a ullam voluptatem. Ex consequuntur voluptatibus sit quia commodi eligendi aliquid. Accusantium voluptatum enim minus perspiciatis. Recusandae laudantium temporibus expedita voluptatum accusamus ','2002-11-18 02:33:19','2020-07-26 23:35:21'),(16,92,82,'Illo dolore non similique. Distinctio itaque tenetur voluptatem tempora commodi. Corporis perferendis dolorem in doloribus.','2001-07-01 22:12:21','2002-03-03 10:02:08'),(17,43,21,'Doloremque sunt sint est et alias optio sint. Ipsam officia aut accusamus officiis debitis ducimus. Voluptatem autem et dolor placeat nulla voluptates nobis. Recusandae incidunt nesciunt odit libero omnis qui enim. Eos neque deserunt reiciendis qui perfer','1976-01-02 02:58:55','1987-02-21 15:02:18'),(18,21,66,'Unde omnis officia aliquid corporis consectetur nihil. Dolor sunt provident aut quia ipsam optio modi. Explicabo velit ut accusantium tempore iste aspernatur.','1973-03-09 20:26:36','1984-10-01 14:10:19'),(19,90,59,'Nihil voluptatem voluptatem eveniet laboriosam laudantium unde. Qui ut qui occaecati est quibusdam placeat alias nesciunt. Quaerat aut fugit nisi dicta eius quos unde. Sit sequi officiis fugit ut incidunt non.','1981-03-23 00:27:46','2020-07-26 23:35:21'),(20,20,34,'Sed magnam voluptates delectus voluptatem sequi. Aut repellat at officia soluta et nihil amet. Illo impedit ut eius vitae. Tempore et animi assumenda quos. Ipsa tenetur illo sunt et fugit explicabo sed.','1994-05-20 11:03:00','2004-02-25 14:47:11'),(21,1,74,'Laborum veniam sed repellendus mollitia in. Sed iure expedita ad placeat consequatur est ut. Recusandae magni ipsa aliquid est quae ut placeat. Quo voluptatem quia unde vero inventore illo.','2018-03-11 20:29:12','2020-07-26 23:35:21'),(22,9,38,'Dolorem velit explicabo nulla rerum recusandae reiciendis fugiat. Voluptates ducimus quia suscipit quibusdam ut eum. Non laudantium quae porro vero blanditiis.','2003-08-28 09:56:24','2017-08-11 23:58:21'),(23,37,86,'Corrupti commodi voluptas rerum unde beatae hic. Necessitatibus eos harum et assumenda fuga nobis.','1976-12-29 13:40:11','1983-08-23 22:32:45'),(24,73,11,'Ducimus odio nesciunt ab quia. Autem optio dolorum blanditiis eos architecto quisquam. Quia ducimus voluptates molestiae natus. Velit cum voluptatem atque aut.','2014-08-01 07:18:24','2020-07-26 23:35:21'),(25,5,25,'Optio non quae et magni. Sed quam odio repudiandae nam nemo. Expedita laboriosam quia quas.','1999-02-26 16:59:17','2020-07-26 23:35:21'),(26,95,86,'Eligendi quia incidunt illum dolores velit eum non. Et nulla suscipit explicabo possimus quis. Quia voluptas nobis omnis numquam similique quae.','1995-01-24 06:42:21','2020-07-26 23:35:21'),(27,28,68,'Veniam ex nulla unde voluptas et et eos. Enim quia iure sit eveniet commodi occaecati facilis cupiditate. Asperiores quae nesciunt incidunt sit. Quaerat unde ullam consequatur enim voluptatem error. Quae asperiores illo exercitationem magni praesentium ei','1990-07-12 22:59:49','2006-07-08 14:26:16'),(28,100,15,'Quia itaque esse modi eum dolorem ut. Et quia ea porro non sint. Totam est ut velit explicabo.','2016-06-07 06:48:10','2020-07-26 23:35:21'),(29,13,64,'Eveniet voluptatibus sed quibusdam ut. Possimus dignissimos repellendus et quos eaque maiores quia. Odit magni laboriosam quaerat quibusdam eveniet esse.','2003-10-02 23:02:27','2020-07-26 23:35:21'),(30,51,66,'Pariatur unde voluptatem dignissimos voluptatum nesciunt sit ut. Ut officiis non voluptas impedit eligendi nostrum maiores. Vero ab repellendus nihil eveniet.','2010-03-27 09:08:29','2020-07-26 23:35:21'),(31,42,31,'In omnis autem animi omnis accusamus asperiores quidem. Fugiat non dignissimos saepe odit et. Enim qui enim qui. Eius ex saepe assumenda ratione voluptatem.','2002-05-06 05:47:17','2007-02-04 08:41:04'),(32,6,4,'Mollitia veniam officia qui id. Voluptas et sit ut. Quia modi consequatur culpa et molestias et exercitationem.','1983-01-29 06:30:50','2020-07-26 23:35:21'),(33,23,11,'Commodi illo ea quidem rerum. Quo ut distinctio minus ea laboriosam. Commodi soluta consequuntur quo officiis tempora.','2011-07-21 06:37:21','2020-07-26 23:35:21'),(34,6,83,'Vitae et consequatur doloremque ea tempore voluptas unde. Et veritatis aliquid cumque minus ea perferendis et.','1993-03-14 13:19:22','2020-07-26 23:35:21'),(35,62,15,'Molestias qui aut et soluta hic ut rem animi. Magni ab voluptatibus voluptatem. Reprehenderit soluta et tenetur necessitatibus.','1996-01-01 13:30:16','2004-07-09 21:16:17'),(36,76,36,'Ipsam enim voluptatibus quis rerum. Dolores omnis sint amet placeat quaerat. Quod maiores ea non fuga molestiae amet. Tempore sequi ad doloremque quaerat impedit doloribus autem.','2006-12-07 08:49:10','2020-07-26 23:35:21'),(37,47,97,'Deserunt eum atque fuga reprehenderit at minima nostrum qui. In odit minus error et eligendi nisi. Nulla corporis velit maiores commodi.','2003-02-04 09:35:03','2003-04-23 10:46:35'),(38,91,64,'Illo ducimus et dolor provident ut aut. In qui facere assumenda rerum qui quaerat. Omnis optio ex et in voluptatibus temporibus. Iste illum vero odit sit dolores.','1973-02-10 07:35:45','1988-11-28 15:10:40'),(39,74,50,'Et nihil minus nisi officiis dolore. Est cupiditate sed quis et sed. Sit sapiente repellat est culpa odit rerum in. Et accusantium ullam ipsa quia praesentium.','1971-03-08 03:33:46','2012-03-05 22:34:03'),(40,41,8,'Consequuntur harum doloribus occaecati ut quis cupiditate. Modi necessitatibus itaque et voluptas quia ut iure. Voluptatum praesentium enim fuga sequi.','1983-02-16 10:18:08','2010-06-09 18:14:25'),(41,50,33,'Error sunt fuga quos sint sunt error aut. Enim illo odio soluta dicta perspiciatis aliquid qui veniam. Et assumenda dignissimos qui quae.','2018-01-28 08:01:21','2020-07-26 23:34:34'),(42,7,18,'Asperiores accusamus fugiat laboriosam expedita reiciendis debitis. Fuga harum ipsam qui eaque laudantium et nobis. Magnam enim qui soluta nisi at.','2013-11-19 14:35:16','2020-07-26 23:35:21'),(43,87,45,'Repellendus unde quibusdam fugit aut in aperiam. Facilis veniam aut ut. Rerum itaque qui autem eligendi iusto. Sit sunt et veniam blanditiis perspiciatis et ut.','1979-03-25 03:14:25','1987-11-16 19:36:32'),(44,77,47,'Est libero odio laborum maxime velit debitis in qui. At vel impedit fuga nobis. Quam et delectus dolorem libero non laboriosam sint.','2015-07-10 14:37:11','2020-07-26 23:35:21'),(45,80,76,'Doloremque ad qui doloremque. Ut ad ea fugit. Qui et impedit eos aut nihil doloribus illum. Repellendus voluptas alias repudiandae aperiam deserunt quisquam.','2009-03-10 02:51:49','2020-07-26 23:35:21'),(46,38,66,'Distinctio occaecati libero quis quia nihil. Omnis reprehenderit impedit labore.','2016-04-12 14:29:52','2020-07-26 23:35:21'),(47,93,81,'Eaque sed nulla quae tempora ipsum quas. Odio sunt perspiciatis hic error voluptatem qui. Ut quia ducimus maiores qui voluptatem. Sed quia provident architecto et.','2001-07-20 05:02:49','2020-07-26 23:35:21'),(48,88,7,'Est tempora voluptates cumque aut ut quidem. Omnis omnis eum molestiae praesentium. Est consectetur molestiae minima exercitationem.','1974-03-19 03:16:26','1983-01-06 23:32:22'),(49,43,80,'Suscipit voluptatem sed magnam quidem reprehenderit atque ea. Delectus vero perspiciatis ea harum.','2001-04-02 09:11:45','2020-07-26 23:35:21'),(50,9,10,'Ducimus non minus voluptate consequuntur repellat. Et sunt nisi aliquid neque ullam ex reiciendis. Et sint non eos recusandae recusandae fugit sit cumque. Aut voluptas ut ut voluptatem.','1995-04-08 16:41:21','2020-07-26 23:35:21'),(51,59,70,'Harum perspiciatis totam id ut in recusandae ea incidunt. Natus iusto ducimus voluptas autem id non sed. Praesentium sed ut aut qui est.','2011-10-06 13:15:54','2020-07-26 23:35:21'),(52,58,80,'Et dicta consequuntur qui itaque quo. Non qui accusantium quam repellat tempora facere. Itaque dolore dolorem voluptatem reprehenderit maiores tenetur. Et delectus fuga corporis sunt. Iste enim deleniti cupiditate velit aut.','1986-05-08 02:09:13','2008-11-01 10:55:43'),(53,82,66,'Cum earum natus iusto. Quia est temporibus animi error sit. Numquam molestias quasi eligendi illum a id. Facilis autem voluptas inventore.','1977-01-18 00:32:49','2009-04-26 13:06:55'),(54,12,54,'Atque placeat sunt aut vel quasi et aliquid. Voluptatem qui repellat quis. Blanditiis qui a assumenda omnis. Aspernatur ea necessitatibus laboriosam ad.','1979-06-04 00:47:23','2005-06-27 06:11:58'),(55,53,59,'Quos incidunt maiores officiis consequatur incidunt dolore. Sed quia non alias incidunt. Est consectetur quidem dolorem est deserunt.','1972-02-04 08:24:17','1990-07-26 12:43:36'),(56,29,81,'Sunt aut quae dolore dolore repudiandae. Soluta ducimus illo illum suscipit. Sapiente nulla quis est laborum. A sed ut quaerat temporibus cum placeat explicabo. Quia nobis dolorem maxime ab aut harum perferendis.','1979-12-29 02:38:10','2003-04-30 15:41:08'),(57,72,77,'Non voluptatibus odit ipsam voluptas aut nihil. Tempore perspiciatis expedita facere alias maxime rerum quas minima. Aperiam saepe ad et necessitatibus.','1983-08-28 06:51:49','2011-08-23 01:14:21'),(58,31,6,'Qui est laboriosam quo. Et rerum nesciunt quam recusandae. Doloremque ad assumenda tenetur corrupti error in dolorem. Magni doloribus ducimus exercitationem eos magni repudiandae.','2014-02-06 10:55:14','2019-04-12 12:30:19'),(59,76,10,'Velit ut numquam et aspernatur sed eius. Cupiditate sunt facilis aut voluptatum beatae ea.','1977-08-02 05:42:40','2006-10-22 22:45:35'),(60,55,73,'Deserunt autem enim reiciendis ut et dignissimos. Voluptatem neque repudiandae esse. Repudiandae quos aut provident consequuntur est aperiam.','1972-12-22 19:30:57','1974-10-04 20:18:14');
/*!40000 ALTER TABLE `messages` ENABLE KEYS */;
UNLOCK TABLES;

--
-- Table structure for table `profiles`
--

DROP TABLE IF EXISTS `profiles`;
/*!40101 SET @saved_cs_client     = @@character_set_client */;
/*!50503 SET character_set_client = utf8mb4 */;
CREATE TABLE `profiles` (
  `user_id` int unsigned NOT NULL COMMENT 'Ссылка на пользователя',
  `first_name` varchar(100) CHARACTER SET utf8 COLLATE utf8_unicode_ci NOT NULL COMMENT 'Имя пользователя',
  `second_name` varchar(100) CHARACTER SET utf8 COLLATE utf8_unicode_ci NOT NULL COMMENT 'Фамилия пользователя',
  `last_name` varchar(100) CHARACTER SET utf8 COLLATE utf8_unicode_ci NOT NULL COMMENT 'Отчесво пользователя',
  `birthday` date DEFAULT NULL COMMENT 'Дата рождения',
  `gender` char(1) CHARACTER SET utf8 COLLATE utf8_unicode_ci NOT NULL COMMENT 'Пол',
  `phone` varchar(100) CHARACTER SET utf8 COLLATE utf8_unicode_ci NOT NULL COMMENT 'Телефон',
  `aboute_my` varchar(255) CHARACTER SET utf8 COLLATE utf8_unicode_ci DEFAULT NULL COMMENT 'о себе',
  `aboute_work` varchar(100) CHARACTER SET utf8 COLLATE utf8_unicode_ci DEFAULT NULL COMMENT 'род занятий',
  `aboute_stock` varchar(100) CHARACTER SET utf8 COLLATE utf8_unicode_ci DEFAULT NULL COMMENT 'о фондовом рынке',
  `created_at` datetime DEFAULT CURRENT_TIMESTAMP COMMENT 'Время создания строки',
  `updated_at` datetime DEFAULT CURRENT_TIMESTAMP ON UPDATE CURRENT_TIMESTAMP COMMENT 'Время обновления строки',
  PRIMARY KEY (`user_id`),
  UNIQUE KEY `phone` (`phone`),
  CONSTRAINT `profiles_user_id_fk` FOREIGN KEY (`user_id`) REFERENCES `users` (`id`) ON DELETE CASCADE ON UPDATE CASCADE
) ENGINE=InnoDB DEFAULT CHARSET=utf8 COLLATE=utf8_unicode_ci COMMENT='Профили';
/*!40101 SET character_set_client = @saved_cs_client */;

--
-- Dumping data for table `profiles`
--

LOCK TABLES `profiles` WRITE;
/*!40000 ALTER TABLE `profiles` DISABLE KEYS */;
INSERT INTO `profiles` VALUES (1,'Ramona','Kristin','Howe','1991-12-14','w','552-672-5271x653','Soluta atque libero aliquid ex rem.','Et nobis sint rerum fugiat.','Unde amet explicabo magnam.','2016-12-20 12:29:39','2020-07-26 20:53:35'),(2,'Faye','Kaya','Grimes','1980-01-18','m','1-571-142-2867x580','Et omnis neque ullam aliquam est commodi voluptas.','Temporibus modi vel maiores cum.','Est expedita omnis tempora aut veniam unde.','2002-07-24 16:39:48','2015-04-09 09:37:15'),(3,'Geovany','Myrtie','Effertz','1984-08-25','w','670.431.7252','Quam dolor occaecati corrupti est.','Est ducimus qui sunt quia in molestias harum fugit.','Asperiores laborum a quidem dolor cumque quaerat ipsa tenetur.','1980-10-14 07:50:53','2001-12-28 06:48:12'),(4,'Madelyn','Ines','Cummings','1998-08-19','w','1-805-480-9122','Mollitia blanditiis voluptas a accusamus nam beatae.','Occaecati possimus tempore facere quas minus.','Veritatis illum dolorem aspernatur ducimus est.','2008-07-01 01:05:28','2016-07-27 09:29:03'),(5,'Kariane','Helen','Casper','1996-01-14','w','147.084.8563x713','A quia rem repellendus quam sit temporibus.','Et labore nulla incidunt corporis adipisci vero omnis.','Amet voluptas ab sed voluptas autem minima exercitationem.','2010-06-20 11:17:28','2019-12-12 22:18:36'),(6,'Adonis','Millie','Doyle','1983-09-08','w','211.076.1322x2639','Maiores beatae odio minus quis voluptatem dolores.','Iure aperiam doloribus perspiciatis.','Recusandae suscipit laudantium dolor iure aut.','1992-05-21 07:09:00','2020-07-26 20:53:35'),(7,'Houston','Nola','Weimann','1982-01-31','m','(452)833-8675x86520','In esse enim quia tenetur modi.','Vero commodi officiis quod reiciendis.','Aut eum a voluptas recusandae.','2018-04-25 19:31:47','2020-07-26 20:53:35'),(8,'Jailyn','Ona','Adams','2007-01-07','m','(468)560-4237x16299','Aut exercitationem dolor est officia laborum.','Quisquam sed iure explicabo tempore corrupti voluptas.','Deleniti est sit qui molestiae magni aut odio.','2014-05-12 04:53:49','2020-07-26 20:53:35'),(9,'Johnny','Kylee','Mueller','2017-11-17','m','(756)623-4920','Vero et minima architecto fugit laboriosam quasi.','Quaerat id vitae sequi ut.','Expedita deserunt facere eligendi et vitae ad qui.','1983-07-16 23:14:13','1992-05-02 05:17:15'),(10,'Tyshawn','Virgie','Wolff','2007-11-01','m','1-011-656-7704','Non sunt et qui et eos qui.','Qui accusamus non ut consectetur necessitatibus.','Ipsa veniam voluptatem atque.','1994-02-12 22:55:16','2020-07-26 20:53:35'),(11,'Dawson','Krista','VonRueden','1995-11-07','m','(309)904-7471x7250','Dicta fugit quis autem dolorum aspernatur molestias.','Odio quis numquam et tempore.','Et nihil voluptas et facilis.','2013-05-30 01:57:43','2020-07-26 20:53:35'),(12,'Avis','Harmony','Mills','2001-05-18','m','764.901.0357','Quos et id incidunt.','Voluptatem et id sapiente eius consequatur voluptatum.','Voluptatem et odio facere assumenda.','1987-04-12 19:21:01','2010-11-14 17:33:06'),(13,'Frankie','Queenie','Raynor','2000-02-11','w','(898)138-1169x38465','Sint sunt incidunt et dolores velit earum delectus.','Facere accusantium voluptate quia minus eaque enim.','Alias illum debitis doloremque repellendus blanditiis.','1992-09-23 02:59:10','2000-06-01 08:28:28'),(14,'Ansley','Mafalda','Dickinson','1996-07-02','w','(894)901-9754x8617','Nulla in corporis repudiandae maiores.','Labore facilis non aut eius minus voluptas culpa.','Possimus soluta et ut architecto fugit quasi incidunt sapiente.','1978-07-30 10:25:07','2020-07-26 20:53:35'),(15,'Hailie','Albina','Robel','1986-12-19','m','958-489-5811x3765','Temporibus asperiores voluptas quia qui porro.','Est sunt et aliquam cum quasi occaecati.','Omnis quo rerum ipsam ipsam non fugit.','1980-08-22 01:41:22','2011-05-28 22:44:27'),(16,'Haven','Jolie','Gottlieb','2004-12-14','m','1-553-918-1302x109','Suscipit corporis quia expedita sed.','Corporis doloribus omnis et ab repudiandae.','Qui omnis earum dolorem id et nihil.','1984-06-14 13:25:31','2002-10-30 20:02:31'),(17,'Khalil','Deja','Wisozk','2002-04-15','m','1-640-528-1354','Quidem quis explicabo hic et.','Rerum quia qui autem magni fugit vitae.','Aut perferendis ut omnis enim cum.','1987-09-24 07:45:08','1997-06-19 12:50:24'),(18,'Alexandro','Shyann','Kling','1977-08-18','m','735.742.0230x759','Quisquam laudantium illo ut magni ad et ex fugit.','Dolorem asperiores a voluptate et qui at suscipit.','Vitae quas aliquam voluptatem sed doloremque consectetur esse aut.','1979-09-26 17:45:37','1995-01-30 12:21:24'),(19,'Kristina','Lue','Ullrich','1992-03-13','m','830-396-1137x0560','Sint qui quisquam molestiae rerum voluptatum.','Doloribus esse velit nulla accusantium aut voluptates corrupti.','Dolores et repellat quos aut doloribus itaque accusantium.','1985-02-08 08:57:37','2001-04-14 06:23:09'),(20,'Verlie','Velva','Frami','1988-06-09','m','388-454-3191','Necessitatibus amet natus et mollitia.','Dolores voluptatem aut doloribus dolor placeat sed.','Veritatis similique eum sunt deserunt iure.','2002-06-16 20:00:15','2020-07-26 20:53:35'),(21,'Augusta','Ebba','D\'Amore','1985-11-29','w','384.764.9259','Ipsam nam hic illum rerum earum animi debitis.','Facilis error omnis ut voluptatum alias accusamus iusto culpa.','Quia doloribus molestias sed repudiandae repellendus aperiam.','1996-06-14 18:55:03','2001-06-26 15:50:45'),(22,'Isadore','Madonna','Streich','1995-03-20','m','572-613-2800x178','Aut velit quis deleniti inventore et ipsam.','Suscipit quibusdam itaque dolor vel.','Nulla iusto reprehenderit voluptatibus doloribus explicabo.','2013-04-09 02:02:11','2020-07-26 20:53:35'),(23,'Monty','Annette','Kessler','1990-10-16','w','392.012.9085x3677','Sunt deleniti ut et placeat.','Porro corporis modi voluptatibus totam non qui sit.','Voluptas sunt autem quo excepturi consequatur.','2015-10-13 20:35:06','2020-07-26 20:53:35'),(24,'Cory','Adelle','Stanton','1979-09-18','w','(521)249-4307','Doloribus perferendis ipsum sit est magnam sint.','Consequatur aliquid aliquid est id.','Accusamus officiis animi consectetur totam odio corrupti labore.','1973-10-23 22:32:00','1973-12-20 11:27:09'),(25,'Zelda','Adele','Kuhlman','2002-07-18','m','216-030-1478','Id assumenda omnis sit labore nostrum et.','In omnis qui asperiores quidem deserunt qui error debitis.','Ullam aspernatur sunt et dignissimos dolor nam.','1972-10-01 12:29:37','2016-10-04 10:54:42'),(26,'Heber','Vanessa','Larson','1987-09-29','m','425-627-2592x924','Ut temporibus a aut.','Omnis aut doloremque tempora.','Ipsa et quas natus et consequatur neque.','2016-04-24 08:34:44','2020-07-26 20:53:35'),(27,'Justen','Ardith','Kozey','2012-07-18','m','00906930892','Neque harum et aut quae dicta.','Et voluptatem ut sapiente ipsa iure dolores animi.','Voluptatem autem non illum necessitatibus.','1976-10-07 19:53:30','2019-07-11 04:29:08'),(28,'Consuelo','Chelsea','Metz','2009-06-08','w','875.547.5123','Incidunt aperiam dolor fuga aut ut rerum.','Dicta harum qui dolore et.','Asperiores aut accusantium sunt expedita quia.','2011-12-19 07:46:59','2015-05-03 12:03:23'),(29,'Bertrand','Agustina','Treutel','1992-07-16','m','(421)169-9325x66669','Sunt quia quibusdam aliquam necessitatibus.','Consequatur commodi dolor rerum.','Labore ab et qui est.','2016-05-25 12:54:23','2020-07-26 20:53:35'),(30,'Ferne','Katheryn','Rempel','1986-01-18','w','(211)152-3491x6851','In et reprehenderit tempora est sint.','Modi praesentium modi laborum et eius.','Officia soluta laboriosam id exercitationem quos repudiandae aut.','1991-05-18 23:35:19','2020-07-26 20:53:35'),(31,'Fannie','Monique','Fisher','1995-05-24','w','(577)135-7649x821','Voluptatem numquam hic suscipit illo non non enim.','Ut culpa suscipit sunt animi voluptates delectus soluta.','Doloribus suscipit vel perspiciatis expedita quasi impedit.','2013-01-14 13:42:24','2020-07-26 20:53:35'),(32,'Green','Ila','Hudson','2010-07-13','w','644-428-6454x11335','Ea dolore placeat architecto maxime voluptates error.','Enim eum reprehenderit ratione cupiditate.','Quis voluptatem vero voluptatum quia placeat nemo aut.','2008-01-20 19:50:02','2020-07-26 20:53:35'),(33,'Eveline','Caterina','Fadel','2015-02-10','m','(609)609-2104','Autem dolore qui ex accusantium error enim.','Exercitationem est incidunt ratione est.','Et voluptatem perferendis et non iste atque maiores.','1999-08-02 22:01:52','2012-01-24 02:36:12'),(34,'Kylie','Elaina','Robel','2001-03-05','w','(425)259-2628x93483','Nihil suscipit natus tempore aliquid.','Ea nihil modi laudantium doloremque nihil nesciunt culpa.','Voluptas nobis natus impedit quis omnis autem.','1975-05-15 15:17:44','1977-03-27 01:45:30'),(35,'Antonina','Angelica','Lemke','1989-09-09','m','+81(6)5776381627','Non occaecati nihil accusantium possimus ipsa soluta quo exercitationem.','Consequatur quis ea eaque odit.','Harum et consequuntur iste dolorem magnam veritatis.','2015-12-16 15:06:35','2020-07-26 20:53:35'),(36,'Jermaine','Jody','Reinger','2015-09-08','w','1-047-620-3647x02510','Pariatur deserunt magnam modi porro similique optio accusamus.','Ut illum nesciunt vel.','Velit eos veniam nihil aperiam voluptatem.','1975-01-24 08:44:02','2005-03-31 04:13:06'),(37,'Stone','Dejah','Renner','1971-02-28','w','316.787.4076x1028','Voluptatum dolor voluptas sapiente debitis vel dignissimos velit.','Accusamus et corrupti ex nihil sint est.','Qui magnam optio quae ut est iure rerum possimus.','2017-07-13 09:02:13','2020-07-26 20:53:35'),(38,'Connor','Odessa','Keeling','1973-02-17','w','+06(0)9183167010','Distinctio consequatur voluptas porro sunt fuga.','Nesciunt quia sed non dolor dolores ipsa.','Aut quis ipsum dolor beatae amet.','2001-12-08 17:00:29','2020-07-26 20:53:35'),(39,'Micheal','Maurine','Friesen','2010-01-28','m','888.596.0670x081','Qui vitae vitae enim suscipit molestiae reiciendis.','Laboriosam id autem odit.','In velit architecto eum nemo ipsum.','2002-05-31 00:22:49','2020-07-26 20:53:35'),(40,'Josiane','Odessa','Glover','2008-06-10','w','583-937-1519','Soluta earum impedit illo rerum sit.','Eius dolores iste est sint sed.','Ratione autem quis eos qui optio eveniet ea.','1991-05-08 11:31:26','2014-12-19 13:49:46'),(41,'Delphia','Myrna','Skiles','2017-08-12','w','525-132-9124x91396','Quae tenetur dolorum blanditiis qui.','Exercitationem aut perspiciatis et.','Omnis aut eos voluptatem molestiae in neque praesentium.','1985-03-07 12:18:11','2020-07-26 20:53:35'),(42,'Gregg','Tara','Beahan','1990-08-31','m','746.064.4619','Qui consequatur ducimus cumque consequatur dolorem ipsum.','Consequatur molestiae magnam quisquam qui et aperiam fugit.','Molestias et dolor est animi.','1982-02-14 00:41:43','2020-03-24 06:26:10'),(43,'Annalise','Kelli','Blanda','1989-05-13','m','1-059-386-6220x93939','Et ratione nemo vero consequuntur.','Omnis atque id omnis ex dignissimos quod.','Suscipit natus ipsum dolorum.','1978-10-03 10:49:00','2020-07-26 20:53:35'),(44,'Emerson','Madie','Jones','1989-08-29','m','074.099.3980','Nobis porro laudantium autem dignissimos voluptatum dicta at.','Eius officia aut sunt tempore.','Vitae harum aut voluptatem suscipit.','2000-01-01 05:07:26','2007-07-15 21:11:05'),(45,'Joana','Raegan','Beer','1979-01-31','w','631.596.3614x7703','Facere nihil ullam perspiciatis in.','Consequuntur animi suscipit iure molestiae impedit placeat est.','Odit temporibus consequatur sapiente iusto.','1995-04-16 13:25:44','2020-07-26 20:53:35'),(46,'Jayme','Rebeca','Wehner','2007-09-15','m','08559260820','Ratione ipsa distinctio minima inventore.','Voluptas aut sed enim in.','Molestias doloremque facilis doloribus odit autem esse iusto velit.','2010-10-29 04:54:15','2020-07-26 20:53:35'),(47,'Kaia','Teresa','Schuster','1982-08-19','m','(955)897-8901','Architecto labore modi qui pariatur facilis qui voluptate.','Itaque error vel omnis nulla.','Ab nulla debitis error eveniet quibusdam.','2020-01-21 18:02:23','2020-07-26 20:53:35'),(48,'Alisha','Loyce','Hettinger','1972-11-13','w','817.149.9524x042','Quis cum corporis repudiandae voluptas.','Est non non fuga dolorum error dolores.','Velit exercitationem velit laudantium alias qui qui sunt.','2003-02-27 15:03:30','2020-07-26 20:53:35'),(49,'Bailee','Esperanza','Beier','1990-12-04','m','085.140.4495x41914','Nemo cum ipsa reprehenderit.','Sint expedita saepe nesciunt.','Et voluptas odio quod maiores nostrum.','2018-08-29 07:23:34','2020-07-26 20:53:35'),(50,'Marilyne','Kaylah','Tromp','1977-01-01','m','(854)903-3504x885','Rem est ea laboriosam fuga.','Molestiae velit eum cum nisi sed pariatur ut eligendi.','Hic et qui unde quia autem animi.','1987-02-16 18:18:55','2003-07-31 20:17:18'),(51,'Jamar','Adelle','Blick','1993-04-06','m','270-425-1733x4808','In necessitatibus fuga praesentium et eius.','Totam omnis in voluptas nostrum suscipit cupiditate.','Sapiente sunt repellat quod tempore aut debitis.','2007-08-04 03:53:14','2010-03-11 19:55:12'),(52,'Janae','Lempi','Yost','2001-08-23','m','420.234.8720x8278','Est omnis quidem sit hic hic illo eveniet facilis.','Quis minus ipsam ullam praesentium delectus sint.','Vitae nihil non repellendus sint veniam.','2003-03-27 14:39:39','2014-07-16 12:05:18'),(53,'Sherwood','Elfrieda','Turcotte','1972-09-10','m','(929)729-3873x44259','Sed aliquam qui eius doloremque.','Nobis vero voluptate ab laudantium qui.','Soluta quia earum voluptatibus unde aut reiciendis numquam.','2002-05-30 06:26:06','2017-11-14 01:21:15'),(54,'Ava','Bernice','Herman','2007-11-30','w','123-624-0649','Voluptatem minima deleniti at quas.','Commodi reprehenderit eligendi eos et aut.','Nemo ut possimus quam autem exercitationem iure ut.','2000-10-11 22:50:32','2020-07-26 20:53:35'),(55,'Salma','Juliet','Bechtelar','2008-09-09','w','1-205-915-8189x46639','Sed ab soluta ut.','Voluptatem optio consequatur deserunt eius.','Tenetur nobis nihil officia et repellat.','1975-05-08 13:25:58','1998-12-08 17:20:42'),(56,'Urban','Hettie','Barton','1990-04-22','m','674-820-5895x310','Asperiores quis at omnis voluptatem nulla rem quasi explicabo.','In vel nam iure fugiat modi.','Ab ipsa ipsam corrupti natus porro.','1995-03-28 17:54:55','2020-07-26 20:53:35'),(57,'Ali','Tressa','Bashirian','2009-02-18','w','223.334.1828','Dolorem est velit non eos perferendis.','Tenetur quia omnis qui.','Cupiditate quisquam consequatur et ratione est voluptatem ullam.','2010-09-22 01:56:24','2020-07-26 20:53:35'),(58,'Antoinette','Citlalli','Schimmel','1985-10-24','w','04041453594','Et laborum rerum qui commodi adipisci mollitia est.','Eum facere velit accusamus natus molestiae harum molestias.','Voluptas perspiciatis expedita cumque ipsa.','2019-02-06 05:27:56','2019-12-26 23:30:32'),(59,'Maximilian','Tiana','Jaskolski','2009-08-01','m','+58(3)3224835880','Occaecati delectus consectetur unde velit ut totam.','Soluta id in est veritatis autem alias.','Nostrum excepturi consequatur qui tempore ab eos rem consectetur.','1999-04-20 08:07:40','2020-07-26 20:53:35'),(60,'Fatima','Bernadette','Padberg','1993-10-24','w','071.642.6820','Facere qui sunt quia dolorem eaque quae.','Asperiores ullam excepturi ad expedita laboriosam velit.','Tenetur quaerat saepe dolore iste.','2016-10-08 15:12:33','2019-12-01 20:21:40'),(61,'Luther','Aniya','Graham','1980-12-03','m','406.117.9325x608','Et et nulla velit dignissimos voluptatem.','Placeat hic expedita tempore.','Qui amet commodi eligendi rem repudiandae eligendi repellendus.','1983-01-24 05:13:08','1984-09-11 11:03:48'),(62,'Molly','Juliana','McCullough','1976-03-18','w','194.870.5673','Ut omnis blanditiis dolorum quisquam unde id molestias.','Qui numquam delectus ipsa ut dolores.','Est voluptatem aut voluptatum quam aliquam.','2020-03-26 04:56:05','2020-07-26 20:53:35'),(63,'Kendra','Cassie','Lynch','1979-10-12','w','1-523-599-6694x930','Tempora porro rerum sequi officia odio aut eligendi.','Rerum in quos saepe dolorem in aspernatur voluptas libero.','Et possimus ut non.','1980-10-03 22:59:10','2008-03-19 02:30:43'),(64,'Romaine','Emmanuelle','Heidenreich','1979-02-10','m','06785759853','Numquam id non qui iure omnis autem.','Delectus voluptatibus eos mollitia dolores ducimus et minima.','Inventore sint tempora blanditiis explicabo dicta.','1972-04-14 22:06:12','1984-10-30 22:35:50'),(65,'Kendall','Sadye','McClure','1973-11-29','m','(811)048-4178x815','Corrupti quae temporibus quia quod a non aut.','Consequatur impedit quis ut necessitatibus numquam est.','Consequatur laboriosam in ut tenetur laborum.','1993-08-06 06:50:38','2020-07-26 20:53:35'),(66,'Burdette','Maud','Bins','2013-09-04','w','(450)178-3066x0138','Sint debitis vel aliquid quos laboriosam.','Sed ipsa porro rerum voluptatem voluptas.','Sunt veniam incidunt incidunt dolores.','2014-08-28 11:35:26','2020-07-26 20:53:35'),(67,'Moses','Polly','White','1993-11-21','w','1-039-143-1858','Velit velit repellendus vero adipisci.','Suscipit dolore quidem adipisci maxime ea.','Ab et eaque dignissimos officia sed.','2001-12-03 12:36:40','2020-07-26 20:53:35'),(68,'Jayden','Vincenza','Feil','2008-01-07','w','936.182.1854x88349','Facere ea nulla minima distinctio distinctio repellat quia perspiciatis.','Cupiditate sit aliquam deleniti ducimus sit rerum doloremque.','Est nulla officiis dolor.','2008-07-03 19:03:15','2020-07-26 20:53:35'),(69,'Jamar','Zoila','Towne','2005-11-16','w','866.962.3722x94884','Molestiae laudantium rerum culpa et qui neque veniam blanditiis.','Praesentium id ex sint nam totam qui ullam corrupti.','Similique est illo at ut libero eligendi laborum.','1990-02-11 15:39:06','2009-10-11 19:37:16'),(70,'Emile','Nicolette','Pollich','1983-12-13','m','1-180-292-2857x7376','Necessitatibus perspiciatis quos dolorem facere blanditiis delectus.','Est excepturi voluptate et sequi facere fugiat aut.','Maiores laboriosam animi quia.','1998-09-30 11:54:15','2020-07-26 20:53:35'),(71,'Kacey','Mollie','Feil','2017-01-01','m','283-004-9840x766','Et ut in sit sunt aut.','Maiores ullam consequuntur voluptas pariatur asperiores ea et voluptas.','At labore repudiandae harum suscipit.','1971-05-19 21:21:53','1994-05-23 15:45:09'),(72,'Sonia','Anna','Hintz','1981-02-19','w','1-578-999-2315x57609','Sapiente sed dolores vero.','Facere voluptatibus vitae aspernatur.','Iste rerum qui veniam voluptatem.','1980-07-29 11:06:27','2020-07-26 20:53:35'),(73,'Vincenza','Elena','Goyette','1997-05-11','m','192.562.8039','Dolorem minima dicta vel necessitatibus nam non cumque.','Minima excepturi autem quo voluptatem omnis dicta provident.','Magni alias nostrum fuga nesciunt consequuntur et quis.','2007-11-14 11:12:22','2020-07-26 20:53:35'),(74,'Edmond','Yvette','Lubowitz','1988-06-18','w','609.534.8793x72607','Atque qui necessitatibus commodi voluptate.','Vero aperiam voluptatum eaque quo occaecati aut.','Dolorem eaque eum expedita occaecati.','1976-07-05 09:39:14','1983-03-12 17:00:44'),(75,'Kaleigh','Jaunita','Franecki','1982-07-19','m','(940)155-0966','Quasi blanditiis magni rerum iste quasi.','Enim ut consequatur aliquid iste perferendis repellat nostrum ut.','Nam ex rerum commodi rem.','1987-08-16 21:34:55','2009-01-21 19:55:54'),(76,'Eloy','Cassandra','Kling','2003-07-11','m','1-938-045-0801','Voluptatum excepturi quibusdam non consectetur doloremque culpa dolor.','Quia est quis iusto.','Beatae ratione eius veniam doloribus.','1971-01-15 16:18:05','2011-09-27 22:10:57'),(77,'Wilton','Piper','Stracke','1972-03-29','w','1-291-222-6187x78133','Eligendi sit labore natus fugiat totam.','Eaque dolorem explicabo ipsum hic at occaecati.','Perferendis vitae aliquid quo quae assumenda.','2009-11-18 08:56:47','2020-07-26 20:53:35'),(78,'Jess','Tomasa','Hudson','2013-12-22','w','(674)924-2562','Esse ratione beatae dolor dolorum voluptate.','Quae atque exercitationem distinctio harum id et officiis voluptatem.','Omnis minus omnis sit et ut.','1995-06-08 12:41:32','2018-03-17 03:42:42'),(79,'Alexis','Grace','Dickinson','1984-02-27','w','(015)757-6861','Sed vel ipsum reprehenderit.','Tempore in consequatur quia assumenda porro.','Ad est nulla vel repellendus voluptas.','1991-08-05 11:37:44','2020-07-26 20:53:35'),(80,'Geovany','Tamara','Treutel','1983-03-16','m','05719812769','Possimus tenetur voluptate culpa ut quaerat aut.','Rem nobis omnis a deserunt assumenda impedit.','Sint ut fugiat nisi earum repellat.','1983-07-07 18:40:28','2020-07-26 20:53:35'),(81,'Toney','Kendra','Stark','2010-04-22','m','537.156.1776x364','Voluptates voluptates aut quod vitae voluptas odit velit.','Quo dolorum at impedit eum repellat dolor quam.','Velit ducimus asperiores eligendi sunt dolores quo.','1992-09-26 19:38:54','2020-07-26 20:53:35'),(82,'Maxine','Kamille','Russel','1998-09-07','w','1-994-042-6032x6001','Aut quia sit illum ipsum tempora deleniti.','Repellat dolores expedita in reiciendis harum vero ut voluptatibus.','Nihil illo rerum in amet totam temporibus quibusdam quis.','1971-05-02 12:52:10','2009-03-13 06:42:47'),(83,'Selina','Winona','Gorczany','1996-01-16','w','04854154501','Voluptatem at voluptatem sit rerum ipsa odit autem.','Magnam dolores non sunt quia fugit.','At quibusdam modi dolore saepe velit.','1978-07-24 09:12:21','1979-05-28 04:30:12'),(84,'Rogelio','Keira','Heathcote','2010-03-06','w','845.629.8225','Voluptas doloribus laudantium qui quisquam.','Voluptatem minima pariatur eum illum vero architecto.','Fugit a eius nam facilis.','2018-08-13 10:13:26','2020-07-26 20:53:35'),(85,'Hazel','Tyra','Treutel','1984-07-11','m','1-040-645-1726','Ut esse quas libero cumque.','Neque voluptas hic et nam facere.','Perspiciatis iste nemo modi deserunt nulla velit.','1986-09-14 00:52:07','1997-04-23 21:14:35'),(86,'Tia','Gertrude','Raynor','1986-07-19','w','200-614-7619','Vel reiciendis provident dolorem consequatur aspernatur consequatur voluptatem illum.','Amet minima exercitationem facere quia laboriosam harum.','Dolores ex ipsam omnis aperiam molestiae.','2008-11-20 01:05:46','2020-07-26 20:53:35'),(87,'Neil','Caterina','Kub','1996-11-06','w','617-274-8281x737','Laudantium quam atque quis et corrupti quam.','Enim eveniet dicta accusamus est et aut cupiditate aut.','Cumque id eum consequatur laborum deserunt.','1978-01-24 16:15:03','2016-04-19 08:29:10'),(88,'Cordia','Sabryna','Reinger','1974-08-21','m','(489)505-0260','Placeat architecto sed vero saepe.','Quas qui placeat quia nostrum laboriosam.','Dolores sequi vitae est quisquam qui soluta.','1985-08-11 09:03:20','2020-07-26 20:53:35'),(89,'Conrad','Alverta','Grant','1994-08-11','m','(229)150-2303','Neque quod saepe voluptatem qui doloribus velit laudantium.','Quae exercitationem aut ratione adipisci molestiae.','Sit dicta qui adipisci.','1978-12-28 17:40:07','1984-01-04 00:35:04'),(90,'Savannah','Hildegard','Cronin','2011-01-03','w','138-909-5279','Qui non ut esse facere quos ipsa et voluptatum.','Cumque delectus enim ea esse non sequi.','Ut nihil ducimus dolores itaque qui sed.','1978-02-22 07:29:31','1979-03-04 19:32:31'),(91,'Jany','Trycia','Rowe','2015-12-28','w','(644)784-2608','Quia modi maiores atque voluptatem.','Voluptate placeat deserunt ut quo est.','Voluptates deserunt recusandae aut sit doloremque laborum esse.','2000-01-06 05:44:45','2012-12-30 17:03:32'),(92,'Ethyl','Erica','Barton','1974-02-27','w','129-744-1147x01456','Doloribus aut fuga eum rerum iste adipisci.','Sit et minima aperiam repudiandae harum optio.','Quisquam nemo et enim dolorem sed.','1982-05-01 01:19:52','2020-07-26 20:53:35'),(93,'Nellie','Ciara','Ernser','2009-02-12','m','(287)345-6259','A consequatur labore amet maxime in labore aut omnis.','Harum aperiam qui quo aut exercitationem aut voluptatem perferendis.','Earum est omnis quia.','2001-08-15 23:04:41','2020-07-26 20:53:35'),(94,'Garrison','Mckayla','Mayert','2001-02-09','m','(409)880-9228','Voluptatum voluptas eveniet aut omnis pariatur reprehenderit officiis modi.','Tempora aut atque et laborum.','Impedit eligendi perspiciatis velit unde et.','1981-11-28 04:24:36','2020-07-26 20:53:35'),(95,'Chelsea','Nella','Graham','1982-04-18','m','334.173.0057','Quia ut excepturi omnis aut.','Aut eius autem non ut.','Eos repellendus magni maiores qui consequatur quis.','1978-07-29 00:38:54','2013-07-06 20:10:36'),(96,'Nat','Kiana','Stiedemann','2017-01-13','m','1-606-707-7717x023','Pariatur occaecati suscipit iure et eum.','Minus dolore sed et quibusdam ullam assumenda voluptatem.','Temporibus repellat voluptas illum ad.','2015-02-25 06:11:34','2017-01-28 22:01:05'),(97,'Deondre','Beth','Bins','1976-05-13','w','+96(0)8575799959','Ex sed quia ut consequuntur.','Est quod repellendus et ut velit sequi.','Maiores ut quis exercitationem quia delectus doloribus.','1994-04-17 17:10:52','2020-07-26 20:53:35'),(98,'Marielle','Itzel','Franecki','1970-04-14','m','1-887-226-3820x075','Ut magni accusamus et.','Nam explicabo incidunt et ut laudantium nihil quia.','Voluptatem porro et vel eveniet velit reiciendis aut.','2010-08-05 14:40:36','2020-07-26 20:53:35'),(99,'Claude','Nedra','Hudson','1984-02-20','m','1-372-816-6172x666','Nulla repellendus aspernatur inventore.','Laboriosam natus voluptatem laboriosam.','Nihil nemo fuga hic minima.','2008-09-22 04:06:03','2020-07-26 20:53:35'),(100,'Mervin','Laila','Batz','2005-12-08','m','(063)001-8288','Minus quidem et numquam atque occaecati excepturi.','Voluptatibus dolores id dignissimos tempora assumenda incidunt.','Illo sed asperiores et rerum dolores.','2013-04-29 08:28:40','2015-05-21 00:25:07');
/*!40000 ALTER TABLE `profiles` ENABLE KEYS */;
UNLOCK TABLES;

--
-- Table structure for table `scores`
--

DROP TABLE IF EXISTS `scores`;
/*!40101 SET @saved_cs_client     = @@character_set_client */;
/*!50503 SET character_set_client = utf8mb4 */;
CREATE TABLE `scores` (
  `id` int unsigned NOT NULL AUTO_INCREMENT COMMENT 'Идентификатор строки',
  `user_id` int unsigned NOT NULL COMMENT 'Ссылка на пользователя',
  `score_type` enum('Фондовый счет','Срочный счет','Единый счет','MMA') CHARACTER SET utf8 COLLATE utf8_unicode_ci DEFAULT NULL COMMENT 'тип счета',
  `trading_code` varchar(50) CHARACTER SET utf8 COLLATE utf8_unicode_ci NOT NULL COMMENT 'Торговый код счета',
  `show_score` tinyint(1) NOT NULL DEFAULT '1' COMMENT 'публичность счета',
  `created_at` datetime DEFAULT CURRENT_TIMESTAMP COMMENT 'Время подключения счета',
  `updated_at` datetime DEFAULT CURRENT_TIMESTAMP ON UPDATE CURRENT_TIMESTAMP COMMENT 'Время обновления строки',
  `summa` int DEFAULT NULL,
  PRIMARY KEY (`id`),
  UNIQUE KEY `trading_code` (`trading_code`),
  KEY `scores_user_id_fk` (`user_id`),
  CONSTRAINT `scores_user_id_fk` FOREIGN KEY (`user_id`) REFERENCES `users` (`id`) ON DELETE CASCADE ON UPDATE CASCADE
) ENGINE=InnoDB AUTO_INCREMENT=126 DEFAULT CHARSET=utf8 COLLATE=utf8_unicode_ci COMMENT='Торговые счета';
/*!40101 SET character_set_client = @saved_cs_client */;

--
-- Dumping data for table `scores`
--

LOCK TABLES `scores` WRITE;
/*!40000 ALTER TABLE `scores` DISABLE KEYS */;
INSERT INTO `scores` VALUES (1,39,'Срочный счет','EIWUYFPLF',1,'1997-04-15 03:42:40','2020-07-28 03:39:56',6749845),(2,40,'Единый счет','DRMVXLKQA',1,'1990-01-31 02:29:47','2020-07-28 03:46:56',343709),(3,62,'MMA','BLSXJUXIT',0,'2017-05-02 13:08:31','2020-07-28 03:46:56',485826),(4,13,'Фондовый счет','TTGXKMUGN',1,'1972-10-10 22:34:13','2020-07-28 03:46:56',137164),(5,38,'MMA','CENSUHWCP',1,'2012-01-27 01:58:16','2020-07-28 03:39:56',9988376),(6,13,'Фондовый счет','LLRGZSXTQ',1,'1986-03-26 19:16:10','2020-07-28 03:46:56',480775),(7,38,'Фондовый счет','AXXQOMRCE',1,'2011-10-10 12:38:23','2020-07-28 03:39:08',395813),(8,47,'MMA','KKQHQEGMW',1,'1986-04-11 18:09:01','2020-07-28 03:46:56',161926),(9,11,'Срочный счет','BQNSEEJNL',1,'1970-04-16 15:38:59','2020-07-28 03:46:56',589413),(10,34,'Срочный счет','NKBHVKBFJ',1,'2010-05-08 00:46:38','2020-07-28 03:46:56',15419),(11,29,'Фондовый счет','ZVXGEDGED',1,'1990-02-17 06:17:40','2020-07-28 03:46:56',140997),(12,83,'Срочный счет','FKPLIXYRN',1,'1993-11-22 15:10:42','2020-07-28 03:39:56',8577394),(13,12,'Срочный счет','QXGUKDOYE',1,'1982-02-03 23:46:46','2020-07-28 03:46:56',46501),(14,38,'Единый счет','UCTLKQZLM',1,'2009-10-27 19:55:58','2020-07-28 03:46:56',421299),(15,59,'Срочный счет','OHMBOHAXD',1,'2009-09-09 23:06:29','2020-07-28 03:39:56',2958717),(16,45,'MMA','UDGBNFISP',0,'2020-04-28 11:32:31','2020-07-28 03:46:56',124868),(17,56,'Единый счет','HLCOFWSJX',1,'2019-12-02 20:26:20','2020-07-28 03:46:56',591410),(18,11,'MMA','JBAMSUCCL',1,'1979-12-25 23:36:50','2020-07-28 03:46:56',164051),(19,45,'Фондовый счет','IJVUHHFAT',1,'1996-12-31 07:15:36','2020-07-28 03:46:56',242103),(20,17,'Фондовый счет','CITFBNFJN',1,'1971-12-23 08:56:37','2020-07-28 03:46:56',116286),(21,16,'MMA','KONCIVLLA',1,'2000-07-10 02:01:04','2020-07-28 03:39:08',996913),(22,86,'Единый счет','ZZFHZQOEV',0,'2016-06-29 13:39:53','2020-07-28 03:46:56',457116),(23,76,'Единый счет','BHSBNJKIC',0,'2000-07-12 18:10:29','2020-07-28 03:46:56',126382),(24,18,'Единый счет','DPPFLJGAT',1,'1977-07-07 23:11:58','2020-07-28 03:46:56',457571),(25,51,'Срочный счет','DGCASJPCR',1,'1972-10-27 23:49:21','2020-07-28 03:39:08',990618),(26,52,'Единый счет','WZQSXWSBT',0,'2000-12-18 01:00:24','2020-07-28 03:46:56',101261),(27,48,'Фондовый счет','GMUBMFUTN',1,'2002-09-17 05:38:41','2020-07-28 03:46:56',351469),(28,33,'Единый счет','AQAMUVYGS',1,'1991-04-29 23:42:18','2020-07-28 03:46:56',222824),(29,7,'Фондовый счет','IGOMQMJTF',1,'1981-04-25 11:28:51','2020-07-28 03:46:56',52383),(30,90,'Единый счет','YHAWDYBGO',1,'2003-01-11 07:09:01','2020-07-28 03:46:56',206063),(31,63,'Срочный счет','EODDLTMJR',1,'2010-02-01 21:33:37','2020-07-28 03:46:56',278423),(32,53,'Фондовый счет','YXZMPQZKN',1,'2001-01-17 09:08:35','2020-07-28 03:46:56',142183),(33,11,'MMA','HKTAXGHYY',1,'1990-05-04 09:55:27','2020-07-28 03:46:56',494946),(34,6,'Единый счет','VNARGLPDQ',1,'2010-01-09 23:42:44','2020-07-28 03:46:56',240591),(35,75,'Срочный счет','TJYWICWKE',1,'2012-09-13 16:55:53','2020-07-28 03:46:56',320493),(36,90,'Фондовый счет','YXHFINFTD',1,'1982-01-19 04:21:51','2020-07-28 03:46:56',263860),(37,72,'Единый счет','WTTVMPNVL',1,'1976-07-06 01:36:48','2020-07-28 03:46:56',346383),(38,26,'MMA','DLHTZIXXW',1,'2015-01-25 11:27:59','2020-07-28 03:46:56',345518),(39,89,'Срочный счет','IEWNERBGP',1,'2015-05-21 02:49:23','2020-07-28 03:46:56',71266),(40,80,'Фондовый счет','ZTZMAEQLD',1,'1989-12-01 10:28:01','2020-07-28 03:46:56',544172),(41,81,'Срочный счет','GQQBNACBL',1,'1982-10-16 05:07:39','2020-07-28 03:39:08',531339),(42,31,'Единый счет','TFOXWNODT',1,'2003-06-29 13:07:45','2020-07-28 03:46:56',65095),(43,40,'Фондовый счет','CNKNVBYNN',1,'2020-05-07 10:26:10','2020-07-28 03:46:56',526524),(44,49,'MMA','XYBHLBCDI',0,'2014-05-01 02:55:24','2020-07-28 03:46:56',608044),(45,42,'Единый счет','AHFPDAZDQ',0,'1984-01-10 10:13:31','2020-07-28 03:46:56',212236),(46,33,'Фондовый счет','LUFTMIBOO',1,'1984-06-13 16:05:49','2020-07-28 03:46:56',468562),(47,3,'Единый счет','WHOQVTXGF',1,'1998-12-11 19:24:53','2020-07-28 03:46:56',463390),(48,64,'Фондовый счет','QGCYPNVNG',1,'2000-05-30 07:33:44','2020-07-28 03:46:56',304213),(49,47,'Фондовый счет','LYGSBWVNF',0,'2006-01-31 00:51:08','2020-07-28 03:46:56',158969),(50,35,'Срочный счет','FTNVETTMN',1,'1973-04-29 21:11:46','2020-07-28 03:46:56',474597),(51,62,'MMA','LFHAHDAPD',0,'1977-11-01 15:37:16','2020-07-28 03:46:56',93824),(52,49,'Срочный счет','FBKLJNWDZ',1,'1992-09-23 12:05:26','2020-07-28 03:46:56',246662),(53,80,'Единый счет','MWAKBZHRX',1,'2015-01-10 15:18:21','2020-07-28 03:46:56',354071),(54,80,'Единый счет','HOQNBVLJX',1,'1987-06-24 19:39:54','2020-07-28 03:46:56',433963),(55,36,'MMA','PARRQFMNU',1,'1978-09-24 07:13:47','2020-07-28 03:46:56',476927),(56,93,'Единый счет','SMPALRYHN',1,'2012-12-02 00:47:40','2020-07-28 03:46:56',496290),(57,41,'Фондовый счет','NSQMPALNH',1,'2008-01-05 23:08:54','2020-07-28 03:46:56',432214),(58,53,'Фондовый счет','XBIZUDRND',1,'2019-04-11 05:39:27','2020-07-28 03:46:56',27996),(59,98,'Срочный счет','CGEJJVAGU',1,'1974-03-13 10:22:26','2020-07-28 03:46:56',81555),(60,49,'MMA','REFBBGBXG',1,'2006-04-13 11:59:19','2020-07-28 03:46:56',334696),(61,52,'Срочный счет','PYAFLZXUL',1,'1972-06-01 21:21:07','2020-07-28 03:46:56',188828),(62,96,'MMA','YHSCVZGHB',1,'1977-12-28 02:52:10','2020-07-28 03:46:56',554092),(63,21,'MMA','KKNULZLFL',1,'1991-09-22 05:12:02','2020-07-28 03:46:56',383340),(64,49,'Срочный счет','NMZOGNZAF',1,'1979-05-26 23:00:56','2020-07-28 03:46:56',264527),(65,53,'Фондовый счет','PZJTIIZOZ',1,'2015-11-27 21:03:05','2020-07-28 03:46:56',176514),(66,78,'MMA','FHUZRSCAG',0,'1986-09-13 11:46:13','2020-07-28 03:46:56',69179),(67,19,'MMA','TFKJVEXFL',1,'2012-10-07 06:10:04','2020-07-28 03:46:56',429103),(68,12,'MMA','BBNGKXKMU',1,'2006-11-18 02:49:19','2020-07-28 03:46:56',132185),(69,4,'Единый счет','WCCWIUHKL',1,'1972-04-27 11:25:58','2020-07-28 03:46:56',574002),(70,93,'Фондовый счет','MOMYSDNKW',1,'1980-09-19 19:58:45','2020-07-28 03:39:56',2603107),(71,42,'Единый счет','KQFFPMDUU',1,'1977-05-02 12:31:14','2020-07-28 03:46:56',25689),(72,92,'Фондовый счет','RUFSNPGFD',1,'1977-06-19 23:36:01','2020-07-28 03:46:56',245540),(73,31,'Срочный счет','PUNCMRHGF',1,'2017-03-06 16:21:59','2020-07-28 03:46:56',540073),(74,28,'Единый счет','BTYSOFWEF',1,'1978-05-25 06:29:37','2020-07-28 03:46:56',137818),(75,94,'Единый счет','NMKJIFAWI',1,'1984-08-19 02:24:12','2020-07-28 03:46:56',282600),(76,85,'MMA','JBKQMAHPS',0,'2019-06-18 11:45:04','2020-07-28 03:46:56',383213),(77,33,'MMA','HHRSOYFFN',1,'1970-08-12 14:06:21','2020-07-28 03:39:08',752185),(78,20,'Единый счет','IIMECDGNA',1,'1970-02-14 12:14:51','2020-07-28 03:46:56',466122),(79,74,'MMA','WDQROZVWC',1,'1970-01-11 00:23:40','2020-07-28 03:46:56',585642),(80,17,'Единый счет','EHZKWFNEW',1,'1989-07-06 00:54:19','2020-07-28 03:46:56',331232),(81,12,'MMA','FKSUBOXWH',0,'2004-08-04 09:34:11','2020-07-28 03:46:56',476919),(82,42,'Срочный счет','HLDOLUKPM',0,'1970-10-07 17:09:34','2020-07-28 03:46:56',140363),(83,96,'Фондовый счет','SDANEHULU',0,'2011-12-08 10:12:03','2020-07-28 03:46:56',518749),(84,88,'Фондовый счет','MNEBWVMXG',1,'1971-03-23 11:03:22','2020-07-28 03:46:56',322416),(85,2,'Фондовый счет','GZFGYFIOK',1,'2017-06-09 17:02:56','2020-07-28 03:46:56',45974),(86,5,'Единый счет','NTSWNTTMQ',0,'2007-08-14 22:58:10','2020-07-28 03:46:56',495375),(87,4,'Срочный счет','HZPYHRJCE',0,'1981-08-04 08:54:41','2020-07-28 03:46:56',519722),(88,23,'Срочный счет','QAEPCRCZL',0,'2001-10-04 05:46:55','2020-07-28 03:39:56',2378167),(89,5,'Единый счет','RTAQGJFNW',1,'2011-04-01 14:19:40','2020-07-28 03:46:56',478486),(90,27,'MMA','ZHSGVEHYA',0,'1974-12-09 17:34:21','2020-07-28 03:46:56',230995),(91,95,'Единый счет','LUZZSSBHF',0,'2001-06-22 10:40:33','2020-07-28 03:46:56',328251),(92,79,'Фондовый счет','KPWOOQBQN',1,'1995-01-23 15:51:04','2020-07-28 03:46:56',325233),(93,72,'MMA','GCPZBGBHY',0,'1973-06-08 04:44:48','2020-07-28 03:46:56',48584),(94,74,'Фондовый счет','REWVNIRIJ',0,'1999-11-09 23:54:39','2020-07-28 03:46:56',480799),(95,97,'Фондовый счет','AHSYIGOYZ',1,'1990-06-14 17:01:19','2020-07-28 03:46:56',424517),(96,51,'MMA','DUBQZSSCB',0,'2012-07-01 00:03:53','2020-07-28 03:46:56',97358),(97,17,'MMA','FSTMPGEBU',1,'1986-03-22 01:57:19','2020-07-28 03:46:56',407414),(98,20,'Срочный счет','AOWNCITIN',0,'2015-04-11 10:18:58','2020-07-28 03:46:56',543041),(99,10,'Срочный счет','JFGPGMTEH',0,'2019-06-27 22:37:54','2020-07-28 03:46:56',247910),(100,60,'Срочный счет','HMXZGQYAV',0,'1976-06-16 04:12:04','2020-07-28 03:46:56',232108),(101,20,'Срочный счет','BZOETSIGI',1,'2007-05-30 21:39:13','2020-07-28 03:46:56',421096),(102,29,'Срочный счет','OOBZVIUXM',1,'1995-05-31 20:26:55','2020-07-28 03:46:56',165649),(103,31,'Единый счет','TSHPQSFQX',1,'2005-09-01 12:38:11','2020-07-28 03:46:56',182905),(104,63,'Срочный счет','BUMQWWZWZ',0,'2005-01-09 01:08:52','2020-07-28 03:46:56',405895),(105,4,'Срочный счет','KEILQBWOV',0,'1999-01-17 03:14:35','2020-07-28 03:46:56',280665),(106,5,'MMA','IRMSFVLRP',0,'1975-12-18 07:28:00','2020-07-28 03:46:56',177172),(107,81,'Фондовый счет','SANKPMVTQ',0,'1992-11-03 01:28:04','2020-07-28 03:46:56',50485),(108,54,'MMA','CNJKDPFFV',1,'2004-11-18 02:34:25','2020-07-28 03:46:56',330266),(109,6,'Срочный счет','KTWWIAZJN',1,'1998-02-09 11:56:20','2020-07-28 03:46:56',263634),(110,94,'Единый счет','TQKRJCHIN',0,'1984-07-04 01:41:48','2020-07-28 03:46:56',337955),(111,39,'Единый счет','JFSKYSLVG',1,'1977-02-26 00:52:30','2020-07-28 03:46:56',303736),(112,93,'Срочный счет','RDRULKYMU',0,'2019-03-20 16:00:43','2020-07-28 03:46:56',491290),(113,66,'Единый счет','UGYJYMEHC',1,'1977-11-19 19:27:31','2020-07-28 03:46:56',319721),(114,38,'Единый счет','JXGPTUNYB',0,'2019-04-14 08:15:51','2020-07-28 03:46:56',112269),(115,5,'Фондовый счет','GXWNFEZID',1,'2011-09-25 16:00:17','2020-07-28 03:46:56',219240),(116,71,'Фондовый счет','IDMTUEAQN',1,'1989-06-04 16:26:59','2020-07-28 03:46:56',162873),(117,92,'MMA','KPULTGQBS',0,'1986-10-02 11:34:16','2020-07-28 03:46:56',145836),(118,29,'Единый счет','QLPJLYZSS',0,'1974-12-23 18:56:15','2020-07-28 03:46:56',247325),(119,32,'Фондовый счет','HYHCDQIXC',0,'1977-04-07 16:34:19','2020-07-28 03:46:56',189737),(120,90,'Фондовый счет','KWNCQPHUR',0,'2018-06-25 02:36:05','2020-07-28 03:46:56',207595),(121,61,'Фондовый счет','JBSZRAROM',0,'1976-06-19 13:47:50','2020-07-28 03:46:56',452697),(122,92,'MMA','PNWRRQWIC',0,'2004-08-14 23:09:02','2020-07-28 03:46:56',440836),(123,68,'Единый счет','FQHWDICWR',0,'2000-02-29 09:57:33','2020-07-28 03:46:56',258739),(124,98,'Фондовый счет','HDELDUGJM',0,'1971-05-13 06:23:09','2020-07-28 03:46:56',542558),(125,14,'Срочный счет','RPMDMDRTU',0,'2000-11-23 20:25:30','2020-07-28 03:46:56',120302);
/*!40000 ALTER TABLE `scores` ENABLE KEYS */;
UNLOCK TABLES;

--
-- Table structure for table `strategy`
--

DROP TABLE IF EXISTS `strategy`;
/*!40101 SET @saved_cs_client     = @@character_set_client */;
/*!50503 SET character_set_client = utf8mb4 */;
CREATE TABLE `strategy` (
  `id` int unsigned NOT NULL AUTO_INCREMENT COMMENT 'Идентификатор строки',
  `user_id` int unsigned NOT NULL COMMENT 'Ссылка на пользователя - автора стратегии',
  `name` varchar(100) CHARACTER SET utf8 COLLATE utf8_unicode_ci NOT NULL COMMENT 'название стратегии',
  `score_id` int unsigned NOT NULL COMMENT 'Ссылка на счет',
  `text_message` blob COMMENT 'описание стратегии',
  `statistics` varchar(100) CHARACTER SET utf8 COLLATE utf8_unicode_ci DEFAULT NULL COMMENT 'Статистика по стратегии',
  `min_summa` int unsigned NOT NULL COMMENT 'Минимальная рекоменованная сумма',
  `Profit` float NOT NULL DEFAULT '0' COMMENT 'доходность за весь срок',
  `prosadka` float NOT NULL DEFAULT '0' COMMENT 'Дата начала работы стратегии',
  `ita` float NOT NULL DEFAULT '0' COMMENT 'Индекс частоты сделок',
  `dopnik_avto_id` int unsigned NOT NULL COMMENT 'Ссылка на таблицу допников на автоследования',
  `avto_status` tinyint(1) NOT NULL DEFAULT '1' COMMENT 'Активна ли стратегия для подключения автоследования',
  `dopnik_signal_id` int unsigned NOT NULL COMMENT 'Ссылка на таблицу допников на сигналы',
  `signal_status` tinyint(1) NOT NULL DEFAULT '1' COMMENT 'Активна ли стратегия для подключения сигналов',
  `risk_profile` enum('Консервативный','Умеренный','Агрессивный') CHARACTER SET utf8 COLLATE utf8_unicode_ci DEFAULT NULL COMMENT 'Риск профиль',
  `begin_date` datetime DEFAULT CURRENT_TIMESTAMP COMMENT 'Дата начала работы стратегии',
  `updated_at` datetime DEFAULT CURRENT_TIMESTAMP ON UPDATE CURRENT_TIMESTAMP COMMENT 'Время обновления строки',
  PRIMARY KEY (`id`),
  UNIQUE KEY `name` (`name`),
  KEY `strategy_dopnik_avto_fk` (`dopnik_avto_id`),
  KEY `strategy_dopnik_signal_fk` (`dopnik_signal_id`),
  KEY `strategy_scores_fk` (`score_id`),
  CONSTRAINT `strategy_dopnik_avto_fk` FOREIGN KEY (`dopnik_avto_id`) REFERENCES `dopnik_avto` (`id`),
  CONSTRAINT `strategy_dopnik_signal_fk` FOREIGN KEY (`dopnik_signal_id`) REFERENCES `dopnik_signal` (`id`),
  CONSTRAINT `strategy_scores_fk` FOREIGN KEY (`score_id`) REFERENCES `scores` (`id`) ON UPDATE CASCADE
) ENGINE=InnoDB AUTO_INCREMENT=51 DEFAULT CHARSET=utf8 COLLATE=utf8_unicode_ci COMMENT='Список доп соглашений сигналов';
/*!40101 SET character_set_client = @saved_cs_client */;

--
-- Dumping data for table `strategy`
--

LOCK TABLES `strategy` WRITE;
/*!40000 ALTER TABLE `strategy` DISABLE KEYS */;
INSERT INTO `strategy` VALUES (1,42,'exercitationem',47,_binary 'Ducimus itaque et asperiores accusantium nostrum. Et delectus placeat ea. Sed cum architecto fugit. Iste omnis et ut eum sint quo. Qui perspiciatis alias quisquam ipsum.','/STATISTICS/exercitationem/.chl',178000,350.3,-20.64,0.16,6,1,4,1,'Умеренный','2010-08-11 15:32:17','2020-07-26 23:27:10'),(2,84,'aut',10,_binary 'Sed expedita autem eos dolor perferendis. Odit temporibus dolore non quisquam dignissimos. Quia et est omnis qui quia maxime voluptatem sunt.','/STATISTICS/aut/.chl',1467000,197.04,-15.58,0.91,10,0,5,1,'Умеренный','2005-05-17 23:42:23','2020-07-26 23:23:58'),(3,80,'temporibus',70,_binary 'Labore minus nemo non veniam iste quidem. Nihil perferendis vero neque quisquam in doloremque explicabo. Et mollitia ut dolorem explicabo.','/STATISTICS/temporibus/.chl',334000,277.15,-33.15,2.45,8,1,6,1,'Умеренный','2009-08-20 04:39:18','2020-07-26 23:26:02'),(4,84,'qui',58,_binary 'Autem aliquid quia natus quia temporibus. Labore non iure modi laudantium neque. Ea adipisci magni aspernatur similique quasi ut distinctio. Beatae aut fuga est iste atque velit minima.','/STATISTICS/qui/.chl',686000,-9.37,-28.16,1.12,1,1,7,1,'Консервативный','2016-03-27 00:17:52','2020-07-26 23:24:01'),(5,69,'aspernatur',32,_binary 'Ad quo et aperiam nulla nulla. Inventore sunt vel labore id soluta asperiores modi. Est ut doloribus quidem est iusto quibusdam sed. Tempore exercitationem est dolor sint minus placeat et.','/STATISTICS/aspernatur/.chl',1545000,117.23,-29.27,1.25,3,0,6,1,'Консервативный','2014-09-20 17:38:56','2020-07-27 03:12:45'),(6,41,'quo',42,_binary 'Ullam rerum et quibusdam sunt natus similique. Nihil molestiae quia exercitationem. Temporibus fugiat vero nulla et voluptatum eos et. Consequatur qui omnis ducimus adipisci repellat.','/STATISTICS/quo/.chl',822000,130.82,-33.08,1.76,7,0,1,1,'Консервативный','2013-06-15 07:44:53','2020-07-26 23:24:01'),(7,37,'sed',15,_binary 'Aspernatur aliquid et esse explicabo dolorum vero dolores. Omnis voluptatem exercitationem inventore magni et voluptatum illo. Quae et similique illo est provident saepe. Est excepturi eos commodi nulla rerum tempore.','/STATISTICS/sed/.chl',3021000,221.48,-30.95,2.28,4,1,1,1,'Агрессивный','2012-08-24 13:55:03','2020-07-26 23:23:56'),(8,22,'voluptatibus',20,_binary 'Pariatur laborum quibusdam temporibus commodi cum ab nam. Ut beatae est est quos consequatur.','/STATISTICS/voluptatibus/.chl',3996000,153.08,-16.25,1.27,4,1,7,0,'Консервативный','2009-06-05 09:25:31','2020-07-26 23:24:01'),(9,22,'eius',5,_binary 'Odit modi voluptates fugiat voluptatem sit est aut. Magnam non at ea natus architecto eius. Et doloremque delectus quaerat nobis qui corrupti. Quis quibusdam consequatur velit nihil iure.','/STATISTICS/eius/.chl',716000,222.3,-20.9,0.92,3,1,5,0,'Умеренный','2006-06-05 02:48:35','2020-07-26 23:26:02'),(10,68,'voluptatem',34,_binary 'Eos voluptas incidunt veniam occaecati eaque dolor vel. Eum nisi sint eveniet quam dignissimos est. Iure deleniti numquam deleniti consequuntur. Et exercitationem et nam quia.','/STATISTICS/voluptatem/.chl',2986000,85.33,-23.48,0.86,3,1,6,1,'Умеренный','2014-11-11 05:51:05','2020-07-26 23:26:02'),(11,53,'odit',1,_binary 'Placeat sit voluptate architecto odit voluptatem sit esse asperiores. Voluptatem ad velit provident dolore sit sit. Quod cumque eos exercitationem itaque cupiditate. Ut voluptatem nam et corrupti dolor sequi.','/STATISTICS/odit/.chl',2257000,111.61,-30.34,1.05,10,1,10,1,'Консервативный','2012-09-15 10:49:33','2020-07-26 23:24:01'),(12,95,'beatae',2,_binary 'Possimus voluptatem facere veniam in quam quibusdam incidunt. Omnis corporis voluptatum repudiandae. Voluptates nihil recusandae vitae dignissimos animi reiciendis. Sit ullam eveniet rerum enim.','/STATISTICS/beatae/.chl',3785000,319.24,-18.88,0.43,6,1,1,1,'Умеренный','2006-11-15 09:19:54','2020-07-26 23:27:10'),(13,87,'nihil',69,_binary 'Qui ut necessitatibus neque voluptates et. Autem totam laudantium voluptatem totam quas consequatur ducimus. Adipisci quaerat similique sed dolores occaecati facilis.','/STATISTICS/nihil/.chl',453000,161.55,-34.95,2.49,2,1,9,0,'Умеренный','2014-09-15 23:59:12','2020-07-26 23:26:03'),(14,17,'dolorem',31,_binary 'Non provident molestias dolorum nobis suscipit. Molestiae sunt aut doloremque quaerat aut error. Autem voluptatum sint consequatur doloremque impedit aut.','/STATISTICS/dolorem/.chl',492000,280.28,-27.98,4.04,3,1,7,1,'Агрессивный','2008-10-17 04:30:10','2020-07-26 23:26:03'),(15,92,'vel',40,_binary 'Magnam et dolores consequatur ea nesciunt possimus quas. Sed eos illum quo repudiandae maiores. Non eveniet ratione unde aut assumenda optio voluptatibus.','/STATISTICS/vel/.chl',2280000,168.73,-28.69,1.05,2,1,9,0,'Консервативный','2013-07-19 02:52:33','2020-07-26 23:26:03'),(16,9,'id',36,_binary 'Sit rerum tempora rerum. Adipisci quia tempore incidunt tempore quo quaerat quia. Id earum minima quis ullam tempora est qui.','/STATISTICS/id/.chl',1856000,279.61,-23.73,1.71,5,1,2,0,'Консервативный','2005-07-07 23:06:10','2020-07-26 23:26:03'),(17,67,'maiores',27,_binary 'Nostrum ut perferendis dolore aliquid ut porro. Quia illum est molestias ut mollitia. Dolorem architecto amet reiciendis dignissimos et.','/STATISTICS/maiores/.chl',1716000,507.67,-19.19,1.03,10,0,6,0,'Умеренный','2005-12-24 22:25:16','2020-07-26 23:23:58'),(18,42,'dolor',56,_binary 'Cum culpa expedita esse dignissimos. Fugiat quia cum nihil beatae quibusdam. Explicabo cupiditate natus non dolorem blanditiis impedit.','/STATISTICS/dolor/.chl',2417000,218.99,-23.83,1.08,6,1,5,1,'Консервативный','2009-05-03 23:46:11','2020-07-26 23:27:10'),(19,65,'ullam',60,_binary 'Impedit et maxime numquam ea aliquam magni rem. Culpa at dolorum ut cumque eos. Eos in eius sint suscipit. Et rerum sapiente odit ut quia molestias quia eum. Quisquam eum eos illo vitae.','/STATISTICS/ullam/.chl',715000,133.49,-21.61,1.79,4,0,7,1,'Агрессивный','2013-01-17 17:45:59','2020-07-26 23:23:56'),(20,84,'quos',39,_binary 'Qui cupiditate aut dolor corrupti. Enim ex dolorum et corrupti molestiae quisquam.','/STATISTICS/quos/.chl',30000,82.43,-30.82,0.79,7,1,7,0,'Консервативный','2012-05-22 17:14:47','2020-07-26 23:26:03'),(21,56,'et',17,_binary 'Quaerat dolore incidunt voluptatibus nemo numquam dolor fugit. Facere dolores saepe maxime consequatur pariatur. At nisi veritatis magnam et deserunt aut.','/STATISTICS/et/.chl',2004000,165.92,-26.3,2.29,3,1,3,0,'Агрессивный','2010-07-27 21:56:32','2020-07-26 23:26:03'),(22,24,'repellat',64,_binary 'Quia animi labore itaque magnam. Magnam omnis maiores eos quia repudiandae ipsam. Qui laborum aliquam sint et dolor molestiae.','/STATISTICS/repellat/.chl',1468000,-15,-30,1.59,10,1,9,1,'Консервативный','2020-01-06 11:47:36','2020-07-26 23:24:01'),(23,35,'a',62,_binary 'Modi tenetur expedita laudantium fugiat commodi qui. Sapiente delectus veniam debitis ea nemo et. Sint dolor repellendus ut quo. Est aperiam ducimus ea ab amet.','/STATISTICS/a/.chl',362000,248.68,-24.06,1.2,1,0,7,1,'Консервативный','2006-03-27 11:51:41','2020-07-26 23:24:01'),(24,53,'hic',50,_binary 'Nihil quia eum dolorem dolorem. Sed et est omnis est. Incidunt quasi architecto aut unde quis. Laborum tempora aut aut sed est ea quibusdam.','/STATISTICS/hic/.chl',3605000,146.99,-15.5,1.5,4,1,4,0,'Умеренный','2005-09-11 07:41:50','2020-07-26 23:26:03'),(25,13,'quis',9,_binary 'Exercitationem fugit reprehenderit illum quo. Dolorem temporibus quae voluptas aperiam. Enim et ab fuga autem. Non facere sunt maxime nulla voluptatem quas.','/STATISTICS/quis/.chl',1037000,225.67,-33.6,4.47,10,0,8,1,'Агрессивный','2011-02-08 12:35:49','2020-07-26 23:23:56'),(26,78,'modi',37,_binary 'Ad consequatur deserunt ut omnis. Unde odio distinctio voluptatem dolores facilis repellat repellendus. Eveniet et nobis nemo ut voluptatem. Unde dignissimos vitae mollitia animi velit omnis voluptate iusto.','/STATISTICS/modi/.chl',30000,132.71,-28.84,0.8,3,1,6,0,'Умеренный','2013-01-05 07:57:38','2020-07-27 03:12:45'),(27,19,'eum',29,_binary 'Perferendis vero ut velit vitae voluptatem. Harum tempore deserunt et. Aut non qui atque cum corporis hic quibusdam. Nihil aut deleniti possimus aut ullam nostrum sed.','/STATISTICS/eum/.chl',1385000,366.37,-6.07,0.91,6,0,6,1,'Консервативный','2005-09-13 12:49:31','2020-07-26 23:27:10'),(28,12,'impedit',46,_binary 'Similique deleniti unde deleniti incidunt. Exercitationem non quae et debitis recusandae voluptatibus ex. Cumque ut harum iusto dolorem.','/STATISTICS/impedit/.chl',99000,208.69,-24.94,0.94,10,1,2,1,'Агрессивный','2010-08-15 18:54:10','2020-07-26 23:23:56'),(29,48,'magni',54,_binary 'Voluptatem neque natus voluptas quis autem in dolorum. Accusamus pariatur necessitatibus et iure officia vel ea. Vel commodi architecto qui tempora. Voluptatem qui praesentium repellat pariatur.','/STATISTICS/magni/.chl',2068000,122.42,-27.55,1.68,1,1,5,1,'Консервативный','2014-06-04 01:21:52','2020-07-26 23:24:01'),(30,95,'fugiat',61,_binary 'Ut nam voluptas rem voluptas deleniti. Rerum dolorum asperiores minus cum. Quia cupiditate soluta distinctio.','/STATISTICS/fugiat/.chl',907000,240.44,-27.83,0.45,6,1,9,1,'Консервативный','2014-06-08 08:28:52','2020-07-26 23:24:01'),(31,32,'blanditiis',68,_binary 'Quod laborum voluptas nihil molestiae nostrum. Eum omnis dignissimos laudantium voluptas. Debitis reiciendis qui adipisci consectetur quae. Commodi non iusto tenetur explicabo impedit ea.','/STATISTICS/blanditiis/.chl',1860000,372.41,-31.8,4.73,6,1,7,1,'Агрессивный','2007-12-07 08:17:49','2020-07-26 23:27:10'),(32,93,'consequatur',33,_binary 'Nostrum sed velit eos consectetur. Quibusdam non veritatis alias iure eos debitis. Inventore laudantium et voluptas laborum veniam. Quasi quis ut vero dolor iste.','/STATISTICS/consequatur/.chl',1796000,100.21,-20.19,1.61,8,1,6,1,'Умеренный','2011-06-23 03:45:32','2020-07-26 23:26:03'),(33,4,'quasi',14,_binary 'Quod impedit accusamus sit nisi quisquam. Nihil cumque tempore iusto. Blanditiis et laboriosam voluptatibus neque.','/STATISTICS/quasi/.chl',1768000,117.48,-20.11,1.15,4,1,9,1,'Умеренный','2010-02-03 22:11:01','2020-07-26 23:26:03'),(34,23,'aliquam',43,_binary 'Debitis aut culpa eos eligendi iste accusantium. Nobis et nihil quidem odit rerum sed culpa optio. Nobis debitis ab praesentium.','/STATISTICS/aliquam/.chl',3552000,164.02,-31.45,0.42,8,1,2,1,'Консервативный','2013-03-25 03:33:55','2020-07-26 23:26:03'),(35,84,'molestiae',48,_binary 'Non quos qui voluptate totam omnis molestiae molestiae. Similique nostrum ullam accusantium iusto. Non exercitationem omnis ut occaecati.','/STATISTICS/molestiae/.chl',2425000,230.16,-34.43,0.7,5,1,3,0,'Умеренный','2012-03-23 12:43:57','2020-07-26 23:26:03'),(36,41,'molestias',4,_binary 'Aliquid ab nemo tempore natus non nam eligendi. Adipisci iusto voluptatibus omnis quod ipsum enim quis. Illo aut tempore sint eaque modi hic est. Et et explicabo ut qui in eos.','/STATISTICS/molestias/.chl',966000,330.59,-27.48,2.37,6,1,3,0,'Умеренный','2011-12-29 09:47:30','2020-07-26 23:27:10'),(37,54,'natus',13,_binary 'Eaque alias eaque omnis vero assumenda. Amet deserunt laudantium aut. Ut natus et voluptas eligendi placeat earum. Quia laudantium corrupti quam.','/STATISTICS/natus/.chl',3730000,-9.71,-28.29,2.26,3,1,10,0,'Агрессивный','2019-11-10 00:35:08','2020-07-26 23:26:03'),(38,32,'ut',7,_binary 'Quis corrupti esse voluptatem quae commodi et. Sed vero veritatis id doloribus delectus eveniet repellat maiores. Omnis tempora qui officia provident ut ipsum. Cumque suscipit optio quae ut perspiciatis fugiat.','/STATISTICS/ut/.chl',2148000,240.33,-21.25,1.06,6,1,2,1,'Консервативный','2013-06-29 09:58:32','2020-07-26 23:26:03'),(39,47,'dolores',73,_binary 'Et adipisci iure est ducimus. Rem sint neque ea non totam. Quibusdam vel officia pariatur et ex consequatur.','/STATISTICS/dolores/.chl',1689000,-1.39,13.39,1.63,3,1,1,1,'Умеренный','2015-03-14 09:29:28','2020-07-26 23:23:58'),(40,64,'dolorum',11,_binary 'Quisquam et explicabo quasi est ut. Qui iusto omnis qui minima. Aperiam sapiente laboriosam et eius expedita in. Qui dolor quis iste laudantium.','/STATISTICS/dolorum/.chl',3170000,90.91,-20.57,1.15,8,1,6,1,'Консервативный','2009-06-27 05:45:45','2020-07-27 03:12:46'),(41,98,'eaque',38,_binary 'Architecto quisquam asperiores rerum accusantium qui repellendus. Exercitationem amet voluptas in ut ea.','/STATISTICS/eaque/.chl',783000,421.21,-26.33,1.74,2,1,10,1,'Умеренный','2007-08-08 05:51:34','2020-07-26 23:23:58'),(42,73,'culpa',80,_binary 'Est eveniet perferendis deleniti nam. Dignissimos molestiae qui ipsa ipsum nobis. Facilis molestias reprehenderit nesciunt molestias delectus voluptas.','/STATISTICS/culpa/.chl',2733000,179.09,-18.2,1.92,2,1,2,0,'Умеренный','2008-05-17 15:44:33','2020-07-26 23:23:58'),(43,13,'vero',8,_binary 'Autem reprehenderit ipsam fugit et veritatis unde. Reprehenderit inventore nesciunt omnis neque pariatur error. Asperiores harum labore sint rem voluptas. Ut deserunt alias explicabo dolore aspernatur aut.','/STATISTICS/vero/.chl',3123000,215.3,-29.02,1.14,3,1,6,0,'Консервативный','2014-10-24 16:06:00','2020-07-26 23:24:01'),(44,68,'tempora',71,_binary 'Nostrum provident cum sed ratione aliquid at harum. Expedita inventore nihil vitae sapiente autem distinctio. Impedit expedita corporis quia debitis distinctio. Quia non a blanditiis odio.','/STATISTICS/tempora/.chl',1845000,23.78,11.36,0.56,6,1,6,0,'Консервативный','2015-04-14 04:25:49','2020-07-26 23:24:01'),(45,38,'debitis',30,_binary 'Dignissimos ipsum saepe unde illum. Voluptatem officiis aut rerum voluptatum nisi libero. Laudantium ut quos quasi quia enim. Quas dolores aut atque autem laborum dolorem.','/STATISTICS/debitis/.chl',2581000,471.61,-23.97,0.38,5,1,6,0,'Консервативный','2006-04-28 05:09:22','2020-07-26 23:26:03'),(46,69,'nulla',35,_binary 'Iusto et reiciendis nisi beatae distinctio et et. Numquam illo suscipit animi et. Quibusdam inventore error quis in ipsum labore. Occaecati saepe blanditiis est et id commodi.','/STATISTICS/nulla/.chl',2669000,165.5,-28.36,1.02,6,1,10,0,'Консервативный','2013-12-16 04:46:57','2020-07-26 23:27:10'),(47,50,'doloremque',74,_binary 'Eum placeat beatae sit. Vitae architecto in quia in rem sit fugit. Expedita porro quod cumque suscipit sit.','/STATISTICS/doloremque/.chl',3410000,165.88,-30.46,1.49,6,1,3,1,'Умеренный','2008-05-04 19:48:30','2020-07-26 23:27:10'),(48,19,'sunt',65,_binary 'Quis ab consequuntur ipsam corrupti in quos ducimus. Nihil quo architecto voluptatum qui et dicta quos. Sunt rerum dignissimos dolores sed dignissimos.','/STATISTICS/sunt/.chl',1095000,-13.16,-14.01,1.55,4,1,2,1,'Агрессивный','2017-01-23 11:02:29','2020-07-26 23:26:03'),(49,36,'omnis',6,_binary 'Dolores quo porro porro magni sequi. Laudantium tempora voluptatum explicabo qui facilis itaque. Explicabo excepturi distinctio recusandae non est consequatur. Ut enim veniam consectetur qui molestiae repudiandae.','/STATISTICS/omnis/.chl',2234000,-5.2,-28.17,1.16,2,1,9,1,'Консервативный','2019-04-19 04:51:34','2020-07-26 23:24:01'),(50,49,'illo',53,_binary 'Aperiam autem sint quis possimus quia. Eum sit explicabo aspernatur tempore odit vel. Libero rerum exercitationem impedit. Eveniet cumque nulla modi qui architecto iusto.','/STATISTICS/illo/.chl',1857000,283.97,-27.68,2.08,5,1,5,1,'Умеренный','2013-08-08 21:21:52','2020-07-26 23:26:03');
/*!40000 ALTER TABLE `strategy` ENABLE KEYS */;
UNLOCK TABLES;

--
-- Table structure for table `users`
--

DROP TABLE IF EXISTS `users`;
/*!40101 SET @saved_cs_client     = @@character_set_client */;
/*!50503 SET character_set_client = utf8mb4 */;
CREATE TABLE `users` (
  `id` int unsigned NOT NULL AUTO_INCREMENT COMMENT 'Идентификатор строки',
  `nik` varchar(100) CHARACTER SET utf8 COLLATE utf8_unicode_ci NOT NULL COMMENT 'НИК пользователя',
  `email` varchar(100) CHARACTER SET utf8 COLLATE utf8_unicode_ci NOT NULL COMMENT 'Почта',
  `Avatar` varchar(100) CHARACTER SET utf8 COLLATE utf8_unicode_ci DEFAULT NULL COMMENT 'Аватар',
  `password` varchar(100) CHARACTER SET utf8 COLLATE utf8_unicode_ci NOT NULL COMMENT 'passsword',
  `created_at` datetime DEFAULT CURRENT_TIMESTAMP COMMENT 'Время регистрации пользователя',
  `updated_at` datetime DEFAULT CURRENT_TIMESTAMP ON UPDATE CURRENT_TIMESTAMP COMMENT 'Время обновления строки',
  PRIMARY KEY (`id`),
  UNIQUE KEY `nik` (`nik`),
  UNIQUE KEY `email` (`email`)
) ENGINE=InnoDB AUTO_INCREMENT=101 DEFAULT CHARSET=utf8 COLLATE=utf8_unicode_ci COMMENT='Пользователи';
/*!40101 SET character_set_client = @saved_cs_client */;

--
-- Dumping data for table `users`
--

LOCK TABLES `users` WRITE;
/*!40000 ALTER TABLE `users` DISABLE KEYS */;
INSERT INTO `users` VALUES (1,'ipsa','fadel.ashly@example.net','/image/avatar/ipsa.img','81eb738b62eda2c937a854486890edcd2e1cca93','1997-08-24 10:00:27','2020-07-26 20:34:32'),(2,'minus','tyrique78@example.org','/image/avatar/minus.img','b1e62437d45eba7e2dc001512ff79c674a99eaec','2007-05-06 12:54:37','2020-07-26 20:34:32'),(3,'omnis','maryam66@example.com','/image/avatar/omnis.img','db60285b6d52eda2b45957d68f686f44d0e245a3','1992-03-31 21:16:36','2020-07-26 20:34:32'),(4,'consequuntur','alivia.kris@example.net','/image/avatar/consequuntur.img','9bcf3d9ed111acaa61a3eba9508bf4b77503990b','1987-09-26 16:58:14','2020-07-26 20:34:32'),(5,'fugiat','swift.liza@example.net','/image/avatar/fugiat.img','af9b9f5db23aa214f3ba268f932269d05ea46b30','2008-08-26 05:03:43','2020-07-26 20:34:32'),(6,'laborum','umcglynn@example.net','/image/avatar/laborum.img','cb868088f3b25b3f135a98c9584e0771f4e1670e','1996-07-08 22:57:07','2020-07-26 20:34:32'),(7,'molestias','clovis.franecki@example.net','/image/avatar/molestias.img','4b9d1205ce25cbc152e2cff7fd3edfd34bc058db','1987-07-10 05:44:51','2020-07-26 20:34:32'),(8,'quia','lstreich@example.net','/image/avatar/quia.img','9225c5f3f97fec2eacb4ca96b17e89efc59e9619','2019-08-08 12:34:12','2020-07-26 20:34:32'),(9,'fugit','rfadel@example.net','/image/avatar/fugit.img','22c50faa2c76f4d4783b62c7b4a7291d6a93d282','2018-06-22 13:08:31','2020-07-26 20:34:32'),(10,'magnam','abigale.kerluke@example.com','/image/avatar/magnam.img','7183ee75fe74035c0d582e0128c42223df0c850e','1978-10-28 02:51:02','2020-07-26 20:34:32'),(11,'voluptate','lillie43@example.org','/image/avatar/voluptate.img','b65ea3f646d6fd95ca5179ce2660700a1d99c104','1992-11-10 01:02:58','2020-07-26 20:34:32'),(12,'voluptas','alva.lindgren@example.org','/image/avatar/voluptas.img','5ef71b25a5478be1798466761de479bc82094f8f','1971-02-15 09:04:46','2020-07-26 20:34:32'),(13,'rerum','omurazik@example.com','/image/avatar/rerum.img','8cc67e554b1b9790ca02b5fa3725de5077a1a1ad','2014-04-26 00:27:33','2020-07-26 20:34:32'),(14,'ullam','elenora53@example.com','/image/avatar/ullam.img','3cf7d734266a9f02a9429747692c1ff40c67dc83','1981-09-19 02:40:26','2020-07-26 20:34:32'),(15,'totam','scotty14@example.org','/image/avatar/totam.img','789ae3142b1663b8f241d5b02c04f32814d44923','2009-04-29 04:55:04','2020-07-26 20:34:32'),(16,'et','margarett.nader@example.com','/image/avatar/et.img','172e0c0adff9b7b0252578bdd008e78a929bda86','2018-09-27 17:41:46','2020-07-26 20:34:32'),(17,'iste','schulist.chesley@example.com','/image/avatar/iste.img','5e188987e7bd9e789c8b9d4679466915abc3b03c','1972-07-06 19:11:54','2020-07-26 20:34:32'),(18,'eos','charlie.renner@example.org','/image/avatar/eos.img','e7013645256dbf610e2221a1fe5b4caf518056ee','1982-12-28 21:49:26','2020-07-26 20:34:32'),(19,'officia','bradly.johns@example.net','/image/avatar/officia.img','c057537cf45d0da92ab81f36812a7249358c971f','2019-05-13 09:15:29','2020-07-26 20:34:32'),(20,'quibusdam','quitzon.jaylen@example.org','/image/avatar/quibusdam.img','63b9d3f5435e0d715064ba1e68d844a8af523825','2016-01-21 10:58:56','2020-07-26 20:34:32'),(21,'ex','jast.juanita@example.com','/image/avatar/ex.img','4a30a6ba47e7a50b3f831d89104345cd4c4cff99','1976-10-24 10:09:57','2020-07-26 20:34:32'),(22,'nostrum','ruecker.zula@example.com','/image/avatar/nostrum.img','2bf8b59ee137029c441629413fb87fa406321df5','1990-05-01 11:41:02','2020-07-26 20:34:32'),(23,'corporis','doug23@example.org','/image/avatar/corporis.img','b0dfc7741a3b1329c4e2f6686d0b08e3f3424f22','1977-12-09 17:07:25','2020-07-26 20:34:32'),(24,'hic','sarina74@example.com','/image/avatar/hic.img','fa968f1cd7bf58582c8006628e2c43bb68bd6fa0','1973-10-05 13:24:48','2020-07-26 20:34:32'),(25,'voluptatem','lemke.jerel@example.org','/image/avatar/voluptatem.img','c9402df24f18608771a975d86a511a88c9839760','1975-07-17 06:08:22','2020-07-26 20:34:32'),(26,'ut','xkovacek@example.net','/image/avatar/ut.img','540b19b6857092aa4a627bf0457276a4899b45ff','1982-07-01 05:25:54','2020-07-26 20:34:32'),(27,'quisquam','dbrakus@example.org','/image/avatar/quisquam.img','75c9edb8d5617dfb9bbf99c3924a69c6feb9136d','1994-03-14 20:34:56','2020-07-26 20:34:32'),(28,'a','lpadberg@example.org','/image/avatar/a.img','f446635dc7094de5fa645dcf995c44ecbc4f5b23','2002-02-26 14:42:03','2020-07-26 20:34:32'),(29,'distinctio','kirlin.rocio@example.com','/image/avatar/distinctio.img','71a15170c61bcdd98ab14cbb8b68dca8b479869a','1975-05-02 04:11:45','2020-07-26 20:34:32'),(30,'magni','arturo.mann@example.com','/image/avatar/magni.img','bfe2817badeb96d67d75233eff2d331577196972','2000-12-25 23:53:00','2020-07-26 20:34:32'),(31,'quis','lillie.nicolas@example.com','/image/avatar/quis.img','304846a1e433f404e980d209542ecd505a17d2b0','1986-12-12 06:01:17','2020-07-26 20:34:32'),(32,'in','koby30@example.net','/image/avatar/in.img','c75d61ce0978f08d9e22937d42594382f701961e','1998-02-05 14:09:05','2020-07-26 20:34:32'),(33,'nesciunt','jalon.rogahn@example.net','/image/avatar/nesciunt.img','0890bb6dba0c90409e19bf4502b8e90a6a1b0422','1988-02-12 11:30:19','2020-07-26 20:34:32'),(34,'id','willard.dicki@example.org','/image/avatar/id.img','138c15d44b4fea7f9cd1b6e2e7d9770e8134f864','1983-01-23 23:05:49','2020-07-26 20:34:32'),(35,'nihil','camden.jenkins@example.net','/image/avatar/nihil.img','8f26a7a8778510d815372d2cfc742da8ac759bac','1996-09-01 03:28:20','2020-07-26 20:34:32'),(36,'dicta','lhermiston@example.com','/image/avatar/dicta.img','700ff9768c4c6838cea5c39a15d1fb30d0052837','1995-09-18 17:08:28','2020-07-26 20:34:32'),(37,'aliquid','isobel.jacobson@example.com','/image/avatar/aliquid.img','d08eb16c157ee9a91033d158058ca0ebad8f4554','1990-03-05 15:03:58','2020-07-26 20:34:32'),(38,'porro','renner.orie@example.net','/image/avatar/porro.img','efc991a3b4e89764616aa940adf79196db75f75c','2005-08-07 03:44:58','2020-07-26 20:34:32'),(39,'vero','akris@example.net','/image/avatar/vero.img','52ebb9a8c76bdc17976c38d7cb716f2fc2f37e54','2020-07-11 10:21:01','2020-07-26 20:34:32'),(40,'facere','goldner.ernesto@example.org','/image/avatar/facere.img','2432bca7aac475406bd36044a37ea5209d16c1d3','2015-04-07 17:06:13','2020-07-26 20:34:32'),(41,'qui','treva87@example.com','/image/avatar/qui.img','71a54a1f9a8a71861be06ce63b1ea633dd1f8582','1995-11-13 10:20:26','2020-07-26 20:34:32'),(42,'iusto','nikki41@example.com','/image/avatar/iusto.img','7e88643b888ed9c2e61e0ad926d180c9a319c9f3','2012-08-25 14:29:18','2020-07-26 20:34:32'),(43,'dignissimos','kohler.phoebe@example.net','/image/avatar/dignissimos.img','003699bb11469c64c92a104d9177928502964b29','2019-07-28 14:40:48','2020-07-26 20:34:32'),(44,'laboriosam','bradtke.duane@example.net','/image/avatar/laboriosam.img','78b9fbfe1f0d12ce0d3024d2b6167c602da318ff','1997-10-15 12:58:57','2020-07-26 20:34:32'),(45,'dolorum','mann.jamil@example.net','/image/avatar/dolorum.img','56d44fe9dbbdcbd33aff512fbb744a8f7d079c02','2001-04-10 06:10:18','2020-07-26 20:34:32'),(46,'veniam','hassan.muller@example.org','/image/avatar/veniam.img','345aaef29a9f215b1816830187b964663391bed9','2006-01-28 11:41:40','2020-07-26 20:34:32'),(47,'adipisci','zjenkins@example.com','/image/avatar/adipisci.img','7b1cfa75ee2f8451d5cd4933de675c437d9924b9','1979-11-28 16:08:28','2020-07-26 20:34:32'),(48,'laudantium','bernhard.oran@example.com','/image/avatar/laudantium.img','5b2b6c8e54605ed5971a0b06d6dede803f9597e3','1997-08-12 13:32:21','2020-07-26 20:34:32'),(49,'itaque','kaylie06@example.com','/image/avatar/itaque.img','3f26dbf87c1058be298fb7c55737104d8520fbd5','1986-09-30 02:46:39','2020-07-26 20:34:32'),(50,'deserunt','georgianna.o\'connell@example.net','/image/avatar/deserunt.img','5f22818713cd97867bcca44809f80b2dd4639188','1971-07-23 07:49:59','2020-07-26 20:34:32'),(51,'expedita','srolfson@example.net','/image/avatar/expedita.img','2878f2f434e2d5cce44e072dec9394f8b63dcc7f','2016-01-10 15:28:25','2020-07-26 20:34:32'),(52,'cumque','mraynor@example.net','/image/avatar/cumque.img','af587a366b23289b40d28ba6c23ea3bb243fd5f7','2004-03-12 18:39:53','2020-07-26 20:34:32'),(53,'ipsum','ygoodwin@example.com','/image/avatar/ipsum.img','d6f02a598be9b7d093b99a0059979ae1da2dc006','1981-12-15 00:51:35','2020-07-26 20:34:32'),(54,'incidunt','gbahringer@example.net','/image/avatar/incidunt.img','4289541ae29df9b744c0886ee2e67c8b07eb3e5d','1984-09-05 22:54:41','2020-07-26 20:34:32'),(55,'est','theron20@example.net','/image/avatar/est.img','1e21c45251c09063ae5388e907baae323d428263','1994-01-12 09:02:16','2020-07-26 20:34:32'),(56,'ea','pouros.moshe@example.org','/image/avatar/ea.img','f6c7a6772aff33eebacab9a089d145ca10de0d08','1984-02-14 10:09:42','2020-07-26 20:34:32'),(57,'aut','torp.verna@example.com','/image/avatar/aut.img','833bcb92c3aa0651ca4b01492ff0021d42bd880d','1970-06-01 14:19:28','2020-07-26 20:34:32'),(58,'vitae','earline.dibbert@example.net','/image/avatar/vitae.img','d2f0e6ca527e4a2f1a7d55f81f4d884e467fe860','1984-03-14 17:08:21','2020-07-26 20:34:32'),(59,'debitis','helene89@example.org','/image/avatar/debitis.img','2be44bef8c3d861ecb8a6b7ae285faf4141296aa','1990-05-27 15:35:25','2020-07-26 20:34:32'),(60,'dolores','russell69@example.org','/image/avatar/dolores.img','9bd8d16eefcd7c3937bfdeccf499d001a21d6827','2018-10-20 06:12:45','2020-07-26 20:34:32'),(61,'nulla','valentine.runolfsdottir@example.com','/image/avatar/nulla.img','455cdc0ab5bb92951d771345ca239baf91ab71e7','1973-12-18 20:29:25','2020-07-26 20:34:32'),(62,'soluta','ryley92@example.net','/image/avatar/soluta.img','5f1f174821336fa4e9b6df29bc84d3893e44c01c','1979-03-29 18:25:18','2020-07-26 20:34:32'),(63,'ipsam','gerson43@example.com','/image/avatar/ipsam.img','458b7eac86e972d69098fa1962ef560316d74b3d','1994-07-26 12:09:46','2020-07-26 20:34:32'),(64,'sit','klocko.johanna@example.net','/image/avatar/sit.img','8ea72c31053f4aeb48eb2acb77641f5d278d23a9','1980-05-09 21:19:28','2020-07-26 20:34:32'),(65,'enim','heathcote.chelsey@example.org','/image/avatar/enim.img','b8de16726dc5386e5538f12790a3fa57e18d1ca0','2019-07-28 13:14:10','2020-07-26 20:34:32'),(66,'pariatur','judd.mcglynn@example.net','/image/avatar/pariatur.img','4b4c00ef8ac7c3dc1ba95453b8ee86fff07f0c88','2000-05-16 23:58:59','2020-07-26 20:34:32'),(67,'minima','schroeder.victoria@example.net','/image/avatar/minima.img','a39353b82c59bf2969ef62e562c326e0c9f71fce','2013-04-15 13:03:48','2020-07-26 20:34:32'),(68,'tempore','ewatsica@example.net','/image/avatar/tempore.img','7eb0f1e97ac9745c6468d0fc1996749c303838ff','1987-05-05 23:11:38','2020-07-26 20:34:32'),(69,'odit','predovic.oren@example.net','/image/avatar/odit.img','b97f8c14e56ffc23d817a5f1e9066824d4aa2b67','2019-07-19 04:57:04','2020-07-26 20:34:32'),(70,'natus','pbalistreri@example.org','/image/avatar/natus.img','c71dd684e3f21ea15edb3b99e641538f699842cb','1980-09-02 03:32:33','2020-07-26 20:34:32'),(71,'non','ike.reichert@example.org','/image/avatar/non.img','39c3446e451d31c372ffc3e115b59a61287b66d5','2008-11-18 22:45:27','2020-07-26 20:34:32'),(72,'asperiores','deshawn.wilderman@example.org','/image/avatar/asperiores.img','3d8b147414ab8b5ea3b83b87e89775771122dab2','2013-02-16 15:40:14','2020-07-26 20:34:32'),(73,'ab','borer.ezequiel@example.com','/image/avatar/ab.img','30515088bae66012f2189007aed421185980deb0','1976-12-02 11:52:03','2020-07-26 20:34:32'),(74,'quo','pacocha.rosendo@example.com','/image/avatar/quo.img','c57cd2465f4b9ed376cf2af64653484be200776d','1998-11-02 08:26:13','2020-07-26 20:34:32'),(75,'fuga','tom75@example.org','/image/avatar/fuga.img','2ea181a23198987122552756cdb6d3f1c652cdbf','2005-07-12 07:10:29','2020-07-26 20:34:32'),(76,'aspernatur','constance89@example.org','/image/avatar/aspernatur.img','58bd5ae985618f901d88d9232cdf52da16b20c5a','1992-02-14 03:10:50','2020-07-26 20:34:32'),(77,'eius','beulah.weber@example.net','/image/avatar/eius.img','2a9c8fb55fe5ffad63bf05ee15c1d6da4638d0d6','1970-04-10 03:25:30','2020-07-26 20:34:32'),(78,'odio','zmante@example.net','/image/avatar/odio.img','f38eb9093b571d972b6713a951da631120b94a79','1971-06-22 10:29:34','2020-07-26 20:34:32'),(79,'reiciendis','creola.jacobi@example.com','/image/avatar/reiciendis.img','b663f6bfb1bce5578c6ab6eb6c4d887e76f5c785','2015-07-22 21:28:56','2020-07-26 20:34:32'),(80,'rem','kris.brenda@example.org','/image/avatar/rem.img','27bdd4f915519acd2a20fd435536cbcec663f50c','1986-08-12 21:46:57','2020-07-26 20:34:32'),(81,'unde','witting.tessie@example.com','/image/avatar/unde.img','e61156037ffb14e2eedace1259aeae90f30565cc','1999-01-28 00:51:10','2020-07-26 20:34:32'),(82,'repellat','hsimonis@example.com','/image/avatar/repellat.img','928bb4cda7d5277fcc5ce2e8034d9a1f8cef1daa','2018-09-12 16:46:12','2020-07-26 20:34:32'),(83,'illo','windler.randi@example.net','/image/avatar/illo.img','c8e478f0beda787c0eb7b59f61500919f1fba48a','1974-05-03 16:03:20','2020-07-26 20:34:32'),(84,'sunt','maggie32@example.net','/image/avatar/sunt.img','60b4eaf26fa87c69d36d37b2f08f51f896204558','2008-07-07 13:20:33','2020-07-26 20:34:32'),(85,'nam','bernier.melvin@example.org','/image/avatar/nam.img','effb47c8ac55d9026c306677674ecb1449ed2d66','2009-11-26 04:27:40','2020-07-26 20:34:32'),(86,'eaque','smith.eda@example.net','/image/avatar/eaque.img','a4fd65287efa7440cccb02f3b0b4fed6ce7ce59c','1980-01-11 01:39:58','2020-07-26 20:34:32'),(87,'explicabo','cmuller@example.com','/image/avatar/explicabo.img','e3c1511ac06bc0715d148bf1055c5d51e080ae36','2002-05-23 17:55:25','2020-07-26 20:34:32'),(88,'illum','nils.dietrich@example.net','/image/avatar/illum.img','055ad9c4f5a376bcb84b2f38b1e476e159364003','1992-08-06 05:48:25','2020-07-26 20:34:32'),(89,'velit','huel.rosella@example.org','/image/avatar/velit.img','66018bf55f2bf370cc6c41acde5f62f71f09f0f2','1975-03-22 12:19:34','2020-07-26 20:34:32'),(90,'esse','yolanda67@example.org','/image/avatar/esse.img','a29ec6cbc81c26506a47259aba4107f03b827051','1995-10-28 00:48:26','2020-07-26 20:34:32'),(91,'eum','clowe@example.org','/image/avatar/eum.img','5ccd03ba7e073871942d8bcd5117e628a52170e7','2010-04-22 17:02:48','2020-07-26 20:34:32'),(92,'nobis','tyra63@example.org','/image/avatar/nobis.img','2801058aa5adace8ee965e540bd63ebfb2bf0005','1997-12-13 01:24:13','2020-07-26 20:34:32'),(93,'saepe','vivian.vonrueden@example.com','/image/avatar/saepe.img','6cc1f473996eefeace98dc752494105d21de743c','2013-05-28 02:23:50','2020-07-26 20:34:32'),(94,'amet','wkirlin@example.org','/image/avatar/amet.img','7319c00ec295827c9faa4b79ad86b0af28ca1d18','1989-09-13 22:48:10','2020-07-26 20:34:32'),(95,'maiores','buford87@example.com','/image/avatar/maiores.img','59e80cea8e4a120e1aa6a0e1e33a5451b34300f3','1984-12-21 17:44:07','2020-07-26 20:34:32'),(96,'cum','hparisian@example.org','/image/avatar/cum.img','1fe58c9573e2d638bdcdc74d95ca5c873d6a639e','1990-07-02 17:38:31','2020-07-26 20:34:32'),(97,'repellendus','rickie37@example.com','/image/avatar/repellendus.img','4d635163ae70c559660a342013639e614e1f7609','1986-09-07 21:07:53','2020-07-26 20:34:32'),(98,'provident','quinton36@example.com','/image/avatar/provident.img','6a90631c873ae18f027581a71318a24a8e415427','2004-02-01 19:58:42','2020-07-26 20:34:32'),(99,'dolore','rmraz@example.net','/image/avatar/dolore.img','cf2710760e5b25b166e05c5c98dfc150966b270c','1970-10-04 18:08:08','2020-07-26 20:34:32'),(100,'at','zraynor@example.net','/image/avatar/at.img','8ac2c282b5e411e353accd75de501f3215a36596','2004-04-26 10:18:51','2020-07-26 20:34:32');
/*!40000 ALTER TABLE `users` ENABLE KEYS */;
UNLOCK TABLES;

--
-- Final view structure for view `best_strategys`
--

/*!50001 DROP VIEW IF EXISTS `best_strategys`*/;
/*!50001 SET @saved_cs_client          = @@character_set_client */;
/*!50001 SET @saved_cs_results         = @@character_set_results */;
/*!50001 SET @saved_col_connection     = @@collation_connection */;
/*!50001 SET character_set_client      = utf8mb4 */;
/*!50001 SET character_set_results     = utf8mb4 */;
/*!50001 SET collation_connection      = utf8mb4_0900_ai_ci */;
/*!50001 CREATE ALGORITHM=UNDEFINED */
/*!50013 DEFINER=`root`@`localhost` SQL SECURITY DEFINER */
/*!50001 VIEW `best_strategys` AS select `strategy`.`name` AS `Название`,`strategy`.`Profit` AS `Profit`,`strategy`.`prosadka` AS `prosadka`,`strategy`.`risk_profile` AS `risk_profile`,`users`.`nik` AS `nik`,count(`clients_strategy`.`users_id`) AS `investors` from (((`strategy` left join `scores` on((`scores`.`id` = `strategy`.`score_id`))) left join `users` on((`users`.`id` = `scores`.`user_id`))) join `clients_strategy` on((`clients_strategy`.`strategy_id` = `strategy`.`id`))) group by `strategy`.`name` order by `strategy`.`Profit` desc,`investors` desc */;
/*!50001 SET character_set_client      = @saved_cs_client */;
/*!50001 SET character_set_results     = @saved_cs_results */;
/*!50001 SET collation_connection      = @saved_col_connection */;

--
-- Final view structure for view `blogs_and_comments`
--

/*!50001 DROP VIEW IF EXISTS `blogs_and_comments`*/;
/*!50001 SET @saved_cs_client          = @@character_set_client */;
/*!50001 SET @saved_cs_results         = @@character_set_results */;
/*!50001 SET @saved_col_connection     = @@collation_connection */;
/*!50001 SET character_set_client      = utf8mb4 */;
/*!50001 SET character_set_results     = utf8mb4 */;
/*!50001 SET collation_connection      = utf8mb4_0900_ai_ci */;
/*!50001 CREATE ALGORITHM=UNDEFINED */
/*!50013 DEFINER=`root`@`localhost` SQL SECURITY DEFINER */
/*!50001 VIEW `blogs_and_comments` AS select `blogs`.`name` AS `name`,`users`.`nik` AS `avtor_blog`,`blogs`.`text_blog` AS `blog`,`comments`.`text_message` AS `comment`,(select `users`.`nik` from `users` where (`comments`.`user_id` = `users`.`id`)) AS `comment_avtor` from ((`blogs` left join `comments` on((`comments`.`blog_id` = `blogs`.`id`))) left join `users` on((`users`.`id` = `blogs`.`user_id`))) */;
/*!50001 SET character_set_client      = @saved_cs_client */;
/*!50001 SET character_set_results     = @saved_cs_results */;
/*!50001 SET collation_connection      = @saved_col_connection */;
/*!40103 SET TIME_ZONE=@OLD_TIME_ZONE */;

/*!40101 SET SQL_MODE=@OLD_SQL_MODE */;
/*!40014 SET FOREIGN_KEY_CHECKS=@OLD_FOREIGN_KEY_CHECKS */;
/*!40014 SET UNIQUE_CHECKS=@OLD_UNIQUE_CHECKS */;
/*!40101 SET CHARACTER_SET_CLIENT=@OLD_CHARACTER_SET_CLIENT */;
/*!40101 SET CHARACTER_SET_RESULTS=@OLD_CHARACTER_SET_RESULTS */;
/*!40101 SET COLLATION_CONNECTION=@OLD_COLLATION_CONNECTION */;
/*!40111 SET SQL_NOTES=@OLD_SQL_NOTES */;

-- Dump completed on 2020-07-29  3:56:35
