-- MySQL dump 10.13  Distrib 5.7.30, for Linux (x86_64)
--
-- Host: localhost    Database: vk
-- ------------------------------------------------------
-- Server version	5.7.30-0ubuntu0.16.04.1

/*!40101 SET @OLD_CHARACTER_SET_CLIENT=@@CHARACTER_SET_CLIENT */;
/*!40101 SET @OLD_CHARACTER_SET_RESULTS=@@CHARACTER_SET_RESULTS */;
/*!40101 SET @OLD_COLLATION_CONNECTION=@@COLLATION_CONNECTION */;
/*!40101 SET NAMES utf8 */;
/*!40103 SET @OLD_TIME_ZONE=@@TIME_ZONE */;
/*!40103 SET TIME_ZONE='+00:00' */;
/*!40014 SET @OLD_UNIQUE_CHECKS=@@UNIQUE_CHECKS, UNIQUE_CHECKS=0 */;
/*!40014 SET @OLD_FOREIGN_KEY_CHECKS=@@FOREIGN_KEY_CHECKS, FOREIGN_KEY_CHECKS=0 */;
/*!40101 SET @OLD_SQL_MODE=@@SQL_MODE, SQL_MODE='NO_AUTO_VALUE_ON_ZERO' */;
/*!40111 SET @OLD_SQL_NOTES=@@SQL_NOTES, SQL_NOTES=0 */;

--
-- Table structure for table `communities`
--

DROP TABLE IF EXISTS `communities`;
/*!40101 SET @saved_cs_client     = @@character_set_client */;
/*!40101 SET character_set_client = utf8 */;
CREATE TABLE `communities` (
  `id` int(10) unsigned NOT NULL AUTO_INCREMENT COMMENT 'Идентификатор сроки',
  `name` varchar(150) COLLATE utf8_unicode_ci NOT NULL COMMENT 'Название группы',
  `created_at` datetime DEFAULT CURRENT_TIMESTAMP COMMENT 'Время создания строки',
  `updated_at` datetime DEFAULT CURRENT_TIMESTAMP ON UPDATE CURRENT_TIMESTAMP COMMENT 'Время обновления строки',
  PRIMARY KEY (`id`),
  UNIQUE KEY `name` (`name`)
) ENGINE=InnoDB AUTO_INCREMENT=6 DEFAULT CHARSET=utf8 COLLATE=utf8_unicode_ci COMMENT='Группы';
/*!40101 SET character_set_client = @saved_cs_client */;

--
-- Dumping data for table `communities`
--

LOCK TABLES `communities` WRITE;
/*!40000 ALTER TABLE `communities` DISABLE KEYS */;
INSERT INTO `communities` VALUES (1,' Busines','2000-12-13 01:20:56','2020-06-16 03:29:57'),(2,' Learning','2017-07-16 17:16:45','2020-06-16 03:29:57'),(3,'IT','1978-06-13 08:41:35','1982-09-18 22:40:42'),(4,' Other','2015-05-11 07:24:13','2020-06-16 03:29:57'),(5,' Games','1980-07-01 14:14:18','2019-03-15 21:56:36');
/*!40000 ALTER TABLE `communities` ENABLE KEYS */;
UNLOCK TABLES;

--
-- Table structure for table `communities_users`
--

DROP TABLE IF EXISTS `communities_users`;
/*!40101 SET @saved_cs_client     = @@character_set_client */;
/*!40101 SET character_set_client = utf8 */;
CREATE TABLE `communities_users` (
  `community_id` int(10) unsigned NOT NULL COMMENT 'Ссылка на группу',
  `user_id` int(10) unsigned NOT NULL COMMENT 'Ссылка на пользователя',
  `created_at` datetime DEFAULT CURRENT_TIMESTAMP COMMENT 'Время создания строки',
  PRIMARY KEY (`community_id`,`user_id`) COMMENT 'Составной первичный ключ'
) ENGINE=InnoDB DEFAULT CHARSET=utf8 COLLATE=utf8_unicode_ci COMMENT='Участники групп, связь между пользователями и группами';
/*!40101 SET character_set_client = @saved_cs_client */;

--
-- Dumping data for table `communities_users`
--

LOCK TABLES `communities_users` WRITE;
/*!40000 ALTER TABLE `communities_users` DISABLE KEYS */;
INSERT INTO `communities_users` VALUES (1,1,'1999-09-16 00:59:15'),(1,6,'1973-09-17 10:43:03'),(1,11,'2007-08-28 20:57:31'),(1,16,'1977-06-19 13:17:51'),(1,21,'1979-04-03 01:03:16'),(1,26,'1988-11-18 04:39:05'),(1,31,'2001-07-11 19:36:32'),(1,36,'2010-01-22 19:47:41'),(1,41,'2003-01-26 04:14:54'),(1,46,'2019-03-01 22:04:57'),(1,51,'2020-02-22 23:09:18'),(1,56,'1980-10-26 20:54:53'),(1,61,'1977-07-27 05:24:07'),(1,66,'1991-03-10 08:58:43'),(1,71,'2016-10-01 19:39:57'),(1,76,'1989-01-13 16:21:04'),(1,81,'1977-10-19 21:00:41'),(1,86,'2006-03-22 22:55:40'),(1,91,'1978-07-18 15:54:54'),(1,96,'2010-07-16 03:57:49'),(2,2,'1975-02-15 10:51:50'),(2,7,'2020-02-29 13:46:44'),(2,12,'1994-06-12 10:28:27'),(2,17,'1978-09-17 02:33:09'),(2,22,'1999-06-17 02:45:20'),(2,27,'2015-12-30 12:50:14'),(2,32,'1993-11-24 22:52:32'),(2,37,'2006-05-28 07:52:19'),(2,42,'2009-10-13 07:41:35'),(2,47,'1970-09-13 12:49:52'),(2,52,'1973-06-09 14:26:38'),(2,57,'2010-08-06 06:11:29'),(2,62,'2016-12-28 18:03:26'),(2,67,'1997-06-07 22:17:09'),(2,72,'1981-01-11 22:23:18'),(2,77,'1978-04-02 09:46:15'),(2,82,'1973-11-29 00:26:21'),(2,87,'2001-10-21 10:40:01'),(2,92,'1973-09-23 18:52:46'),(2,97,'1991-11-12 02:12:20'),(3,3,'1996-06-20 08:34:11'),(3,8,'1971-08-26 01:28:42'),(3,13,'2020-03-15 11:40:06'),(3,18,'1987-05-01 07:58:07'),(3,23,'1984-07-25 15:15:59'),(3,28,'1970-10-12 22:17:00'),(3,33,'2011-02-19 21:06:04'),(3,38,'1978-01-26 16:15:55'),(3,43,'2003-05-13 21:25:36'),(3,48,'1987-09-26 01:31:56'),(3,53,'1971-02-02 05:39:35'),(3,58,'2015-04-04 04:27:02'),(3,63,'1981-04-08 04:54:08'),(3,68,'2004-01-14 20:28:22'),(3,73,'1998-05-22 23:50:51'),(3,78,'2010-08-11 13:53:30'),(3,83,'1982-11-30 17:43:24'),(3,88,'1971-07-15 23:56:26'),(3,93,'1974-10-20 21:29:25'),(3,98,'1987-07-08 01:47:16'),(4,4,'2017-10-01 06:47:03'),(4,9,'2014-04-15 01:45:34'),(4,14,'1982-07-30 19:11:59'),(4,19,'1970-04-05 16:46:14'),(4,24,'2011-01-17 14:29:26'),(4,29,'1985-04-02 04:07:31'),(4,34,'1972-01-30 03:20:37'),(4,39,'1999-03-19 08:23:45'),(4,44,'1994-12-23 08:50:24'),(4,49,'1988-05-17 11:57:01'),(4,54,'2013-12-30 10:01:56'),(4,59,'2001-08-21 07:35:15'),(4,64,'1989-02-16 08:23:01'),(4,69,'1987-01-03 19:38:35'),(4,74,'2016-03-30 12:25:35'),(4,79,'2014-03-06 04:58:14'),(4,84,'1993-12-20 15:31:47'),(4,89,'1979-01-27 06:28:27'),(4,94,'1980-05-01 06:02:38'),(4,99,'2007-04-28 16:58:56'),(5,5,'2014-05-21 14:38:39'),(5,10,'1971-06-19 11:16:40'),(5,15,'2001-08-20 17:10:15'),(5,20,'1985-11-08 03:09:26'),(5,25,'2018-05-31 21:29:37'),(5,30,'2010-08-29 08:35:12'),(5,35,'1975-01-29 11:15:40'),(5,40,'2001-10-05 23:43:10'),(5,45,'2016-06-05 22:29:08'),(5,50,'1982-01-24 22:07:18'),(5,55,'1977-10-06 06:47:00'),(5,60,'2013-06-17 15:10:30'),(5,65,'1979-10-06 04:51:58'),(5,70,'1984-03-10 15:55:10'),(5,75,'1981-08-30 19:45:26'),(5,80,'1976-02-25 10:10:50'),(5,85,'1971-02-25 17:13:40'),(5,90,'1998-01-11 19:11:53'),(5,95,'1973-11-22 07:23:12'),(5,100,'1970-09-15 13:09:33');
/*!40000 ALTER TABLE `communities_users` ENABLE KEYS */;
UNLOCK TABLES;

--
-- Table structure for table `friendship`
--

DROP TABLE IF EXISTS `friendship`;
/*!40101 SET @saved_cs_client     = @@character_set_client */;
/*!40101 SET character_set_client = utf8 */;
CREATE TABLE `friendship` (
  `user_id` int(10) unsigned NOT NULL COMMENT 'Ссылка на инициатора дружеских отношений',
  `friend_id` int(10) unsigned NOT NULL COMMENT 'Ссылка на получателя приглашения дружить',
  `status_id` int(10) unsigned NOT NULL COMMENT 'Ссылка на статус (текущее состояние) отношений',
  `confirmed_at` datetime DEFAULT NULL COMMENT 'Время подтверждения приглашения',
  `declined_at` datetime DEFAULT NULL,
  `created_at` datetime DEFAULT CURRENT_TIMESTAMP COMMENT 'Время создания строки',
  `updated_at` datetime DEFAULT CURRENT_TIMESTAMP ON UPDATE CURRENT_TIMESTAMP COMMENT 'Время обновления строки',
  PRIMARY KEY (`user_id`,`friend_id`) COMMENT 'Составной первичный ключ'
) ENGINE=InnoDB DEFAULT CHARSET=utf8 COLLATE=utf8_unicode_ci COMMENT='Таблица дружбы';
/*!40101 SET character_set_client = @saved_cs_client */;

--
-- Dumping data for table `friendship`
--

LOCK TABLES `friendship` WRITE;
/*!40000 ALTER TABLE `friendship` DISABLE KEYS */;
INSERT INTO `friendship` VALUES (1,38,2,'2001-12-26 15:18:10','2020-06-16 02:19:34','1987-08-17 18:06:36','2020-06-16 03:54:42'),(2,66,2,'2017-04-11 21:40:54','1985-05-31 03:39:17','1987-01-25 13:01:34','2020-06-16 03:54:42'),(3,60,1,'1982-09-30 09:00:49','1992-09-25 15:01:41','1986-07-26 06:28:26','2020-06-16 03:54:42'),(4,12,1,'2005-01-18 05:18:11','2020-06-16 02:20:40','1993-11-12 11:20:18','2020-06-16 03:52:37'),(5,13,3,'1973-03-14 08:59:58','2020-06-16 02:20:40','1991-02-23 14:42:04','2020-06-16 03:54:42'),(6,67,3,'1974-11-07 10:26:24','2020-06-16 02:20:40','1974-05-13 22:04:05','2020-06-16 03:54:42'),(7,49,1,'1977-10-15 16:42:47','2020-06-16 02:20:40','2000-10-04 13:24:17','2020-06-16 03:54:42'),(8,19,1,'1978-09-18 23:44:57','2005-08-18 20:21:59','1977-03-20 06:34:38','2020-06-16 03:54:42'),(9,6,1,'1991-10-24 04:47:02','2020-06-16 02:20:40','2010-01-10 00:57:11','2020-06-16 03:52:37'),(10,46,2,'1976-08-21 11:20:58','2020-06-16 02:20:40','2006-09-28 05:12:32','2020-06-16 03:54:42'),(11,40,3,'1999-06-19 00:24:03','2020-06-16 02:19:34','1977-10-01 11:18:09','2020-06-16 03:52:37'),(12,65,1,'1987-01-31 06:07:52','2020-06-16 02:20:40','2009-11-20 11:09:57','2020-06-16 03:54:42'),(13,69,1,'1997-03-08 00:41:59','2013-12-10 06:06:49','1993-05-30 04:35:51','2020-06-16 03:54:42'),(14,47,2,'2002-06-06 19:38:27','2020-06-16 02:19:38','1995-04-01 22:09:01','2020-06-16 03:54:42'),(15,99,3,'1987-09-17 02:15:03','1972-12-27 09:31:54','1994-05-19 01:59:43','2020-06-16 03:54:42'),(16,82,1,'1983-10-07 13:02:26','2020-06-16 02:20:40','2008-06-12 13:29:47','2020-06-16 03:52:37'),(17,54,3,'1998-11-06 18:45:44','1972-12-27 09:31:54','2012-10-22 12:49:10','2020-06-16 03:54:42'),(18,94,2,'2004-03-16 06:30:18','2020-06-16 02:20:40','1983-03-29 12:10:51','2020-06-16 03:52:37'),(19,81,2,'1974-03-28 21:28:28','2009-01-05 15:47:49','1974-02-06 12:44:41','2020-06-16 03:54:42'),(20,5,2,'1994-03-23 22:04:07','2020-06-16 02:20:40','1994-05-31 01:41:33','2020-06-16 03:52:37'),(21,70,1,'1995-07-15 14:33:49','2020-06-16 02:20:40','1999-03-24 01:41:10','2020-06-16 03:54:42'),(22,14,2,'1978-09-28 02:28:04','1999-06-22 21:47:21','1996-04-19 14:48:56','2020-06-16 03:54:42'),(23,8,3,'2003-10-20 06:49:33','2020-06-16 02:20:40','1989-07-13 00:30:18','2020-06-16 03:52:37'),(24,76,3,'2007-12-12 14:33:00','2020-04-07 00:52:51','1984-04-21 21:57:23','2020-06-16 03:54:42'),(25,80,3,'1987-08-23 17:34:19','1972-12-27 09:31:54','2005-12-21 10:18:50','2020-06-16 03:54:42'),(26,86,3,'2001-08-26 07:18:23','1999-06-22 21:47:21','1998-01-31 17:42:47','2020-06-16 03:54:42'),(27,22,3,'2007-03-06 04:33:41','2020-06-16 02:20:40','1971-03-12 18:13:28','2020-06-16 03:54:42'),(28,84,3,'2011-03-06 13:11:26','2020-06-16 02:20:40','1972-07-27 03:54:06','2020-06-16 03:54:42'),(29,36,3,'1972-04-06 02:18:45','2019-08-31 05:39:21','1994-01-14 19:56:05','2020-06-16 03:54:42'),(30,32,1,'2009-10-22 06:05:36','2020-06-16 02:20:40','1974-08-13 09:10:34','2020-06-16 03:52:37'),(31,30,3,'2004-03-11 17:28:53','2007-05-21 18:18:09','1995-08-13 06:12:47','2020-06-16 03:54:42'),(32,26,2,'1990-11-20 13:31:02','2020-06-16 02:20:40','1989-11-12 11:09:44','2020-06-16 03:54:42'),(33,18,1,'1976-10-20 02:10:54','2018-06-27 01:01:12','1996-12-11 12:05:01','2020-06-16 03:54:42'),(34,45,1,'1984-03-28 05:18:51','2020-06-16 02:20:40','1971-03-28 04:44:55','2020-06-16 03:52:37'),(35,41,3,'1980-04-12 06:58:27','2020-06-16 02:20:40','1971-11-04 00:59:55','2020-06-16 03:52:37'),(36,39,2,'2012-04-19 17:41:22','1995-10-14 23:17:41','1994-03-09 18:02:25','2020-06-16 03:54:42'),(37,58,3,'1978-05-28 04:29:27','2005-01-18 12:48:24','2015-06-10 17:45:01','2020-06-16 03:54:42'),(38,85,2,'1982-06-01 19:15:50','2007-03-26 13:53:07','1983-01-09 00:34:07','2020-06-16 03:54:42'),(39,77,3,'1973-05-06 23:00:15','2017-07-14 16:07:21','2004-08-02 08:03:50','2020-06-16 03:54:42'),(40,62,1,'1997-12-12 08:59:35','2020-06-16 02:20:40','2000-11-30 03:50:50','2020-06-16 03:54:42'),(41,78,2,'1981-12-21 21:49:54','2020-06-16 02:20:40','2017-05-08 03:34:48','2020-06-16 03:52:37'),(42,89,3,'2008-05-23 18:45:14','2007-03-26 13:53:07','1979-12-24 00:01:19','2020-06-16 03:54:42'),(43,1,2,'2017-02-08 09:12:01','1989-04-28 08:23:00','1999-03-13 21:02:58','2020-06-16 03:54:42'),(44,3,3,'1998-09-03 03:44:38','2020-06-16 02:20:40','1996-11-24 03:25:47','2020-06-16 03:54:42'),(45,79,1,'2012-10-13 13:45:18','1985-08-01 08:47:01','1989-09-05 06:52:27','2020-06-16 03:54:42'),(46,33,1,'1976-01-16 15:39:54','2013-06-08 05:10:51','2002-02-08 13:15:15','2020-06-16 03:54:42'),(47,10,2,'2014-07-01 21:20:48','2020-06-16 02:20:40','2004-01-04 22:27:42','2020-06-16 03:54:42'),(48,71,1,'2010-10-09 16:00:50','2020-06-16 02:19:34','1989-07-28 07:04:27','2020-06-16 03:54:42'),(49,11,1,'2019-11-14 21:32:35','2020-06-16 02:20:40','1984-02-05 07:37:13','2020-06-16 03:52:37'),(50,17,2,'1971-05-21 00:17:13','2020-06-16 02:20:40','2002-02-22 21:49:02','2020-06-16 03:54:42'),(51,27,1,'2009-02-20 13:11:54','2020-06-16 02:20:40','1981-08-20 21:21:32','2020-06-16 03:54:42'),(52,35,3,'2014-06-08 23:15:20','2020-06-16 02:20:40','2010-04-17 16:46:40','2020-06-16 03:52:37'),(53,31,3,'1970-11-12 20:24:44','2012-01-26 12:46:07','2002-10-19 21:33:36','2020-06-16 03:54:42'),(54,93,3,'1970-10-05 20:05:03','2020-06-16 02:20:40','2016-12-25 18:32:36','2020-06-16 03:54:42'),(55,75,1,'2011-06-04 00:15:41','2020-06-16 02:20:40','1987-09-21 04:44:46','2020-06-16 03:54:42'),(56,29,3,'1992-08-31 15:44:42','2005-08-18 20:21:59','1993-08-18 00:21:36','2020-06-16 03:54:42'),(57,95,2,'2010-09-22 14:53:04','2020-06-16 02:20:40','2003-05-24 07:59:44','2020-06-16 03:54:42'),(58,7,2,'1994-10-11 19:12:48','2020-06-16 02:20:40','1997-10-06 16:55:54','2020-06-16 03:52:37'),(59,23,3,'1971-09-26 09:05:36','2015-05-23 13:03:01','1981-01-30 15:34:06','2020-06-16 03:54:42'),(60,37,3,'1997-04-21 17:43:06','2000-10-24 09:31:29','1976-03-27 06:06:30','2020-06-16 03:54:42'),(61,56,2,'1983-11-12 18:30:45','2013-12-10 06:06:49','1971-08-29 06:01:25','2020-06-16 03:54:42'),(62,52,3,'1981-02-19 04:19:48','1986-08-27 20:51:44','1974-05-01 23:13:51','2020-06-16 03:54:42'),(63,16,1,'2014-10-09 14:17:59','2020-06-16 02:20:40','1989-10-12 05:05:40','2020-06-16 03:54:42'),(64,44,1,'1992-05-11 22:02:12','2020-06-16 02:20:40','1982-11-17 19:42:55','2020-06-16 03:54:42'),(65,61,2,'1970-12-06 12:49:44','2020-06-16 02:20:40','2010-09-14 09:26:01','2020-06-16 03:54:42'),(66,28,1,'2010-06-17 00:55:56','2018-07-24 08:08:48','1980-04-07 15:03:27','2020-06-16 03:54:42'),(67,50,2,'2014-06-04 01:18:08','2015-08-13 06:18:16','2008-08-25 23:11:53','2020-06-16 03:54:42'),(68,63,3,'1996-08-23 06:00:08','2020-04-07 00:52:51','2008-02-09 20:12:08','2020-06-16 03:54:42'),(69,2,2,'2007-02-22 00:59:32','2010-04-24 03:43:27','1991-07-30 00:15:27','2020-06-16 03:54:42'),(70,51,2,'2015-11-24 11:41:18','2020-06-16 02:19:38','2014-06-16 14:33:20','2020-06-16 03:54:42'),(71,55,3,'2014-10-03 17:11:33','2020-06-16 02:20:40','1996-06-10 08:31:41','2020-06-16 03:52:37'),(72,9,1,'1974-04-08 01:28:10','2020-06-16 02:20:40','1997-09-05 21:34:27','2020-06-16 03:54:42'),(73,74,1,'1975-07-29 19:51:47','2020-06-16 02:20:40','1984-11-20 17:06:56','2020-06-16 03:54:42'),(74,4,2,'1991-10-16 01:17:35','2012-01-26 12:46:07','2007-05-21 18:10:41','2020-06-16 03:54:42'),(75,87,1,'1978-05-21 01:09:00','2017-07-14 16:07:21','1993-12-08 20:25:09','2020-06-16 03:54:42'),(76,97,2,'1971-10-22 21:13:11','2020-06-16 02:20:40','1988-10-29 12:24:37','2020-06-16 03:52:37'),(77,42,2,'1988-01-22 10:01:45','2020-06-16 02:20:40','2019-11-09 08:16:24','2020-06-16 03:52:37'),(78,96,1,'1977-05-13 08:32:00','1979-06-16 03:46:19','1977-02-10 23:54:41','2020-06-16 03:54:42'),(79,59,3,'1980-12-03 13:30:39','2020-06-16 02:20:40','1970-06-17 13:49:22','2020-06-16 03:54:42'),(80,53,3,'1971-07-25 15:02:55','2015-05-23 13:03:01','1999-12-10 18:23:47','2020-06-16 03:54:42'),(81,57,3,'2008-01-12 14:28:46','1988-08-15 07:21:57','2015-04-15 09:36:33','2020-06-16 03:54:42'),(82,48,3,'1997-07-09 01:12:55','2020-06-16 02:20:40','2015-12-03 08:04:36','2020-06-16 03:52:37'),(83,74,2,'1991-02-01 20:29:34','2013-12-10 06:06:49','1983-02-19 04:29:06','2020-06-16 03:54:42'),(84,72,3,'1977-09-12 03:05:01','2020-06-16 02:20:40','2008-07-24 16:24:50','2020-06-16 03:52:37'),(85,64,2,'1977-02-13 13:14:29','2012-01-26 12:46:07','2004-06-26 07:36:35','2020-06-16 03:54:42'),(86,24,2,'1984-02-14 07:01:45','2020-06-16 02:20:40','2014-12-16 14:57:15','2020-06-16 03:54:42'),(87,88,2,'1996-12-02 16:43:18','2020-06-16 02:20:40','1979-01-15 19:18:50','2020-06-16 03:54:42'),(88,98,2,'2018-07-05 13:36:33','2020-06-16 02:20:40','1985-06-07 03:47:17','2020-06-16 03:52:37'),(89,34,1,'2012-10-13 06:53:49','2012-02-28 03:34:45','1983-11-08 23:44:24','2020-06-16 03:54:42'),(90,91,1,'1980-11-05 00:53:36','2020-06-16 02:20:40','1993-06-13 01:21:09','2020-06-16 03:54:42'),(91,25,3,'2009-05-24 00:29:28','2017-09-23 01:21:02','2015-03-28 14:32:58','2020-06-16 03:54:42'),(92,43,3,'2003-05-20 08:46:41','2000-10-24 09:31:29','2001-02-17 16:54:48','2020-06-16 03:54:42'),(93,100,2,'1988-02-26 01:47:07','1979-06-16 03:46:19','2004-12-06 12:11:18','2020-06-16 03:54:42'),(94,68,2,'1982-12-23 11:23:56','2020-06-16 02:19:38','2003-02-03 17:45:59','2020-06-16 03:54:42'),(95,20,1,'1973-09-22 11:46:16','2015-05-23 13:03:01','1985-11-12 08:31:38','2020-06-16 03:54:42'),(96,92,2,'1987-07-22 08:18:08','2020-06-16 02:20:40','1981-05-25 15:22:44','2020-06-16 03:54:42'),(97,91,3,'1976-08-29 17:00:22','2003-02-07 19:22:54','1993-06-11 18:27:18','2020-06-16 03:54:42'),(98,21,3,'1980-02-28 10:26:01','2020-06-16 02:20:40','2008-12-26 12:28:43','2020-06-16 03:54:42'),(99,15,3,'1990-12-10 11:16:27','2004-03-24 16:39:23','1970-09-09 16:41:03','2020-06-16 03:54:42'),(100,83,3,'1995-03-22 05:50:29','2020-06-16 02:20:40','2011-11-13 02:41:05','2020-06-16 03:54:42');
/*!40000 ALTER TABLE `friendship` ENABLE KEYS */;
UNLOCK TABLES;

--
-- Table structure for table `friendship_statuses`
--

DROP TABLE IF EXISTS `friendship_statuses`;
/*!40101 SET @saved_cs_client     = @@character_set_client */;
/*!40101 SET character_set_client = utf8 */;
CREATE TABLE `friendship_statuses` (
  `id` int(10) unsigned NOT NULL AUTO_INCREMENT COMMENT 'Идентификатор строки',
  `name` varchar(150) COLLATE utf8_unicode_ci NOT NULL COMMENT 'Название статуса',
  `created_at` datetime DEFAULT CURRENT_TIMESTAMP COMMENT 'Время создания строки',
  `updated_at` datetime DEFAULT CURRENT_TIMESTAMP ON UPDATE CURRENT_TIMESTAMP COMMENT 'Время обновления строки',
  PRIMARY KEY (`id`),
  UNIQUE KEY `name` (`name`)
) ENGINE=InnoDB AUTO_INCREMENT=4 DEFAULT CHARSET=utf8 COLLATE=utf8_unicode_ci COMMENT='Статусы дружбы';
/*!40101 SET character_set_client = @saved_cs_client */;

--
-- Dumping data for table `friendship_statuses`
--

LOCK TABLES `friendship_statuses` WRITE;
/*!40000 ALTER TABLE `friendship_statuses` DISABLE KEYS */;
INSERT INTO `friendship_statuses` VALUES (1,'Requested','2020-06-16 03:27:44','2020-06-16 03:27:44'),(2,'Confirmed','2020-06-16 03:27:44','2020-06-16 03:27:44'),(3,'Rejected','2020-06-16 03:27:44','2020-06-16 03:27:44');
/*!40000 ALTER TABLE `friendship_statuses` ENABLE KEYS */;
UNLOCK TABLES;

--
-- Table structure for table `media`
--

DROP TABLE IF EXISTS `media`;
/*!40101 SET @saved_cs_client     = @@character_set_client */;
/*!40101 SET character_set_client = utf8 */;
CREATE TABLE `media` (
  `id` int(10) unsigned NOT NULL AUTO_INCREMENT COMMENT 'Идентификатор строки',
  `user_id` int(10) unsigned NOT NULL COMMENT 'Ссылка на пользователя, который загрузил файл',
  `filename` varchar(255) COLLATE utf8_unicode_ci NOT NULL COMMENT 'Путь к файлу',
  `size` int(11) NOT NULL COMMENT 'Размер файла',
  `metadata` json DEFAULT NULL,
  `media_type_id` int(10) unsigned NOT NULL COMMENT 'Ссылка на тип контента',
  `created_at` datetime DEFAULT CURRENT_TIMESTAMP COMMENT 'Время создания строки',
  `updated_at` datetime DEFAULT CURRENT_TIMESTAMP ON UPDATE CURRENT_TIMESTAMP COMMENT 'Время обновления строки',
  PRIMARY KEY (`id`)
) ENGINE=InnoDB AUTO_INCREMENT=101 DEFAULT CHARSET=utf8 COLLATE=utf8_unicode_ci COMMENT='Медиафайлы';
/*!40101 SET character_set_client = @saved_cs_client */;

--
-- Dumping data for table `media`
--

LOCK TABLES `media` WRITE;
/*!40000 ALTER TABLE `media` DISABLE KEYS */;
INSERT INTO `media` VALUES (1,94,'https://dropbox/vk/Mills.png',18737,'{\"owner\": \"Lorna Mills\"}',1,'1990-10-31 12:54:13','2020-06-16 03:15:17'),(2,17,'https://dropbox/vk/Kertzmann.avi',47797,'{\"owner\": \"Destiny Kertzmann\"}',2,'2008-09-11 07:49:07','2020-06-16 03:15:17'),(3,60,'https://dropbox/vk/Sporer.avi',38012,'{\"owner\": \"Nathan Sporer\"}',3,'2009-12-01 07:43:50','2020-06-16 03:15:17'),(4,41,'https://dropbox/vk/Wuckert.jpeg',31453,'{\"owner\": \"Kelley Wuckert\"}',4,'1978-10-19 16:01:33','2020-06-16 03:15:17'),(5,51,'https://dropbox/vk/Swaniawski.png',12641,'{\"owner\": \"Blanche Swaniawski\"}',1,'1985-06-13 08:25:29','2020-06-16 03:15:17'),(6,97,'https://dropbox/vk/Orn.png',33524,'{\"owner\": \"Lukas Orn\"}',2,'1979-05-30 16:30:13','2020-06-16 03:15:17'),(7,79,'https://dropbox/vk/Kuvalis.mpeg',53756,'{\"owner\": \"Clotilde Kuvalis\"}',3,'1997-03-09 05:37:37','2020-06-16 03:15:17'),(8,28,'https://dropbox/vk/Lynch.avi',44540,'{\"owner\": \"Kaleb Lynch\"}',4,'1992-10-29 10:12:05','2020-06-16 03:15:17'),(9,34,'https://dropbox/vk/Langworth.mpeg',16248,'{\"owner\": \"Clare Langworth\"}',1,'1983-03-18 03:56:47','2020-06-16 03:15:17'),(10,75,'https://dropbox/vk/Kessler.avi',9107,'{\"owner\": \"Devan Kessler\"}',2,'2019-01-23 09:01:02','2020-06-16 03:15:17'),(11,66,'https://dropbox/vk/Bahringer.jpeg',25966,'{\"owner\": \"Stan Bahringer\"}',3,'1985-11-07 13:22:41','2020-06-16 03:15:17'),(12,96,'https://dropbox/vk/Johnston.jpeg',39045,'{\"owner\": \"Marjolaine Johnston\"}',4,'2011-11-29 08:39:00','2020-06-16 03:15:17'),(13,21,'https://dropbox/vk/Carroll.mpeg',12710,'{\"owner\": \"Jaden Carroll\"}',1,'2000-10-13 04:46:51','2020-06-16 03:15:17'),(14,37,'https://dropbox/vk/Glover.avi',20314,'{\"owner\": \"Adam Glover\"}',2,'1986-07-08 11:33:55','2020-06-16 03:15:17'),(15,45,'https://dropbox/vk/Runte.png',49512,'{\"owner\": \"Erna Runte\"}',3,'1997-05-15 09:21:59','2020-06-16 03:15:17'),(16,95,'https://dropbox/vk/Bradtke.mpeg',23345,'{\"owner\": \"Ava Bradtke\"}',4,'2011-08-17 04:28:34','2020-06-16 03:15:17'),(17,49,'https://dropbox/vk/Tromp.mpeg',42966,'{\"owner\": \"Henry Tromp\"}',1,'1988-06-04 21:53:28','2020-06-16 03:15:17'),(18,56,'https://dropbox/vk/Leffler.png',29502,'{\"owner\": \"Izabella Leffler\"}',2,'2007-05-05 19:55:28','2020-06-16 03:15:17'),(19,82,'https://dropbox/vk/Koss.png',22570,'{\"owner\": \"Alana Koss\"}',3,'1996-05-26 07:34:40','2020-06-16 03:15:17'),(20,15,'https://dropbox/vk/Langworth.avi',11280,'{\"owner\": \"Orland Langworth\"}',4,'1994-08-30 07:52:56','2020-06-16 03:15:17'),(21,22,'https://dropbox/vk/Hoeger.avi',4728,'{\"owner\": \"Ruben Hoeger\"}',1,'1977-11-20 10:56:21','2020-06-16 03:15:17'),(22,27,'https://dropbox/vk/Paucek.png',58589,'{\"owner\": \"Rozella Paucek\"}',2,'2001-04-11 20:03:14','2020-06-16 03:15:17'),(23,51,'https://dropbox/vk/Swaniawski.avi',34816,'{\"owner\": \"Blanche Swaniawski\"}',3,'1992-08-11 08:01:10','2020-06-16 03:15:17'),(24,20,'https://dropbox/vk/Fay.jpeg',3231,'{\"owner\": \"Leopold Fay\"}',4,'2007-07-06 20:02:25','2020-06-16 03:15:17'),(25,75,'https://dropbox/vk/Kessler.avi',59736,'{\"owner\": \"Devan Kessler\"}',1,'1993-07-20 03:05:57','2020-06-16 03:15:17'),(26,82,'https://dropbox/vk/Koss.avi',61569,'{\"owner\": \"Alana Koss\"}',2,'2008-01-27 23:27:06','2020-06-16 03:15:17'),(27,96,'https://dropbox/vk/Johnston.mpeg',57689,'{\"owner\": \"Marjolaine Johnston\"}',3,'2014-12-14 12:03:36','2020-06-16 03:15:17'),(28,7,'https://dropbox/vk/Wisoky.mpeg',53604,'{\"owner\": \"Ernest Wisoky\"}',4,'1998-04-06 11:25:07','2020-06-16 03:15:17'),(29,3,'https://dropbox/vk/Hettinger.jpeg',1671,'{\"owner\": \"Allene Hettinger\"}',1,'1970-09-27 04:22:14','2020-06-16 03:15:17'),(30,64,'https://dropbox/vk/Moore.avi',3887,'{\"owner\": \"Faye Moore\"}',2,'2004-03-09 03:13:00','2020-06-16 03:15:17'),(31,4,'https://dropbox/vk/Murray.jpeg',42197,'{\"owner\": \"Dixie Murray\"}',3,'2011-11-01 20:22:25','2020-06-16 03:15:17'),(32,64,'https://dropbox/vk/Moore.mpeg',18045,'{\"owner\": \"Faye Moore\"}',4,'2006-03-01 05:41:58','2020-06-16 03:15:17'),(33,61,'https://dropbox/vk/Borer.mpeg',29112,'{\"owner\": \"Joan Borer\"}',1,'1977-12-05 19:07:30','2020-06-16 03:15:17'),(34,8,'https://dropbox/vk/Zieme.jpeg',8514,'{\"owner\": \"Maeve Zieme\"}',2,'2006-12-05 09:23:42','2020-06-16 03:15:17'),(35,65,'https://dropbox/vk/Treutel.jpeg',57005,'{\"owner\": \"Rosamond Treutel\"}',3,'1994-03-02 08:19:26','2020-06-16 03:15:17'),(36,28,'https://dropbox/vk/Lynch.jpeg',54691,'{\"owner\": \"Kaleb Lynch\"}',4,'2018-01-08 00:08:34','2020-06-16 03:15:17'),(37,23,'https://dropbox/vk/Lemke.mpeg',12859,'{\"owner\": \"Dallas Lemke\"}',1,'2014-08-10 09:41:16','2020-06-16 03:15:17'),(38,21,'https://dropbox/vk/Carroll.jpeg',41273,'{\"owner\": \"Jaden Carroll\"}',2,'1970-04-21 08:16:07','2020-06-16 03:15:17'),(39,6,'https://dropbox/vk/Herman.png',47272,'{\"owner\": \"Chloe Herman\"}',3,'1990-07-04 01:58:38','2020-06-16 03:15:17'),(40,44,'https://dropbox/vk/Senger.mpeg',14654,'{\"owner\": \"Jocelyn Senger\"}',4,'1971-12-24 06:49:19','2020-06-16 03:15:17'),(41,45,'https://dropbox/vk/Runte.avi',2828,'{\"owner\": \"Erna Runte\"}',1,'1984-05-02 11:05:28','2020-06-16 03:15:17'),(42,49,'https://dropbox/vk/Tromp.mpeg',24913,'{\"owner\": \"Henry Tromp\"}',2,'2019-07-05 22:19:28','2020-06-16 03:15:17'),(43,30,'https://dropbox/vk/Crooks.png',36161,'{\"owner\": \"Ruben Crooks\"}',3,'1984-09-18 04:17:05','2020-06-16 03:15:17'),(44,17,'https://dropbox/vk/Kertzmann.jpeg',13610,'{\"owner\": \"Destiny Kertzmann\"}',4,'2011-12-08 21:01:46','2020-06-16 03:15:17'),(45,2,'https://dropbox/vk/Streich.mpeg',29974,'{\"owner\": \"Charlotte Streich\"}',1,'1975-05-23 20:54:51','2020-06-16 03:15:17'),(46,49,'https://dropbox/vk/Tromp.mpeg',36913,'{\"owner\": \"Henry Tromp\"}',2,'2017-02-01 18:04:17','2020-06-16 03:15:17'),(47,74,'https://dropbox/vk/Douglas.avi',7711,'{\"owner\": \"Maximillia Douglas\"}',3,'1971-04-24 00:50:06','2020-06-16 03:15:17'),(48,67,'https://dropbox/vk/Jacobson.jpeg',17847,'{\"owner\": \"Kathleen Jacobson\"}',4,'2015-07-10 19:18:21','2020-06-16 03:15:17'),(49,62,'https://dropbox/vk/Gerlach.mpeg',54633,'{\"owner\": \"Javonte Gerlach\"}',1,'2010-05-21 09:26:03','2020-06-16 03:15:17'),(50,29,'https://dropbox/vk/Nolan.png',25099,'{\"owner\": \"Adelle Nolan\"}',2,'1977-08-29 20:29:17','2020-06-16 03:15:17'),(51,31,'https://dropbox/vk/Lowe.mpeg',51759,'{\"owner\": \"Jerod Lowe\"}',3,'1984-08-19 15:26:28','2020-06-16 03:15:17'),(52,93,'https://dropbox/vk/Blick.jpeg',64696,'{\"owner\": \"Alex Blick\"}',4,'2019-06-06 20:12:02','2020-06-16 03:15:17'),(53,26,'https://dropbox/vk/Jacobs.mpeg',53790,'{\"owner\": \"Ardith Jacobs\"}',1,'2015-02-11 13:01:27','2020-06-16 03:15:17'),(54,74,'https://dropbox/vk/Douglas.png',39887,'{\"owner\": \"Maximillia Douglas\"}',2,'2014-06-07 08:50:03','2020-06-16 03:15:17'),(55,66,'https://dropbox/vk/Bahringer.avi',50240,'{\"owner\": \"Stan Bahringer\"}',3,'2008-12-23 07:05:14','2020-06-16 03:15:17'),(56,6,'https://dropbox/vk/Herman.jpeg',44960,'{\"owner\": \"Chloe Herman\"}',4,'1989-05-02 14:35:40','2020-06-16 03:15:17'),(57,28,'https://dropbox/vk/Lynch.avi',49995,'{\"owner\": \"Kaleb Lynch\"}',1,'1997-02-01 08:21:09','2020-06-16 03:15:17'),(58,24,'https://dropbox/vk/Kemmer.mpeg',3354,'{\"owner\": \"Rasheed Kemmer\"}',2,'1988-09-01 23:08:53','2020-06-16 03:15:17'),(59,7,'https://dropbox/vk/Wisoky.avi',16052,'{\"owner\": \"Ernest Wisoky\"}',3,'2010-07-24 22:27:46','2020-06-16 03:15:17'),(60,77,'https://dropbox/vk/Bahringer.mpeg',63043,'{\"owner\": \"Alana Bahringer\"}',4,'2009-09-17 20:18:46','2020-06-16 03:15:17'),(61,52,'https://dropbox/vk/Kiehn.avi',16564,'{\"owner\": \"Brandi Kiehn\"}',1,'1971-08-28 09:39:16','2020-06-16 03:15:17'),(62,6,'https://dropbox/vk/Herman.png',17468,'{\"owner\": \"Chloe Herman\"}',2,'1984-05-21 05:31:44','2020-06-16 03:15:17'),(63,27,'https://dropbox/vk/Paucek.jpeg',15011,'{\"owner\": \"Rozella Paucek\"}',3,'1974-12-26 22:49:28','2020-06-16 03:15:17'),(64,7,'https://dropbox/vk/Wisoky.avi',5068,'{\"owner\": \"Ernest Wisoky\"}',4,'2008-02-23 16:23:55','2020-06-16 03:15:17'),(65,45,'https://dropbox/vk/Runte.jpeg',35781,'{\"owner\": \"Erna Runte\"}',1,'2010-06-04 20:30:11','2020-06-16 03:15:17'),(66,90,'https://dropbox/vk/Murazik.png',47056,'{\"owner\": \"Brennan Murazik\"}',2,'2002-08-18 12:43:36','2020-06-16 03:15:17'),(67,93,'https://dropbox/vk/Blick.avi',11637,'{\"owner\": \"Alex Blick\"}',3,'1982-08-19 15:40:58','2020-06-16 03:15:17'),(68,20,'https://dropbox/vk/Fay.png',48534,'{\"owner\": \"Leopold Fay\"}',4,'1995-08-20 19:34:49','2020-06-16 03:15:17'),(69,4,'https://dropbox/vk/Murray.png',36922,'{\"owner\": \"Dixie Murray\"}',1,'1979-04-18 21:39:34','2020-06-16 03:15:17'),(70,82,'https://dropbox/vk/Koss.mpeg',43952,'{\"owner\": \"Alana Koss\"}',2,'1975-06-08 08:51:03','2020-06-16 03:15:17'),(71,89,'https://dropbox/vk/Klein.png',30394,'{\"owner\": \"Billy Klein\"}',3,'1975-04-21 09:27:31','2020-06-16 03:15:17'),(72,21,'https://dropbox/vk/Carroll.avi',57229,'{\"owner\": \"Jaden Carroll\"}',4,'1977-07-31 21:08:41','2020-06-16 03:15:17'),(73,17,'https://dropbox/vk/Kertzmann.png',24335,'{\"owner\": \"Destiny Kertzmann\"}',1,'1992-11-13 03:48:49','2020-06-16 03:15:17'),(74,7,'https://dropbox/vk/Wisoky.avi',43859,'{\"owner\": \"Ernest Wisoky\"}',2,'1989-05-22 22:46:55','2020-06-16 03:15:17'),(75,60,'https://dropbox/vk/Sporer.avi',37392,'{\"owner\": \"Nathan Sporer\"}',3,'2018-07-07 10:16:50','2020-06-16 03:15:17'),(76,64,'https://dropbox/vk/Moore.mpeg',48622,'{\"owner\": \"Faye Moore\"}',4,'1992-10-12 05:56:19','2020-06-16 03:15:17'),(77,84,'https://dropbox/vk/Carter.jpeg',60139,'{\"owner\": \"Stella Carter\"}',1,'2019-06-05 02:15:45','2020-06-16 03:15:17'),(78,23,'https://dropbox/vk/Lemke.png',57956,'{\"owner\": \"Dallas Lemke\"}',2,'1973-10-20 12:50:53','2020-06-16 03:15:17'),(79,93,'https://dropbox/vk/Blick.avi',27017,'{\"owner\": \"Alex Blick\"}',3,'1986-10-18 03:38:36','2020-06-16 03:15:17'),(80,78,'https://dropbox/vk/Marks.jpeg',45498,'{\"owner\": \"Destini Marks\"}',4,'1971-09-26 11:49:33','2020-06-16 03:15:17'),(81,59,'https://dropbox/vk/Bergnaum.mpeg',36588,'{\"owner\": \"Ardith Bergnaum\"}',1,'2009-01-13 11:01:47','2020-06-16 03:15:17'),(82,15,'https://dropbox/vk/Langworth.avi',4708,'{\"owner\": \"Orland Langworth\"}',2,'1992-06-02 18:56:43','2020-06-16 03:15:17'),(83,49,'https://dropbox/vk/Tromp.png',38449,'{\"owner\": \"Henry Tromp\"}',3,'1995-04-22 10:13:04','2020-06-16 03:15:17'),(84,22,'https://dropbox/vk/Hoeger.jpeg',41114,'{\"owner\": \"Ruben Hoeger\"}',4,'2017-07-02 20:28:57','2020-06-16 03:15:17'),(85,36,'https://dropbox/vk/Renner.avi',23673,'{\"owner\": \"Eugenia Renner\"}',1,'1977-03-10 08:21:34','2020-06-16 03:15:17'),(86,58,'https://dropbox/vk/Abernathy.avi',46989,'{\"owner\": \"Zena Abernathy\"}',2,'1976-02-13 08:16:49','2020-06-16 03:15:17'),(87,53,'https://dropbox/vk/D\'Amore.jpeg',42943,'{\"owner\": \"Maxime D\'Amore\"}',3,'2007-05-01 20:24:31','2020-06-16 03:15:17'),(88,90,'https://dropbox/vk/Murazik.png',49308,'{\"owner\": \"Brennan Murazik\"}',4,'1985-01-03 13:50:24','2020-06-16 03:15:17'),(89,64,'https://dropbox/vk/Moore.png',41870,'{\"owner\": \"Faye Moore\"}',1,'1990-03-13 11:30:31','2020-06-16 03:15:17'),(90,43,'https://dropbox/vk/Wolf.png',59123,'{\"owner\": \"Elody Wolf\"}',2,'1994-01-19 18:11:05','2020-06-16 03:15:17'),(91,70,'https://dropbox/vk/Murray.jpeg',21258,'{\"owner\": \"Carley Murray\"}',3,'1975-11-01 23:53:56','2020-06-16 03:15:17'),(92,48,'https://dropbox/vk/Conroy.avi',33189,'{\"owner\": \"Montana Conroy\"}',4,'1986-03-02 20:28:10','2020-06-16 03:15:17'),(93,71,'https://dropbox/vk/Harris.mpeg',36532,'{\"owner\": \"Finn Harris\"}',1,'1977-01-17 22:37:53','2020-06-16 03:15:17'),(94,81,'https://dropbox/vk/Grant.jpeg',5839,'{\"owner\": \"Vella Grant\"}',2,'2019-11-27 03:13:02','2020-06-16 03:15:17'),(95,62,'https://dropbox/vk/Gerlach.jpeg',28815,'{\"owner\": \"Javonte Gerlach\"}',3,'1981-07-22 07:27:43','2020-06-16 03:15:17'),(96,21,'https://dropbox/vk/Carroll.mpeg',63003,'{\"owner\": \"Jaden Carroll\"}',4,'1970-02-03 14:22:44','2020-06-16 03:15:17'),(97,82,'https://dropbox/vk/Koss.mpeg',1638,'{\"owner\": \"Alana Koss\"}',1,'2015-01-07 17:32:41','2020-06-16 03:15:17'),(98,71,'https://dropbox/vk/Harris.avi',53233,'{\"owner\": \"Finn Harris\"}',2,'2014-08-11 10:04:29','2020-06-16 03:15:17'),(99,99,'https://dropbox/vk/DuBuque.jpeg',28407,'{\"owner\": \"Marcelo DuBuque\"}',3,'2020-06-12 02:06:36','2020-06-16 03:15:17'),(100,40,'https://dropbox/vk/Mertz.jpeg',53214,'{\"owner\": \"Ronaldo Mertz\"}',4,'1977-08-17 11:42:42','2020-06-16 03:15:17');
/*!40000 ALTER TABLE `media` ENABLE KEYS */;
UNLOCK TABLES;

--
-- Table structure for table `media_types`
--

DROP TABLE IF EXISTS `media_types`;
/*!40101 SET @saved_cs_client     = @@character_set_client */;
/*!40101 SET character_set_client = utf8 */;
CREATE TABLE `media_types` (
  `id` int(10) unsigned NOT NULL AUTO_INCREMENT COMMENT 'Идентификатор строки',
  `name` varchar(255) COLLATE utf8_unicode_ci NOT NULL COMMENT 'Название типа',
  `created_at` datetime DEFAULT CURRENT_TIMESTAMP COMMENT 'Время создания строки',
  `updated_at` datetime DEFAULT CURRENT_TIMESTAMP ON UPDATE CURRENT_TIMESTAMP COMMENT 'Время обновления строки',
  PRIMARY KEY (`id`),
  UNIQUE KEY `name` (`name`)
) ENGINE=InnoDB AUTO_INCREMENT=5 DEFAULT CHARSET=utf8 COLLATE=utf8_unicode_ci COMMENT='Типы медиафайлов';
/*!40101 SET character_set_client = @saved_cs_client */;

--
-- Dumping data for table `media_types`
--

LOCK TABLES `media_types` WRITE;
/*!40000 ALTER TABLE `media_types` DISABLE KEYS */;
INSERT INTO `media_types` VALUES (1,'music','1983-08-08 20:18:41','1989-03-21 03:35:30'),(2,'smiles','2018-06-18 00:56:07','2009-02-16 00:30:26'),(3,'voice','2009-01-04 01:54:22','1988-11-21 08:55:14'),(4,'vidio','2014-12-29 20:35:33','1998-10-06 06:22:08');
/*!40000 ALTER TABLE `media_types` ENABLE KEYS */;
UNLOCK TABLES;

--
-- Table structure for table `messages`
--

DROP TABLE IF EXISTS `messages`;
/*!40101 SET @saved_cs_client     = @@character_set_client */;
/*!40101 SET character_set_client = utf8 */;
CREATE TABLE `messages` (
  `id` int(10) unsigned NOT NULL AUTO_INCREMENT COMMENT 'Идентификатор строки',
  `from_user_id` int(10) unsigned NOT NULL COMMENT 'Ссылка на отправителя сообщения',
  `to_user_id` int(10) unsigned NOT NULL COMMENT 'Ссылка на получателя сообщения',
  `body` text COLLATE utf8_unicode_ci NOT NULL COMMENT 'Текст сообщения',
  `media_id` int(10) unsigned DEFAULT NULL,
  `is_important` tinyint(1) DEFAULT NULL COMMENT 'Признак важности',
  `is_delivered` tinyint(1) DEFAULT NULL COMMENT 'Признак доставки',
  `created_at` datetime DEFAULT CURRENT_TIMESTAMP COMMENT 'Время создания строки',
  PRIMARY KEY (`id`)
) ENGINE=InnoDB AUTO_INCREMENT=101 DEFAULT CHARSET=utf8 COLLATE=utf8_unicode_ci COMMENT='Сообщения';
/*!40101 SET character_set_client = @saved_cs_client */;

--
-- Dumping data for table `messages`
--

LOCK TABLES `messages` WRITE;
/*!40000 ALTER TABLE `messages` DISABLE KEYS */;
INSERT INTO `messages` VALUES (1,4,65,'Dolorem nihil aut corporis aut aut. Ipsa excepturi quasi sed nihil nesciunt sed iusto. Quidem non et consequatur ea et repellat temporibus. Nihil libero illum voluptas ex quasi.',NULL,1,0,'2015-08-14 14:31:04'),(2,50,7,'Sit ut placeat officia quae placeat qui perspiciatis. Totam impedit sit enim sed. Suscipit ratione eius ipsam quasi vitae ea. Et suscipit alias alias omnis. Incidunt ab nostrum tenetur rem nam autem.',32,0,1,'1971-03-15 17:36:28'),(3,69,56,'Rerum enim minus maiores sint repellat quia quae officia. Quia praesentium non exercitationem qui blanditiis occaecati nesciunt. Sit illo dolor eaque animi pariatur rerum.',81,0,0,'1975-02-04 18:33:46'),(4,72,23,'Repellat ea reiciendis repellat sit adipisci. Aspernatur placeat vel quis. Ex ut quasi voluptas molestiae esse dolores qui.',NULL,1,1,'1989-03-09 23:52:20'),(5,32,66,'Nam id ut et officiis laborum velit. Vel soluta magnam aspernatur. Alias incidunt ex quaerat voluptas rem. Vero et sint perspiciatis voluptatem vitae ea sit.',NULL,1,0,'1990-01-27 19:57:35'),(6,16,75,'Officia debitis maxime inventore id repudiandae error maxime. Totam repellat qui nam. Ea quia rerum quos vitae incidunt facere id.',NULL,1,1,'2004-07-14 14:37:09'),(7,7,30,'Quia accusamus doloribus et laudantium ab alias est. Sit cumque et numquam error culpa consequatur et. Et iusto quae facilis esse quia id. Eum rerum sed id fugiat et.',NULL,0,1,'2018-08-10 13:01:14'),(8,37,33,'In saepe perferendis perspiciatis maxime. Officia nihil quo ut enim cupiditate facere maiores.',63,1,0,'2018-06-29 12:49:55'),(9,16,72,'Numquam at atque alias esse. Recusandae modi pariatur velit asperiores. Et ut animi culpa eligendi alias culpa.',NULL,1,1,'1984-05-11 23:02:15'),(10,11,70,'Minima dolorem nisi et aliquam eos. Facilis quos est facere quasi. Est tempora explicabo illo.',NULL,1,1,'2000-07-04 18:27:06'),(11,37,12,'Aliquid ut adipisci necessitatibus omnis assumenda autem nulla. Perferendis tenetur et magnam exercitationem saepe nisi maxime. Harum omnis culpa qui voluptatum omnis.',NULL,1,1,'2002-07-14 18:34:16'),(12,68,99,'Esse reiciendis nam impedit dignissimos. Illo quia recusandae doloremque. Est et aut reiciendis assumenda perferendis. Atque beatae quia et qui.',79,0,1,'2018-02-14 07:39:04'),(13,43,57,'Enim fugit consequuntur tenetur id et. Saepe et et eius magnam omnis. Ut quia omnis eum occaecati.',46,1,1,'1990-07-12 22:34:24'),(14,94,58,'Est laudantium alias quae blanditiis molestiae autem at. Recusandae asperiores officiis numquam explicabo alias aut sit. Voluptatem asperiores corrupti error quasi odit tempora ipsum.',53,0,0,'1986-05-16 02:24:57'),(15,73,77,'Repellat dicta nulla voluptatem. Eum sint et a odit non debitis. Ab eum amet et est. Facilis neque non tempora sequi enim voluptas.',82,0,0,'2007-06-10 10:03:26'),(16,81,63,'Quis dolorem ullam consequatur aliquid eligendi ut nisi et. Esse omnis nesciunt corrupti et sit rerum ea odio. Veniam id enim totam id sed perferendis.',75,0,1,'1984-10-18 17:36:42'),(17,80,99,'Est omnis pariatur ipsam laboriosam. Vel quam quia aspernatur ullam harum. Ut esse et voluptas in totam non nihil. Dolor perspiciatis animi similique et.',88,1,0,'1988-08-21 17:13:28'),(18,56,31,'Labore aut debitis dolores omnis occaecati sint. Tenetur earum est magni est dolores. Magni ea aut rerum quia.',87,0,0,'1996-02-23 13:40:47'),(19,35,98,'Repudiandae possimus ea unde quidem omnis ut sequi explicabo. Enim veritatis quos est dolorem et voluptatem. Nam commodi quae suscipit reiciendis ullam.',NULL,1,1,'2000-09-03 14:30:10'),(20,66,37,'Delectus voluptate voluptatum quo error nulla quo exercitationem. Doloribus culpa commodi quasi laborum similique. Assumenda consequatur consequatur et ipsum quia sit.',67,1,0,'1993-06-18 18:53:15'),(21,17,79,'Cupiditate commodi atque itaque iste aspernatur error molestiae natus. Dolores ducimus vero iure et. Sint eum rerum similique odio. Nulla eaque est quo pariatur.',NULL,0,0,'2004-01-06 16:09:32'),(22,94,80,'Consequatur quis ducimus nesciunt unde architecto modi debitis magni. Facere asperiores dolorem autem praesentium.',46,0,1,'1996-10-21 02:13:31'),(23,19,51,'Quam eos suscipit est distinctio voluptas voluptas. Dolorem ex neque consequatur. At eveniet hic totam perspiciatis aliquam molestias sit dolor. Corrupti reprehenderit et recusandae.',NULL,0,1,'1979-02-16 16:26:49'),(24,21,56,'Numquam est ullam odio dolorem nesciunt. Nihil et molestiae quas quisquam sed cupiditate et possimus. Quas possimus accusamus dolores eos.',NULL,1,1,'1978-01-22 07:56:31'),(25,18,19,'Esse quos eius ut doloribus omnis. Sapiente accusamus maxime sit dolor unde qui. Maxime necessitatibus molestiae illum omnis molestiae. Et nesciunt autem neque vel laboriosam.',NULL,0,0,'1975-07-13 04:02:10'),(26,27,59,'Quam eum alias doloremque ut. Asperiores nihil ducimus consequatur ipsum vel. Dolorem dolor sit rerum qui aut aspernatur quia.',NULL,1,0,'1998-12-08 08:50:06'),(27,32,13,'Expedita et corporis temporibus numquam laborum esse autem. Est vitae aperiam voluptates eveniet sed nesciunt fugiat. Assumenda omnis quasi libero dolores aut voluptatem ad. Sed sunt id magnam quaerat veniam ab.',NULL,0,1,'1976-09-24 21:22:22'),(28,58,64,'In omnis eos necessitatibus doloremque accusantium magnam. Enim sit corrupti itaque unde voluptas sequi qui. Asperiores sed itaque perspiciatis explicabo ut possimus. Possimus molestiae non aliquam sint molestias exercitationem omnis est.',13,0,1,'2017-11-24 05:10:47'),(29,38,69,'Totam autem nulla architecto reiciendis dignissimos dignissimos optio. Numquam nobis sequi quaerat eaque voluptate fuga. Itaque cupiditate saepe ea ipsa nihil.',85,0,0,'2009-10-20 10:32:22'),(30,17,64,'Nesciunt corporis consequatur omnis rerum eos. Adipisci autem incidunt dolorem asperiores sequi veniam reprehenderit. Omnis vero placeat sunt aperiam.',NULL,1,0,'1971-08-06 00:06:38'),(31,56,99,'Error magni omnis dignissimos. Doloremque aspernatur qui et. Aperiam consequatur ratione et. Nihil perspiciatis esse quia qui non rerum.',NULL,0,1,'1978-07-06 07:38:25'),(32,84,18,'Et et tempore blanditiis dicta. Expedita at odio sit vel quam dolorum aut saepe. Provident dolor sed commodi voluptatum. Quasi animi excepturi facere repellat error.',NULL,0,1,'1999-11-28 19:59:10'),(33,89,24,'At maiores odit sint corrupti id laborum. Ex in consequatur voluptatibus fugit repudiandae in. Sed voluptatum eos exercitationem quod natus sunt nobis autem.',28,0,0,'2009-11-30 11:05:42'),(34,88,34,'Perspiciatis qui consectetur quia sed ab. Ullam et repellendus esse. Numquam quibusdam accusantium ut ipsa odit rerum odit. Magnam at soluta repellendus.',80,0,0,'2000-05-23 21:04:25'),(35,2,21,'Architecto ut repudiandae debitis at itaque. Reiciendis officia ipsam assumenda nihil ipsam.',NULL,0,1,'2000-04-14 14:57:50'),(36,11,100,'Asperiores voluptatum odio velit neque occaecati odio quia. Id quos qui ducimus earum cupiditate. Repellat ratione repudiandae dolorum culpa laboriosam et.',NULL,0,1,'2010-02-25 12:23:06'),(37,94,61,'Magnam voluptate minima aliquam deleniti dolorem. Soluta consectetur rerum totam molestiae delectus. Repellendus quidem eligendi delectus sit voluptas. Eligendi impedit tempora aut fuga cumque fugit.',27,0,0,'1977-02-15 19:59:16'),(38,61,30,'Reprehenderit quaerat deleniti sed dolores necessitatibus cum et. Nam qui eum sunt porro. Mollitia velit est omnis autem porro.',22,0,0,'2015-07-08 09:16:46'),(39,73,58,'Laborum aut perferendis numquam temporibus optio non deleniti. Laborum sequi accusantium consectetur exercitationem laudantium inventore et.',67,1,1,'1977-11-23 21:33:57'),(40,14,77,'Aliquam voluptatem porro aut iste aut. Dolores aperiam iste molestiae sed. Odit dignissimos et nihil consectetur voluptas. Alias quis eum repellendus laudantium temporibus explicabo quasi.',NULL,0,1,'1995-02-18 02:12:17'),(41,62,3,'Et voluptatem dolore numquam accusantium. Molestiae velit quia et vitae dolor rerum blanditiis libero. Porro vel quibusdam excepturi iure. Saepe ut dignissimos et nihil.',NULL,0,1,'1994-04-24 02:48:09'),(42,30,76,'Modi magni sed deleniti unde beatae dolor fugiat. Ut voluptatem consequatur pariatur id amet voluptates officiis tempore. Eum cumque earum et nemo dolores quisquam dolorem.',NULL,1,0,'1998-01-28 22:32:19'),(43,29,75,'Assumenda voluptate suscipit molestiae voluptatibus. Sit non molestiae ullam nihil velit aut. Dolores eius velit accusamus maxime et. Totam aut exercitationem sit amet et.',NULL,0,1,'1974-02-20 01:58:27'),(44,13,1,'Earum voluptas non voluptatibus animi ullam et non. Culpa officia est autem quis earum officiis corporis.',7,0,1,'1979-09-28 15:09:13'),(45,97,82,'Magni beatae ut amet. Est laborum nobis illo nam tenetur debitis incidunt. Laborum non aut ea perferendis ut voluptas officia. Dolorum et eum tenetur reiciendis facilis.',29,0,0,'1983-03-03 13:30:13'),(46,20,98,'Rem ea dolores minima quaerat. Quam possimus et id iste accusantium. Iure nulla doloremque sit fuga.',NULL,1,0,'2004-10-19 20:30:03'),(47,11,79,'Quae voluptas eveniet hic. Incidunt perspiciatis soluta quo nesciunt et quia. Dolor quo et fugiat voluptatem. Eum soluta ipsum ut doloremque minima dicta ex.',NULL,0,0,'1988-06-29 23:48:15'),(48,53,100,'Iusto aut doloremque consequuntur qui fugit qui iure. Quia odio est incidunt et tempora. Non magnam omnis quae harum et voluptate voluptatum. Sit aliquam ab tenetur. Modi ipsa ut ea omnis omnis animi.',NULL,0,0,'2011-10-20 20:28:19'),(49,3,39,'Necessitatibus voluptas placeat perferendis neque nesciunt. Temporibus explicabo rerum qui soluta illo sed aut. Numquam cupiditate quia architecto ipsum id exercitationem.',NULL,1,1,'1979-05-21 05:03:24'),(50,92,77,'Quis delectus saepe ipsam blanditiis quod rem molestias. Maxime alias rem aut possimus non qui minima. Omnis sit laboriosam unde perferendis est minima deserunt. Quis accusamus vel quos vero maxime aut assumenda ut.',67,0,0,'1970-07-01 20:58:27'),(51,42,70,'Nulla quos sit enim modi ducimus consectetur distinctio quod. Ex labore et nihil dicta cupiditate. Quo eum porro excepturi voluptatem aut aliquam. Ex aut eligendi saepe ducimus.',10,0,0,'2007-09-21 10:51:30'),(52,36,20,'Quasi aut error est mollitia repellendus quidem. Nihil animi nihil quis tempore suscipit tempore. Deserunt laboriosam mollitia consequatur ut rerum ut. Cumque odio et atque non qui porro ullam.',NULL,0,1,'1986-03-01 21:34:26'),(53,38,29,'Assumenda corporis voluptatem et officiis aut sunt. Accusamus pariatur molestiae neque error ut culpa. Ut sit aut a.',NULL,0,0,'2011-12-08 11:44:55'),(54,66,10,'Architecto odit illum et impedit consectetur eum. Quae mollitia iste dolorem nobis vel. Nulla maiores at veritatis autem nobis ad sit. Atque asperiores dolorum et consequuntur reiciendis rerum eveniet.',48,0,1,'1993-05-16 13:50:21'),(55,74,81,'Placeat minima qui dolorem. Vitae sint tempore quia beatae eligendi consequatur adipisci. Beatae minima culpa ea consequuntur minus ullam.',68,0,0,'2005-02-21 16:30:35'),(56,33,19,'Ut enim quo est occaecati. Deleniti voluptatibus et hic dolores. Voluptas et voluptas magni fugiat.',NULL,1,1,'1976-06-05 02:30:38'),(57,38,29,'Saepe iste ut accusamus necessitatibus. Reprehenderit voluptatum et velit ad illum ipsa. Ut et numquam delectus exercitationem molestiae aliquid.',NULL,1,1,'1978-11-09 13:35:23'),(58,22,55,'Nisi autem aliquam nobis voluptatem totam autem ratione quod. Laboriosam ea nihil quia tempore soluta nemo accusantium. Eius id autem error.',60,1,0,'1980-08-15 21:44:26'),(59,25,73,'Cum ea facere quas perferendis laboriosam. Possimus molestias excepturi tempora. Veritatis inventore fuga ipsam earum adipisci fuga suscipit distinctio. Sapiente et id ut aliquid sint.',NULL,0,0,'1985-12-04 05:12:40'),(60,95,20,'Quae eum impedit alias asperiores id cumque dolorem velit. Id blanditiis id tenetur debitis quod nam. Nisi voluptatum pariatur architecto et veritatis ut alias. Maiores natus praesentium odio aut libero sequi.',43,0,1,'2015-11-04 09:40:30'),(61,22,74,'Et similique eos debitis sit optio. Sapiente cumque debitis minima.',NULL,0,0,'2015-09-02 01:42:27'),(62,83,19,'Maxime accusantium eum dicta ipsa magnam laborum. Aut soluta et quaerat vero et. Minima corrupti nihil voluptas aut. Dolores molestiae fugit est.',66,0,1,'1974-05-01 10:49:34'),(63,57,30,'Minima occaecati sapiente repudiandae tenetur. Similique aspernatur asperiores praesentium qui aut corporis deleniti. Placeat harum dolorum error omnis officia repellendus magni id.',47,0,0,'2010-02-05 18:12:17'),(64,10,25,'Reiciendis nulla quasi molestiae qui omnis. Qui possimus praesentium non quos itaque fugit. Cumque assumenda tempore cumque quos.',92,0,1,'1976-09-22 13:03:38'),(65,41,1,'Officiis et voluptatibus qui at ad doloremque libero. Consectetur quam autem perferendis sapiente maiores vel. Illum velit deserunt repellat ea a. Qui quaerat repellat ut esse occaecati.',16,0,0,'1995-03-03 01:25:31'),(66,53,21,'Aperiam doloribus iste libero vero quod sed. Ab ut atque inventore voluptas autem consequatur deleniti.',NULL,1,1,'1993-04-27 02:01:09'),(67,36,58,'Aut dolorem vel iste. Natus magnam in perspiciatis dolor. Omnis praesentium cupiditate eum possimus eveniet quod aspernatur. Tempore numquam praesentium at.',NULL,1,0,'1970-04-13 00:30:30'),(68,26,27,'Quod quis consequatur velit sit quasi voluptatum iure. Tempora deleniti ut et cupiditate. Dolorem sit eveniet cumque aliquid. Est modi aut velit voluptates id.',32,1,1,'1992-11-30 15:32:06'),(69,40,38,'Temporibus est autem doloribus vel numquam. Nihil tenetur excepturi minus voluptas et similique. Ipsam quas nesciunt in quis qui eius vero. Eos et magnam cum modi et ducimus molestiae.',53,0,1,'1974-09-19 08:20:46'),(70,74,65,'Ut voluptatum velit eum quasi architecto sequi maxime. At porro occaecati officia incidunt. Molestias omnis doloremque est quia. Architecto quo earum culpa ullam dolores nisi vel. Est quo optio voluptas dignissimos earum.',16,0,0,'1983-12-24 21:48:07'),(71,84,24,'Impedit dolor aliquid ut quia qui eum laborum sint. Voluptas dolore sit dolorem accusantium minus. Aut voluptas optio aspernatur non ipsam odio libero provident. Ullam qui omnis fugiat corporis et ducimus.',26,1,0,'1983-03-23 09:03:54'),(72,72,99,'Illo eum sit magni repellendus qui veniam non. Enim modi quia dicta nostrum. Quia et libero aut soluta dolorum qui autem. Maxime et rem temporibus. Repudiandae perspiciatis hic quia fugit molestiae assumenda omnis.',44,1,1,'1995-02-07 06:57:32'),(73,57,25,'Id quis esse consequatur aliquam. Veniam voluptatem nihil cumque corrupti labore. Qui rerum magnam autem.',5,0,0,'1978-10-04 10:14:26'),(74,64,51,'Qui porro exercitationem aut delectus vel aut eaque. Et expedita voluptatem repellat odit dolor. Unde qui qui tempore qui possimus. Eos corporis quas iusto qui.',NULL,1,0,'2003-02-06 08:23:51'),(75,85,2,'Nostrum deserunt et eum ipsa enim tenetur quae. Voluptatem mollitia et ut saepe aperiam incidunt assumenda. Nemo quod culpa vel et.',NULL,0,0,'2017-06-28 19:26:52'),(76,55,16,'Rerum eos a dicta deserunt amet. Autem minima ut eos ut. Quia sit consequatur maiores nostrum eaque.',77,1,0,'1975-08-01 02:31:58'),(77,77,97,'Dolorem mollitia ea eligendi nihil omnis id iure. Iure dolore dolor aliquam sit autem. Esse quo labore voluptates suscipit illo soluta est.',87,0,0,'2016-12-17 13:22:45'),(78,91,84,'Aut qui saepe ipsum consequatur sit aliquid ea. Quas quia omnis praesentium nostrum cumque autem. In ullam dolor impedit voluptas laborum. Ut voluptatem excepturi dolorem et repudiandae aut culpa.',53,1,0,'1988-07-14 22:06:36'),(79,34,26,'Et doloribus illum ut voluptatibus omnis iste. Sint quo eaque sit dolor ullam et ratione. Eaque aut repudiandae sit.',NULL,0,0,'1992-08-31 03:40:02'),(80,98,57,'Sint aut iusto velit omnis magni et accusantium. Pariatur neque non neque et veritatis. Temporibus est magni quis dolorem quae.',34,0,1,'1976-08-08 18:51:17'),(81,8,14,'Et eos quas nobis consequuntur qui eveniet reiciendis. Voluptas est dolores a veritatis amet aut quia dolorem. Animi tempore fugit veritatis aut sapiente eos sit. Aut modi qui delectus corporis qui rerum deleniti.',NULL,0,0,'2012-06-07 12:13:09'),(82,38,77,'Iure dolore et veniam dolorum dignissimos rerum eum. Fugit et tenetur iusto delectus. Voluptatibus omnis quia deserunt voluptatem quia voluptate exercitationem. Illum aperiam odit occaecati omnis molestiae veritatis. Dolor nesciunt excepturi laborum omnis quo harum.',NULL,0,0,'2008-11-20 17:38:20'),(83,52,2,'Voluptates quia tenetur ea voluptatibus. Molestiae non laboriosam quod quas a. Sit aut eum consequatur laudantium blanditiis facere unde quia. Nostrum mollitia ad nam ut architecto illo non.',34,1,0,'2017-09-21 15:39:58'),(84,77,81,'Qui fugit ut omnis pariatur fuga suscipit aliquid. Sit odio doloribus aperiam est. Voluptatem est voluptas numquam hic.',7,0,0,'2016-09-21 17:05:37'),(85,34,81,'Fuga voluptatum optio voluptas occaecati non asperiores dicta. Rem soluta et ex. Consequatur autem quasi fugiat illo et. Quaerat ut sed earum enim nulla eaque unde fuga.',25,1,0,'2001-01-27 05:32:11'),(86,49,61,'Ea culpa expedita cumque et illum quo. Rerum unde sit tempore. Quas iure temporibus praesentium consequatur illum ad. Quo velit ut ea temporibus dicta.',7,1,1,'1980-01-04 15:15:36'),(87,83,59,'Enim enim deleniti fugiat autem nulla totam. Quasi officia excepturi error repudiandae illo laboriosam. Qui officiis voluptatum et earum nam voluptatem et in. Eaque et repudiandae sit enim sapiente aliquam. Sint est aut id dolorum animi non dolorem.',9,1,0,'2016-04-12 19:36:13'),(88,27,23,'Qui aut voluptatem qui facilis eum. Quibusdam ut et molestiae aut illo. Fuga sunt sequi sed sunt provident. Reiciendis qui voluptatibus quis qui atque explicabo iste. Fugiat magni ab et harum quia.',NULL,0,0,'1989-03-10 21:18:34'),(89,92,13,'Possimus doloremque aut est. At repellat eveniet ut eos eos mollitia nam voluptatem. Dolor magni ducimus impedit.',NULL,0,1,'1992-01-17 10:47:50'),(90,45,55,'Dolorem voluptatum animi deleniti aut excepturi. Libero quod molestias est quo. Fugit voluptas voluptates quia doloremque.',NULL,1,1,'1993-02-20 09:36:43'),(91,1,13,'Eos voluptatum et ut rem ut fuga. Velit vel adipisci nulla aspernatur et reprehenderit velit qui. Quos aut vero illum est id sed soluta. Mollitia quasi labore voluptatibus beatae.',NULL,1,1,'2005-12-05 13:57:00'),(92,61,20,'Placeat deleniti enim totam dolor accusamus. Qui accusamus perferendis veritatis vitae iure incidunt officiis. In amet veritatis cum natus cumque ipsum expedita hic.',63,0,1,'2017-02-05 23:22:58'),(93,70,68,'Omnis ipsum consequatur iste eaque explicabo quibusdam. Adipisci quis a et. Et maiores modi numquam sapiente.',NULL,0,1,'2004-01-17 19:01:24'),(94,82,79,'Voluptates suscipit rerum atque repellat dicta. Neque suscipit autem blanditiis quod illo. Aperiam nisi est voluptate quia at. Animi nobis consectetur officia dolor. Animi assumenda rem eius suscipit consequatur corrupti est est.',49,1,0,'2007-11-11 12:17:18'),(95,55,44,'Atque nesciunt necessitatibus vero quo quidem repellendus. Earum omnis autem illo quidem aspernatur et sed. Aut enim perferendis ut omnis voluptatem. Et reiciendis est voluptatem officia.',45,0,1,'1975-07-28 11:42:29'),(96,5,21,'Error impedit consequatur debitis nulla consequatur. Eos qui vel iusto adipisci quam eius. Magnam harum nobis dolore atque nam et ut. Soluta tempora itaque officiis neque ut vel.',NULL,1,1,'1999-06-19 13:24:12'),(97,15,44,'Sunt facere eos voluptates magni. Vel consequuntur in consequatur doloribus ipsum odit blanditiis. Necessitatibus dignissimos vel consectetur illum odit cumque. Voluptatem fugit saepe a non harum veniam id.',53,1,1,'1971-03-25 03:18:13'),(98,89,14,'Aliquam repellendus odit quia sapiente. Ex libero vero voluptates accusantium. Aut distinctio dolores inventore unde. Vero quis unde quas a perferendis.',73,1,1,'2019-05-17 06:15:17'),(99,81,69,'Et eaque odio eos pariatur molestias quisquam delectus sit. Facere et voluptas sit expedita veritatis. Itaque ea cum est hic et et accusamus. Quasi omnis voluptatem quasi cum quis facilis.',NULL,0,1,'2003-10-26 00:56:09'),(100,79,73,'Natus ut aut rerum tenetur ut placeat ut. Quibusdam sint ut omnis qui. Et velit cupiditate maxime ipsum. Qui aut non magnam veniam voluptatem.',74,0,1,'1993-11-20 06:21:32');
/*!40000 ALTER TABLE `messages` ENABLE KEYS */;
UNLOCK TABLES;

--
-- Table structure for table `profiles`
--

DROP TABLE IF EXISTS `profiles`;
/*!40101 SET @saved_cs_client     = @@character_set_client */;
/*!40101 SET character_set_client = utf8 */;
CREATE TABLE `profiles` (
  `user_id` int(10) unsigned NOT NULL COMMENT 'Ссылка на пользователя',
  `photo_id` int(10) unsigned DEFAULT NULL,
  `gender` char(1) COLLATE utf8_unicode_ci NOT NULL COMMENT 'Пол',
  `birthday` date DEFAULT NULL COMMENT 'Дата рождения',
  `city` varchar(130) COLLATE utf8_unicode_ci DEFAULT NULL COMMENT 'Город проживания',
  `country` varchar(130) COLLATE utf8_unicode_ci DEFAULT NULL COMMENT 'Страна проживания',
  `is_private` tinyint(1) DEFAULT '0',
  `created_at` datetime DEFAULT CURRENT_TIMESTAMP COMMENT 'Время создания строки',
  `updated_at` datetime DEFAULT CURRENT_TIMESTAMP ON UPDATE CURRENT_TIMESTAMP COMMENT 'Время обновления строки',
  PRIMARY KEY (`user_id`)
) ENGINE=InnoDB DEFAULT CHARSET=utf8 COLLATE=utf8_unicode_ci COMMENT='Профили';
/*!40101 SET character_set_client = @saved_cs_client */;

--
-- Dumping data for table `profiles`
--

LOCK TABLES `profiles` WRITE;
/*!40000 ALTER TABLE `profiles` DISABLE KEYS */;
INSERT INTO `profiles` VALUES (1,42,'f','1990-10-16','Hilmafurt','Sierra Leone',0,'2003-01-23 15:37:47','2020-06-16 02:28:45'),(2,71,'m','2000-04-04','New Gretchenbury','Uruguay',0,'1982-06-28 22:07:42','2020-06-16 02:28:45'),(3,30,'m','1996-11-12','Noemieview','Chad',0,'2019-11-10 09:04:04','2020-06-16 02:28:45'),(4,37,'m','1993-04-13','West Janelle','Chile',0,'1987-09-24 08:39:50','2020-06-16 02:28:45'),(5,93,'m','2017-07-02','Gustaveberg','Angola',0,'1981-08-15 00:51:16','2020-06-16 02:28:45'),(6,52,'f','1984-01-20','New Zena','Russian Federation',0,'2016-12-02 20:12:32','2020-06-16 02:28:45'),(7,84,'m','1976-11-27','South Terrell','Ireland',0,'1994-04-23 20:14:49','2020-06-16 02:28:45'),(8,62,'f','1982-01-18','Collierberg','Cote d\'Ivoire',0,'2012-09-14 19:51:31','2020-06-16 02:28:45'),(9,58,'f','1977-06-29','Schusterport','Chile',0,'2002-10-09 09:25:49','2020-06-16 02:28:45'),(10,5,'f','2012-04-30','North Mikayla','Poland',0,'2018-11-04 19:47:16','2020-06-16 02:28:45'),(11,51,'f','1998-04-02','North Fredymouth','Cyprus',0,'2000-08-23 01:57:43','2020-06-16 02:28:45'),(12,36,'f','2007-06-25','East Ashaburgh','Liberia',1,'1993-03-29 04:21:19','2020-06-16 02:30:11'),(13,30,'m','1995-01-12','North Greg','Korea',0,'1993-09-09 21:55:34','2020-06-16 02:28:45'),(14,41,'f','2009-08-24','Port Pansy','New Caledonia',0,'2013-08-03 05:58:01','2020-06-16 02:28:45'),(15,13,'f','1973-08-03','Lake Torreyview','Wallis and Futuna',0,'1994-05-02 09:32:44','2020-06-16 02:28:45'),(16,42,'f','2000-02-17','North Rasheed','Kazakhstan',0,'1974-11-17 17:02:45','2020-06-16 02:28:45'),(17,69,'f','1989-01-26','West Kirstenside','Tunisia',0,'2002-05-11 16:42:17','2020-06-16 02:28:45'),(18,21,'f','2000-12-26','Rolfsonshire','Germany',1,'1999-08-28 10:08:13','2020-06-16 02:30:11'),(19,97,'f','1998-12-25','Deckowbury','Malawi',1,'1977-05-23 13:06:53','2020-06-16 02:30:11'),(20,22,'f','1988-06-24','Justynside','Isle of Man',0,'1971-02-02 18:53:03','2020-06-16 02:28:45'),(21,18,'f','1987-11-11','Lake Stefaniefurt','Ghana',0,'1979-11-01 04:11:57','2020-06-16 02:28:45'),(22,22,'f','1980-10-09','Maxineshire','Greenland',0,'1978-04-12 07:48:27','2020-06-16 02:28:45'),(23,58,'m','2019-07-27','Hellerland','Svalbard & Jan Mayen Islands',0,'2012-06-29 11:54:27','2020-06-16 02:28:45'),(24,25,'m','2001-08-24','Lorenzaberg','Denmark',1,'1973-11-03 19:45:35','2020-06-16 02:30:11'),(25,47,'f','1983-07-15','Tonifurt','Portugal',0,'2014-12-05 02:46:46','2020-06-16 02:28:45'),(26,59,'f','2014-12-21','West Eldoraport','Denmark',0,'2013-03-06 00:18:54','2020-06-16 02:28:45'),(27,56,'f','2004-08-10','New Ottoberg','Antigua and Barbuda',0,'1988-01-11 10:24:21','2020-06-16 02:28:45'),(28,2,'f','1995-05-14','Laurynton','Turkey',0,'2000-01-19 06:49:55','2020-06-16 02:28:45'),(29,40,'m','1997-03-16','South Dakota','Angola',0,'2006-05-10 13:28:36','2020-06-16 02:28:45'),(30,96,'f','1974-01-12','Sawaynland','Sweden',0,'1989-06-15 11:15:45','2020-06-16 02:28:45'),(31,58,'m','2016-11-23','Durganland','Malta',0,'1992-08-23 16:05:06','2020-06-16 02:28:45'),(32,2,'f','2006-09-04','New Wellington','Nepal',0,'1991-11-29 00:25:16','2020-06-16 02:28:45'),(33,37,'m','2011-03-06','Schillerview','Sierra Leone',0,'1998-09-22 17:58:55','2020-06-16 02:28:45'),(34,78,'f','1987-05-13','Nathanside','Panama',0,'1999-12-21 15:45:53','2020-06-16 02:28:45'),(35,77,'m','2002-11-02','Lake Bridgette','Saint Lucia',0,'2017-11-18 03:49:43','2020-06-16 02:28:45'),(36,49,'f','2007-01-10','Durganview','Israel',0,'2019-01-09 04:04:10','2020-06-16 02:28:45'),(37,16,'f','1980-05-12','Desireeville','Georgia',0,'1972-02-01 09:04:04','2020-06-16 02:28:45'),(38,32,'f','2005-11-16','Port Jadenfort','Switzerland',0,'2012-02-08 01:16:07','2020-06-16 02:28:45'),(39,13,'m','1978-03-03','Grahamfurt','Greece',1,'2019-08-26 10:40:50','2020-06-16 02:30:11'),(40,67,'f','2001-10-17','East Hattie','Swaziland',1,'1991-03-27 02:54:46','2020-06-16 02:30:11'),(41,95,'f','2003-05-04','Lake Mona','San Marino',1,'1988-05-06 04:16:40','2020-06-16 02:30:11'),(42,73,'m','1995-10-22','Thompsonberg','Zimbabwe',0,'1987-04-12 17:21:10','2020-06-16 02:28:45'),(43,81,'m','2010-03-20','Port Antoninamouth','Guadeloupe',0,'1976-11-10 09:51:47','2020-06-16 02:28:45'),(44,84,'f','2018-08-16','Lake Axel','Portugal',1,'2017-11-28 02:26:58','2020-06-16 02:30:11'),(45,78,'f','2007-11-08','West Ashley','Mongolia',0,'1983-09-03 19:53:04','2020-06-16 02:28:45'),(46,38,'m','1988-04-07','Kennethfurt','Solomon Islands',1,'1979-04-18 22:59:30','2020-06-16 02:30:11'),(47,56,'m','1993-06-07','Port Bette','San Marino',0,'1994-05-20 13:39:02','2020-06-16 02:28:45'),(48,63,'f','1997-06-10','East Karleymouth','Afghanistan',1,'2014-03-18 10:27:31','2020-06-16 02:30:11'),(49,48,'f','1982-08-22','Schillerfort','Dominica',1,'2007-12-09 22:30:15','2020-06-16 02:30:11'),(50,50,'m','2007-08-22','Schinnerchester','Korea',1,'2017-11-22 05:41:53','2020-06-16 02:30:11'),(51,5,'m','1988-10-16','Lake Nicolaberg','Saint Kitts and Nevis',1,'1986-03-26 04:18:25','2020-06-16 02:30:11'),(52,75,'m','2006-10-08','Port Quincy','Cambodia',1,'1996-12-12 06:03:27','2020-06-16 02:30:11'),(53,60,'f','1981-08-18','New Venaside','Indonesia',1,'1985-03-01 22:56:38','2020-06-16 02:30:11'),(54,76,'f','1973-04-07','Joanmouth','Marshall Islands',1,'1995-06-12 23:46:13','2020-06-16 02:30:11'),(55,98,'m','2016-12-03','West Henriette','Thailand',1,'1980-07-13 07:50:29','2020-06-16 02:30:11'),(56,61,'m','1973-08-17','Bahringerchester','United States Minor Outlying Islands',0,'2010-12-18 16:08:59','2020-06-16 02:28:45'),(57,13,'f','1971-09-06','Malcolmton','Bermuda',1,'1991-08-01 03:46:27','2020-06-16 02:30:11'),(58,80,'m','1970-03-25','Hirtheshire','Singapore',1,'1998-05-06 18:43:07','2020-06-16 02:30:11'),(59,59,'m','1996-01-21','New Staceymouth','Saint Lucia',0,'1977-04-19 11:14:44','2020-06-16 02:28:45'),(60,57,'m','1996-12-27','New Delilahborough','Bulgaria',1,'1982-02-17 01:27:57','2020-06-16 02:30:11'),(61,6,'m','1970-07-24','South Tyrellland','United Kingdom',0,'1982-08-23 02:07:06','2020-06-16 02:28:45'),(62,59,'f','2009-06-28','West Caterina','Tuvalu',1,'2010-06-16 06:59:34','2020-06-16 02:30:11'),(63,78,'m','1978-07-19','Alexanefort','Sierra Leone',1,'1999-06-19 19:51:27','2020-06-16 02:30:11'),(64,13,'m','1998-03-11','New Sabina','Spain',1,'2002-11-13 01:49:31','2020-06-16 02:30:11'),(65,27,'f','2010-01-17','Natashaland','Libyan Arab Jamahiriya',1,'1974-09-12 03:24:18','2020-06-16 02:30:11'),(66,99,'m','2006-07-13','East Willie','Chad',1,'1984-10-12 14:46:26','2020-06-16 02:30:11'),(67,13,'f','1972-11-21','North Jeanettemouth','Montenegro',0,'2013-08-05 18:46:06','2020-06-16 02:28:45'),(68,68,'f','2013-08-25','North William','Marshall Islands',1,'2014-09-19 08:12:46','2020-06-16 02:30:11'),(69,1,'f','1990-03-06','South Magnoliaview','Jordan',1,'2017-02-14 20:07:43','2020-06-16 02:30:11'),(70,99,'m','2003-05-31','Willowmouth','Azerbaijan',1,'2009-05-22 23:14:27','2020-06-16 02:30:11'),(71,92,'f','1998-12-20','East Violatown','Saint Barthelemy',0,'2007-08-20 04:07:53','2020-06-16 02:28:45'),(72,64,'m','2009-11-03','Stiedemannside','Serbia',0,'1980-02-13 15:32:51','2020-06-16 02:28:45'),(73,43,'m','1993-03-08','West Avery','Sierra Leone',1,'2019-05-30 19:28:20','2020-06-16 02:30:11'),(74,22,'m','2009-11-28','Port Ginatown','Macao',1,'2020-03-15 05:41:00','2020-06-16 02:30:11'),(75,81,'m','2001-11-15','Dominiquehaven','Fiji',1,'1987-06-23 08:51:19','2020-06-16 02:30:11'),(76,38,'m','1999-10-19','Heathcotemouth','Saint Kitts and Nevis',1,'1978-11-26 21:48:50','2020-06-16 02:30:11'),(77,45,'m','1978-04-22','Luettgenmouth','Namibia',0,'2017-01-25 04:29:49','2020-06-16 02:28:45'),(78,10,'f','1980-04-20','North Devante','Slovenia',1,'2011-09-22 18:23:42','2020-06-16 02:30:11'),(79,14,'m','2018-10-29','West Mikayla','Taiwan',1,'2000-07-19 16:28:01','2020-06-16 02:30:11'),(80,42,'f','2004-06-09','South Sydney','Sweden',1,'2002-02-27 11:51:35','2020-06-16 02:30:11'),(81,65,'m','2001-08-11','Lake Quincy','Russian Federation',1,'1993-06-08 18:36:45','2020-06-16 02:30:11'),(82,98,'f','2012-12-22','New Kailynside','El Salvador',1,'2003-01-19 01:44:00','2020-06-16 02:30:11'),(83,97,'f','1998-07-08','Kshlerinside','Slovakia (Slovak Republic)',1,'1987-08-05 12:16:55','2020-06-16 02:30:11'),(84,89,'f','2011-09-11','Howellborough','United States Minor Outlying Islands',1,'2016-07-24 06:55:30','2020-06-16 02:30:11'),(85,53,'m','1993-12-16','New Codyland','Equatorial Guinea',1,'2005-11-02 00:09:44','2020-06-16 02:30:11'),(86,97,'m','1988-06-25','Jacobiview','Azerbaijan',1,'2002-08-23 02:29:28','2020-06-16 02:30:11'),(87,28,'f','1989-06-08','Port Ignacioland','Anguilla',1,'1972-06-09 22:01:32','2020-06-16 02:30:11'),(88,49,'f','2003-08-19','Esperanzafort','Marshall Islands',0,'1981-05-18 19:15:30','2020-06-16 02:28:45'),(89,57,'m','2018-10-02','Austinmouth','French Guiana',1,'1980-03-01 05:34:47','2020-06-16 02:30:11'),(90,40,'f','2010-06-05','West Caylaview','Korea',1,'1994-04-25 05:30:01','2020-06-16 02:30:11'),(91,29,'f','1985-03-09','North Tryciaport','Guinea',1,'1970-09-03 13:26:18','2020-06-16 02:30:11'),(92,24,'f','2007-11-24','West Katelyntown','South Georgia and the South Sandwich Islands',1,'1992-03-20 19:33:23','2020-06-16 02:30:11'),(93,32,'f','1984-09-11','East Mckenzie','French Guiana',1,'2013-05-23 14:23:30','2020-06-16 02:30:11'),(94,88,'m','2017-08-09','North Hollieborough','Serbia',1,'1987-04-16 04:13:07','2020-06-16 02:30:11'),(95,43,'f','2018-09-24','Marciamouth','Cayman Islands',1,'1996-10-27 02:32:15','2020-06-16 02:30:11'),(96,50,'f','1984-10-23','Lurlineton','Argentina',1,'1978-09-04 22:08:01','2020-06-16 02:30:11'),(97,20,'m','1973-03-18','South Cristina','Isle of Man',1,'2001-10-06 04:40:36','2020-06-16 02:30:11'),(98,49,'m','1990-03-06','Greenfelderhaven','Belize',1,'1999-04-19 09:06:15','2020-06-16 02:30:11'),(99,85,'f','2018-07-05','Rolfsonmouth','Cameroon',1,'1985-03-19 08:35:59','2020-06-16 02:30:11'),(100,76,'f','2019-08-07','Lake Rusty','Madagascar',1,'1978-10-25 23:19:56','2020-06-16 02:30:11');
/*!40000 ALTER TABLE `profiles` ENABLE KEYS */;
UNLOCK TABLES;

--
-- Table structure for table `user_statuses`
--

DROP TABLE IF EXISTS `user_statuses`;
/*!40101 SET @saved_cs_client     = @@character_set_client */;
/*!40101 SET character_set_client = utf8 */;
CREATE TABLE `user_statuses` (
  `id` int(10) unsigned NOT NULL AUTO_INCREMENT,
  `name` varchar(150) NOT NULL,
  PRIMARY KEY (`id`),
  UNIQUE KEY `name` (`name`)
) ENGINE=InnoDB AUTO_INCREMENT=4 DEFAULT CHARSET=latin1;
/*!40101 SET character_set_client = @saved_cs_client */;

--
-- Dumping data for table `user_statuses`
--

LOCK TABLES `user_statuses` WRITE;
/*!40000 ALTER TABLE `user_statuses` DISABLE KEYS */;
INSERT INTO `user_statuses` VALUES (1,'active'),(2,'blocked'),(3,'deleted');
/*!40000 ALTER TABLE `user_statuses` ENABLE KEYS */;
UNLOCK TABLES;

--
-- Table structure for table `users`
--

DROP TABLE IF EXISTS `users`;
/*!40101 SET @saved_cs_client     = @@character_set_client */;
/*!40101 SET character_set_client = utf8 */;
CREATE TABLE `users` (
  `id` int(10) unsigned NOT NULL AUTO_INCREMENT COMMENT 'Идентификатор строки',
  `first_name` varchar(100) COLLATE utf8_unicode_ci NOT NULL COMMENT 'Имя пользователя',
  `last_name` varchar(100) COLLATE utf8_unicode_ci NOT NULL COMMENT 'Фамилия пользователя',
  `email` varchar(100) COLLATE utf8_unicode_ci NOT NULL COMMENT 'Почта',
  `phone` varchar(100) COLLATE utf8_unicode_ci NOT NULL COMMENT 'Телефон',
  `status_id` int(10) unsigned NOT NULL DEFAULT '1',
  `created_at` datetime DEFAULT CURRENT_TIMESTAMP COMMENT 'Время создания строки',
  `updated_at` datetime DEFAULT CURRENT_TIMESTAMP ON UPDATE CURRENT_TIMESTAMP COMMENT 'Время обновления строки',
  PRIMARY KEY (`id`),
  UNIQUE KEY `email` (`email`),
  UNIQUE KEY `phone` (`phone`)
) ENGINE=InnoDB AUTO_INCREMENT=101 DEFAULT CHARSET=utf8 COLLATE=utf8_unicode_ci COMMENT='Пользователи';
/*!40101 SET character_set_client = @saved_cs_client */;

--
-- Dumping data for table `users`
--

LOCK TABLES `users` WRITE;
/*!40000 ALTER TABLE `users` DISABLE KEYS */;
INSERT INTO `users` VALUES (1,'Arnulfo','Moore','aufderhar.lois@example.com','(614)134-2727x86812',1,'2012-10-23 11:25:31','2018-06-27 01:01:12'),(2,'Charlotte','Streich','brendon.prosacco@example.com','1-437-731-2218x288',1,'2012-11-01 18:57:23','2020-06-16 02:20:40'),(3,'Allene','Hettinger','bergstrom.aniya@example.net','(484)015-0140x43231',1,'2009-11-09 06:27:41','2017-09-23 01:21:02'),(4,'Dixie','Murray','hartmann.raphael@example.com','08933817208',1,'2005-01-22 15:26:12','2005-08-18 20:21:59'),(5,'Fabiola','Crist','angelina87@example.net','03134639748',3,'1976-09-11 00:25:31','2020-06-16 02:19:38'),(6,'Chloe','Herman','myles.cruickshank@example.org','(799)725-4475',1,'1976-10-07 23:34:31','1995-10-14 23:17:41'),(7,'Ernest','Wisoky','izaiah91@example.com','06894087741',1,'2002-08-23 07:37:14','2020-06-16 02:20:40'),(8,'Maeve','Zieme','tzulauf@example.com','1-324-393-9330',3,'2015-05-01 11:15:57','2020-06-16 02:19:38'),(9,'Letitia','Sauer','chase.schneider@example.com','+65(1)2191215021',1,'1972-10-30 08:28:33','2015-06-20 03:44:23'),(10,'Reuben','Heaney','nash.heidenreich@example.org','564-661-6556x4379',1,'1984-01-17 23:34:22','2020-06-16 02:20:40'),(11,'Christine','Grant','warren.bailey@example.org','1-942-246-6287x58212',1,'2006-02-11 13:41:15','2020-06-16 02:20:40'),(12,'Maurine','Cummings','farrell.cielo@example.org','489.454.0395x1593',1,'1998-04-26 04:08:04','2020-06-16 02:20:40'),(13,'Hassie','O\'Reilly','vsawayn@example.com','1-092-659-4005x64813',2,'1970-12-07 06:23:13','2020-06-16 02:19:34'),(14,'Lois','Smith','eliezer.okuneva@example.com','621.818.5589',1,'1992-02-26 04:23:12','2020-06-16 02:20:40'),(15,'Orland','Langworth','vonrueden.michele@example.com','240-545-8162',1,'1992-11-09 23:24:02','2004-06-14 20:24:16'),(16,'Carli','Yost','ritchie.carmen@example.org','(515)061-1868x369',1,'2010-08-07 19:16:26','2020-06-16 02:20:40'),(17,'Destiny','Kertzmann','rice.madilyn@example.org','290-432-6242x12254',1,'2005-06-20 09:03:53','2007-05-21 18:18:09'),(18,'Heaven','Streich','anderson.jarrett@example.org','1-289-426-5372',1,'1971-04-13 13:40:33','1994-03-20 23:07:57'),(19,'Brandt','Streich','stanton.collier@example.net','1-848-848-2906',1,'1988-01-27 18:29:15','2017-10-19 06:11:45'),(20,'Leopold','Fay','breitenberg.jalyn@example.com','1-405-103-0267x484',1,'2011-01-30 02:22:49','2020-06-16 02:20:40'),(21,'Jaden','Carroll','stoltenberg.kip@example.net','099-499-1355x9240',1,'1999-01-24 01:12:17','2020-04-07 00:52:51'),(22,'Ruben','Hoeger','tiffany.runolfsdottir@example.com','1-437-191-7405x4711',2,'1990-01-07 16:33:25','2020-06-16 02:19:34'),(23,'Dallas','Lemke','lucy.reichert@example.net','1-335-278-4399x18131',1,'2016-08-14 19:01:15','2020-06-16 02:20:40'),(24,'Rasheed','Kemmer','swaniawski.danny@example.com','1-835-511-2379',1,'1998-01-01 15:01:40','2020-06-16 02:20:40'),(25,'Lucienne','Hartmann','amie.paucek@example.net','199-987-6562x8549',1,'1970-09-11 20:21:54','1999-06-22 21:47:21'),(26,'Ardith','Jacobs','batz.annette@example.com','(148)987-5323x856',1,'2001-05-31 00:23:40','2020-06-16 02:20:40'),(27,'Rozella','Paucek','kristoffer09@example.net','302-119-6981x24180',1,'2004-08-06 16:26:34','2020-06-16 02:20:40'),(28,'Kaleb','Lynch','johanna17@example.net','(913)977-4384',1,'2005-11-29 16:39:39','2020-06-16 02:20:40'),(29,'Adelle','Nolan','wyman.alfred@example.net','1-312-221-8532x015',2,'1989-06-05 07:11:59','2020-06-16 02:19:34'),(30,'Ruben','Crooks','jovan75@example.org','06821925598',3,'1976-09-16 03:28:52','2020-06-16 02:19:38'),(31,'Jerod','Lowe','xcrist@example.com','03297153954',1,'1978-05-24 02:02:18','2000-10-24 09:31:29'),(32,'Curtis','Ebert','cboyle@example.org','(704)043-5623x840',1,'1974-08-09 05:11:24','2020-03-30 07:32:16'),(33,'Rhett','Hauck','shaun.parisian@example.net','035.357.2860',3,'2014-12-01 05:35:08','2020-06-16 02:19:38'),(34,'Clare','Langworth','monte.hermann@example.org','+33(6)9418908287',2,'2005-08-30 10:58:47','2020-06-16 02:19:34'),(35,'Virginia','Skiles','asa51@example.org','(972)788-6247',1,'1989-11-23 19:16:41','2020-06-16 02:20:40'),(36,'Eugenia','Renner','sylvia.paucek@example.net','(126)346-6665x54926',1,'2015-07-11 15:06:34','2017-07-14 16:07:21'),(37,'Adam','Glover','nola.swift@example.net','1-107-909-8763',1,'1998-10-01 18:54:19','2020-06-16 02:20:40'),(38,'Aiyana','Weissnat','deanna.wilderman@example.org','(978)059-3414',1,'1971-11-26 13:54:02','1985-05-31 03:39:17'),(39,'Hillard','Grimes','lmueller@example.net','209.674.3397',1,'1989-02-06 02:52:01','2012-02-28 03:34:45'),(40,'Ronaldo','Mertz','ythiel@example.org','085.885.8493x941',1,'2010-02-26 05:58:51','2020-06-16 02:20:40'),(41,'Kelley','Wuckert','hilll.lauriane@example.com','143.681.9873x197',1,'1995-11-28 14:03:00','2002-11-29 08:31:35'),(42,'Candelario','Daniel','estokes@example.org','+20(0)1454632428',1,'2019-09-26 11:26:21','2020-06-16 02:20:40'),(43,'Elody','Wolf','prohaska.vernice@example.com','248-006-6595x9191',1,'2020-04-15 16:59:54','2020-06-16 02:20:40'),(44,'Jocelyn','Senger','erdman.gregg@example.org','1-064-760-3353',1,'2003-10-14 01:59:16','2005-05-01 05:32:40'),(45,'Erna','Runte','roberts.sylvia@example.org','07650614882',1,'1997-04-20 11:01:48','2020-06-16 02:20:40'),(46,'Electa','Kling','delilah07@example.com','1-005-556-0431x645',1,'2000-08-22 00:25:51','2001-09-15 03:07:28'),(47,'Rita','Kuhlman','bullrich@example.org','(188)608-0185',1,'1970-06-11 15:16:28','1985-08-01 08:47:01'),(48,'Montana','Conroy','angela03@example.net','531-861-5662x0104',1,'1980-07-24 19:23:05','2010-04-24 03:43:27'),(49,'Henry','Tromp','emmalee.pouros@example.org','1-544-284-1442x6642',1,'2018-05-29 04:12:26','2020-06-16 02:20:40'),(50,'Ariane','Sipes','rubye44@example.org','081-997-6081x871',1,'1987-11-30 23:23:16','1996-12-02 00:26:30'),(51,'Blanche','Swaniawski','lavina65@example.com','(637)847-0336',1,'1982-12-23 14:31:56','2020-06-16 02:20:40'),(52,'Brandi','Kiehn','brandyn.kiehn@example.net','(507)692-0338',1,'2000-09-21 16:07:46','2020-06-16 02:20:40'),(53,'Maxime','D\'Amore','cornelius.jast@example.net','180.105.4297x8074',1,'2015-02-01 03:59:28','2020-06-16 02:20:40'),(54,'Betsy','Stiedemann','gunnar.dach@example.com','(704)081-2974x65852',1,'1991-09-09 19:59:06','2008-02-26 02:00:08'),(55,'Soledad','Satterfield','shanahan.carolyn@example.com','965.485.9089x8100',1,'1997-09-15 18:06:52','2020-06-16 02:20:40'),(56,'Izabella','Leffler','monahan.abdiel@example.org','1-335-144-1768',1,'2004-02-11 07:33:05','2020-06-16 02:20:40'),(57,'Presley','Konopelski','dakota78@example.org','898.806.3350x5812',1,'2014-01-30 12:41:38','2020-06-16 02:20:40'),(58,'Zena','Abernathy','vicky75@example.org','(129)748-6943x40587',1,'1978-07-21 05:46:31','2001-06-01 15:14:29'),(59,'Ardith','Bergnaum','michele.kihn@example.org','105-620-8824x1146',1,'2017-03-01 22:38:02','2020-06-16 02:20:40'),(60,'Nathan','Sporer','schuppe.roman@example.net','1-281-716-3414x3276',1,'2004-10-24 17:51:49','2016-09-06 07:31:36'),(61,'Joan','Borer','syble55@example.net','931.061.4136x14709',1,'2019-02-08 00:03:14','2020-06-16 02:20:40'),(62,'Javonte','Gerlach','austen.nienow@example.org','(946)849-0878x231',1,'1972-04-26 05:39:39','1972-12-27 09:31:54'),(63,'Lavonne','Conn','emmitt.wolf@example.net','468-161-3671',1,'1983-05-28 00:33:59','1988-08-15 07:21:57'),(64,'Faye','Moore','ngottlieb@example.org','193.988.3715x0776',1,'1997-03-30 07:30:32','2005-01-18 12:48:24'),(65,'Rosamond','Treutel','chet.o\'reilly@example.net','+73(7)3525794141',1,'1996-12-10 18:09:10','2020-06-16 02:20:40'),(66,'Stan','Bahringer','tracy75@example.org','1-369-737-3375',1,'1997-01-07 16:02:25','2020-06-16 02:20:40'),(67,'Kathleen','Jacobson','vparker@example.org','854.973.0826x3389',1,'1976-03-10 12:12:51','2018-07-24 08:08:48'),(68,'Elian','Windler','kbraun@example.com','1-298-934-2386x6871',1,'1995-05-25 01:45:41','2020-06-16 02:20:40'),(69,'Logan','Heidenreich','xrowe@example.net','+94(7)1643733179',1,'1984-01-20 22:36:16','2010-10-13 18:48:27'),(70,'Carley','Murray','patience.rogahn@example.org','947.753.9005x03209',1,'1986-01-20 09:23:01','1986-08-27 20:51:44'),(71,'Finn','Harris','larry.kunde@example.org','(604)703-6951x024',1,'2010-03-27 19:42:19','2020-06-16 02:20:40'),(72,'Victoria','Hintz','dullrich@example.net','09497196815',1,'1982-01-31 21:24:48','2015-05-23 13:03:01'),(73,'Sadye','Prosacco','cortney.kilback@example.org','(721)039-1908x7075',1,'2014-09-01 22:46:20','2020-06-16 02:20:40'),(74,'Maximillia','Douglas','reva07@example.net','456-964-9174x918',1,'2008-08-01 12:28:10','2020-06-16 02:20:40'),(75,'Devan','Kessler','laurie89@example.net','445.810.6763x09242',1,'1973-07-18 05:36:57','2018-09-30 22:59:06'),(76,'Cooper','Schuster','cole.danial@example.org','841.865.0097x5470',1,'1976-12-11 23:00:07','1989-04-28 08:23:00'),(77,'Alana','Bahringer','ofisher@example.com','1-660-387-2266x214',1,'1992-03-31 04:30:30','2007-03-26 13:53:07'),(78,'Destini','Marks','tyrell89@example.com','028.911.4646x72452',1,'1996-09-12 14:06:13','2020-06-16 02:20:40'),(79,'Clotilde','Kuvalis','bquitzon@example.net','+26(5)1958219404',1,'1979-11-07 03:27:20','2013-06-08 05:10:51'),(80,'Waldo','McKenzie','reece.williamson@example.net','00703001443',1,'1987-11-04 04:31:26','1996-04-25 22:56:16'),(81,'Vella','Grant','shahn@example.net','06677177054',1,'2011-09-24 10:42:44','2020-06-16 02:20:40'),(82,'Alana','Koss','rhea63@example.com','(306)875-8033',1,'2004-08-09 12:47:09','2020-06-16 02:20:40'),(83,'Fabiola','Crist','pearline.satterfield@example.org','1-726-169-6560',1,'1979-05-26 17:30:31','2020-06-16 02:20:40'),(84,'Stella','Carter','streich.bryon@example.net','+18(8)9556527946',1,'1974-03-28 23:54:58','2003-02-07 19:22:54'),(85,'Nikki','Nienow','osinski.lina@example.net','064-245-9907',1,'1971-01-03 01:00:15','1998-10-19 12:03:21'),(86,'Naomi','Abernathy','tyree.sipes@example.com','1-378-935-7706',1,'2019-11-27 09:45:58','2020-06-16 02:20:40'),(87,'Arno','Keeling','oscar61@example.org','758.338.2825x6273',1,'1971-03-04 22:27:50','1979-06-16 03:46:19'),(88,'Vance','Padberg','jennyfer.emard@example.org','1-413-799-5302x30843',1,'1998-08-15 03:52:08','2019-08-31 05:39:21'),(89,'Billy','Klein','zhickle@example.net','1-626-623-6637x35163',1,'1997-07-19 21:12:05','2020-06-16 02:20:40'),(90,'Brennan','Murazik','heather71@example.net','1-791-811-5259x63563',3,'1993-04-30 07:39:20','2020-06-16 02:19:38'),(91,'Mose','Mosciski','mleffler@example.org','708-085-6921x7500',1,'1975-01-09 02:31:45','2020-06-16 02:20:40'),(92,'Judge','Rowe','emmalee.boehm@example.com','665-915-3367',1,'2001-02-15 04:50:02','2009-01-05 15:47:49'),(93,'Alex','Blick','esmeralda69@example.com','911.545.9067x478',1,'2019-05-21 16:11:24','2020-06-16 02:20:40'),(94,'Lorna','Mills','magnus.stroman@example.org','605-716-7175x022',1,'1993-09-16 20:34:53','2015-08-13 06:18:16'),(95,'Ava','Bradtke','ella.price@example.org','(635)367-6336x1444',1,'1971-08-31 12:05:51','1974-02-08 20:33:54'),(96,'Marjolaine','Johnston','qmertz@example.net','+30(6)8142333975',1,'1994-05-17 21:14:05','2012-01-26 12:46:07'),(97,'Lukas','Orn','jerrod.rosenbaum@example.org','+10(6)8039849763',1,'1993-09-08 03:38:12','2013-12-10 06:06:49'),(98,'Vada','Howe','mozell.breitenberg@example.org','065.945.4395',1,'1993-04-14 12:54:41','2020-06-16 02:20:40'),(99,'Marcelo','DuBuque','nyah.mayer@example.org','(304)854-1804x84553',1,'1986-01-26 20:46:28','1992-09-25 15:01:41'),(100,'Priscilla','Maggio','geoffrey03@example.com','1-656-274-6273x101',1,'1973-06-25 22:00:53','2004-03-24 16:39:23');
/*!40000 ALTER TABLE `users` ENABLE KEYS */;
UNLOCK TABLES;
/*!40103 SET TIME_ZONE=@OLD_TIME_ZONE */;

/*!40101 SET SQL_MODE=@OLD_SQL_MODE */;
/*!40014 SET FOREIGN_KEY_CHECKS=@OLD_FOREIGN_KEY_CHECKS */;
/*!40014 SET UNIQUE_CHECKS=@OLD_UNIQUE_CHECKS */;
/*!40101 SET CHARACTER_SET_CLIENT=@OLD_CHARACTER_SET_CLIENT */;
/*!40101 SET CHARACTER_SET_RESULTS=@OLD_CHARACTER_SET_RESULTS */;
/*!40101 SET COLLATION_CONNECTION=@OLD_COLLATION_CONNECTION */;
/*!40111 SET SQL_NOTES=@OLD_SQL_NOTES */;

-- Dump completed on 2020-06-16  4:03:26
