#
# TABLE STRUCTURE FOR: blogs
#

DROP TABLE IF EXISTS `blogs`;

CREATE TABLE `blogs` (
  `id` int(10) unsigned NOT NULL AUTO_INCREMENT COMMENT 'Идентификатор строки',
  `name` varchar(100) COLLATE utf8_unicode_ci NOT NULL COMMENT 'Название стратьи',
  `text_blog` blob DEFAULT NULL COMMENT 'описание стратегии',
  `user_id` int(10) unsigned NOT NULL COMMENT 'Ссылка на пользователя - автора блога',
  `created_at` datetime DEFAULT current_timestamp() COMMENT 'Время создания строки',
  `updated_at` datetime DEFAULT current_timestamp() ON UPDATE current_timestamp() COMMENT 'Время обновления строки',
  PRIMARY KEY (`id`)
) ENGINE=InnoDB AUTO_INCREMENT=81 DEFAULT CHARSET=utf8 COLLATE=utf8_unicode_ci COMMENT='Блог';

INSERT INTO `blogs` (`id`, `name`, `text_blog`, `user_id`, `created_at`, `updated_at`) VALUES (1, 'minus', 'Velit numquam tempora vel ipsa ratione. Sunt consequuntur nulla quia ipsa aliquid. Odit magni aut molestias voluptas in quos perferendis. Omnis vero est aperiam.', 11, '1980-03-05 21:41:48', '2013-01-22 09:28:43');
INSERT INTO `blogs` (`id`, `name`, `text_blog`, `user_id`, `created_at`, `updated_at`) VALUES (2, 'neque', 'Debitis quos neque dolor inventore. Ipsum eius dolor incidunt ullam. Aut ut deleniti eligendi perspiciatis est ullam.', 93, '1971-12-16 13:03:49', '1971-02-22 04:48:45');
INSERT INTO `blogs` (`id`, `name`, `text_blog`, `user_id`, `created_at`, `updated_at`) VALUES (3, 'praesentium', 'Eius natus aut dolores vel voluptate eum. Quia esse dolorum laboriosam qui. Aut numquam nemo totam.', 67, '1971-12-16 15:17:20', '2001-04-25 01:08:23');
INSERT INTO `blogs` (`id`, `name`, `text_blog`, `user_id`, `created_at`, `updated_at`) VALUES (4, 'voluptatibus', 'Illo pariatur ea id iusto ipsum ut consequatur tenetur. Necessitatibus odio impedit tenetur molestiae. Magni non ratione incidunt odit. Optio nostrum quia sed consectetur nemo.', 23, '2015-08-16 16:24:31', '2003-08-01 07:09:14');
INSERT INTO `blogs` (`id`, `name`, `text_blog`, `user_id`, `created_at`, `updated_at`) VALUES (5, 'est', 'Labore eligendi animi officiis ut fuga perspiciatis necessitatibus. Non quisquam est nobis voluptatem. Est nobis sint doloremque qui qui quod. Unde nobis itaque qui sunt.', 91, '2009-08-13 20:45:20', '2005-07-30 05:42:54');
INSERT INTO `blogs` (`id`, `name`, `text_blog`, `user_id`, `created_at`, `updated_at`) VALUES (6, 'vitae', 'Voluptatibus doloribus vitae fugiat rerum rerum. Voluptatum in qui nihil quos. Nulla dolores minus qui dicta maiores quo et occaecati. Et vitae error magnam at distinctio totam quo.', 48, '1974-04-14 10:50:38', '1983-08-23 01:19:18');
INSERT INTO `blogs` (`id`, `name`, `text_blog`, `user_id`, `created_at`, `updated_at`) VALUES (7, 'expedita', 'Deserunt non dolor velit aut autem qui dolore. Odit animi nostrum magnam architecto minus. Aut nisi inventore eum distinctio.', 67, '1992-04-02 06:25:14', '1991-10-05 11:03:25');
INSERT INTO `blogs` (`id`, `name`, `text_blog`, `user_id`, `created_at`, `updated_at`) VALUES (8, 'fugiat', 'Magni qui fuga natus voluptatem ea. Soluta voluptas dolor et quo quia harum eos. Eligendi non blanditiis et excepturi. Dolorum natus commodi sunt veniam libero.', 41, '2011-09-22 21:03:30', '2016-10-04 23:51:29');
INSERT INTO `blogs` (`id`, `name`, `text_blog`, `user_id`, `created_at`, `updated_at`) VALUES (9, 'illum', 'Est sequi voluptatem fugiat ratione officia velit est. Tenetur officiis quasi ipsa quidem. Fuga reiciendis culpa iste sed assumenda ut. In esse illum neque qui quia.', 53, '1971-01-09 14:33:56', '1988-03-24 07:59:36');
INSERT INTO `blogs` (`id`, `name`, `text_blog`, `user_id`, `created_at`, `updated_at`) VALUES (10, 'sequi', 'Expedita excepturi sunt sit culpa suscipit fugit. Numquam asperiores commodi aut est. Aliquam et unde voluptatum optio assumenda. Sed maiores nostrum sint cum non.', 54, '1991-11-19 07:56:39', '1984-05-08 11:02:03');
INSERT INTO `blogs` (`id`, `name`, `text_blog`, `user_id`, `created_at`, `updated_at`) VALUES (11, 'nulla', 'Adipisci necessitatibus est qui magni sit. Earum consequatur iste error at. Fuga ea porro voluptatem dolore mollitia voluptas voluptatem. Sapiente et expedita commodi aut voluptatum.', 15, '1999-07-08 04:28:45', '1978-09-27 11:35:20');
INSERT INTO `blogs` (`id`, `name`, `text_blog`, `user_id`, `created_at`, `updated_at`) VALUES (12, 'vitae', 'Dolorem quis impedit eum. Reiciendis at alias quidem corporis fugiat maxime adipisci voluptatem. A optio harum dolore et vel. Occaecati soluta delectus natus cum sed.', 40, '2001-09-17 11:10:54', '2020-04-02 09:57:17');
INSERT INTO `blogs` (`id`, `name`, `text_blog`, `user_id`, `created_at`, `updated_at`) VALUES (13, 'cum', 'Praesentium nobis ut quisquam magni inventore et rerum. Omnis praesentium sed vel voluptatem natus sit id. Et et id sint impedit rerum magni.', 82, '2004-03-25 02:26:37', '2006-06-27 08:58:21');
INSERT INTO `blogs` (`id`, `name`, `text_blog`, `user_id`, `created_at`, `updated_at`) VALUES (14, 'hic', 'Minus recusandae earum at et qui numquam sequi. Dolorem provident aut sequi sed. Et minus soluta ut fugiat.', 92, '1979-10-19 23:55:27', '1973-06-24 00:45:19');
INSERT INTO `blogs` (`id`, `name`, `text_blog`, `user_id`, `created_at`, `updated_at`) VALUES (15, 'dolores', 'Dolor eum repellat similique sed qui totam recusandae. Laboriosam dicta officia vitae quae aut omnis. Impedit tenetur rerum rem.', 45, '1998-05-11 04:18:03', '2016-09-12 09:51:05');
INSERT INTO `blogs` (`id`, `name`, `text_blog`, `user_id`, `created_at`, `updated_at`) VALUES (16, 'in', 'Dolore in vel est sint veritatis. Dignissimos quis quam sunt dolores est. Dolorem inventore voluptatem vitae repudiandae est est.', 75, '1971-05-20 21:25:43', '1977-02-24 01:30:24');
INSERT INTO `blogs` (`id`, `name`, `text_blog`, `user_id`, `created_at`, `updated_at`) VALUES (17, 'saepe', 'Porro dolores repudiandae in autem. Vitae aperiam perferendis vel iste illum molestias molestiae. Temporibus natus quos numquam dolore ut.', 11, '1974-04-24 11:39:34', '2007-12-19 17:51:24');
INSERT INTO `blogs` (`id`, `name`, `text_blog`, `user_id`, `created_at`, `updated_at`) VALUES (18, 'possimus', 'Dolorum quod autem ratione voluptates voluptatum eum. Labore fuga consequatur ullam molestiae veniam. Quibusdam aut et quasi eligendi velit quia.', 92, '2011-04-24 00:28:24', '2001-06-24 18:52:56');
INSERT INTO `blogs` (`id`, `name`, `text_blog`, `user_id`, `created_at`, `updated_at`) VALUES (19, 'voluptas', 'Voluptatum commodi ut occaecati unde nesciunt perferendis ipsum. Pariatur cupiditate qui quaerat. Ullam iure quos dolorem quasi exercitationem hic in harum.', 14, '1976-10-24 08:40:24', '1981-06-02 02:53:53');
INSERT INTO `blogs` (`id`, `name`, `text_blog`, `user_id`, `created_at`, `updated_at`) VALUES (20, 'expedita', 'Facere autem ipsam eum hic dolor. Quis dolor id laborum adipisci ipsam. Omnis totam enim nesciunt cum. Sit voluptas aut esse.', 73, '2020-02-12 02:26:19', '2013-01-05 02:16:29');
INSERT INTO `blogs` (`id`, `name`, `text_blog`, `user_id`, `created_at`, `updated_at`) VALUES (21, 'qui', 'Aliquam ex consequatur distinctio ipsa dolores maiores. Itaque ut sed blanditiis. At rerum et ut quo voluptate sunt nobis.\nDolores temporibus fuga iste possimus. Ullam rerum nostrum ut velit tenetur.', 71, '1989-08-26 23:58:28', '2008-05-15 15:07:18');
INSERT INTO `blogs` (`id`, `name`, `text_blog`, `user_id`, `created_at`, `updated_at`) VALUES (22, 'debitis', 'Ea et repudiandae libero est. Optio natus quas nulla voluptatibus. Quibusdam officiis ut nesciunt ipsa unde. Blanditiis consequuntur iure reprehenderit autem.', 34, '1979-12-06 09:01:11', '2007-08-27 05:00:14');
INSERT INTO `blogs` (`id`, `name`, `text_blog`, `user_id`, `created_at`, `updated_at`) VALUES (23, 'quibusdam', 'Inventore ut aliquid quaerat sapiente. Aliquam eum autem ducimus nulla numquam. Enim officia molestias rerum enim occaecati suscipit. Amet suscipit ipsa id ratione ut voluptate.', 20, '2016-07-27 18:23:39', '1991-04-19 07:54:13');
INSERT INTO `blogs` (`id`, `name`, `text_blog`, `user_id`, `created_at`, `updated_at`) VALUES (24, 'error', 'Dignissimos consequatur repellat et rerum odit porro et. Non ipsam rerum repellat quas enim expedita. Aut molestiae a sunt aut dolore modi. Et in est deleniti unde quibusdam qui.', 35, '1987-07-09 04:10:09', '1975-10-10 01:05:53');
INSERT INTO `blogs` (`id`, `name`, `text_blog`, `user_id`, `created_at`, `updated_at`) VALUES (25, 'et', 'Qui nam odit deleniti saepe doloremque velit. Et deleniti voluptas voluptatem voluptatem deserunt laudantium. Autem veniam asperiores cumque.', 78, '1981-06-16 04:30:23', '2014-03-18 07:02:50');
INSERT INTO `blogs` (`id`, `name`, `text_blog`, `user_id`, `created_at`, `updated_at`) VALUES (26, 'nobis', 'Odit iusto impedit voluptatem quibusdam rerum inventore asperiores. Non ut sapiente est voluptatem. Amet doloremque quos eos saepe.', 25, '1991-11-18 02:15:16', '2011-05-21 09:28:14');
INSERT INTO `blogs` (`id`, `name`, `text_blog`, `user_id`, `created_at`, `updated_at`) VALUES (27, 'aperiam', 'Et qui nam quis eius. Quo vitae perferendis aperiam est vitae. Aut autem quaerat reprehenderit et vel iusto accusamus laboriosam.', 5, '1976-04-03 05:26:33', '2004-07-02 16:09:52');
INSERT INTO `blogs` (`id`, `name`, `text_blog`, `user_id`, `created_at`, `updated_at`) VALUES (28, 'voluptas', 'Suscipit officiis aut reiciendis ratione ipsum nulla omnis. Doloremque molestiae voluptate laboriosam magnam ipsum laborum. Error quas suscipit laboriosam quae.', 5, '1994-04-06 20:38:42', '2014-07-26 07:11:22');
INSERT INTO `blogs` (`id`, `name`, `text_blog`, `user_id`, `created_at`, `updated_at`) VALUES (29, 'sit', 'Omnis debitis a quo nostrum provident qui molestias. Sunt vel qui natus nostrum ab dolorum aut. Soluta rem soluta voluptate magnam quibusdam vero.', 34, '2013-09-18 15:05:39', '1999-09-09 11:11:52');
INSERT INTO `blogs` (`id`, `name`, `text_blog`, `user_id`, `created_at`, `updated_at`) VALUES (30, 'pariatur', 'Id soluta aut ut et doloremque sed nisi. Voluptatibus dolore facere non similique. Pariatur debitis fugit veritatis dolores.', 37, '1996-08-10 14:02:31', '1992-02-29 13:45:10');
INSERT INTO `blogs` (`id`, `name`, `text_blog`, `user_id`, `created_at`, `updated_at`) VALUES (31, 'et', 'Id adipisci veritatis est reprehenderit quae corrupti eos. Itaque quia soluta omnis quo sed occaecati. Eum explicabo aut asperiores consequatur itaque repellendus. In architecto voluptas magnam.', 53, '1975-05-14 09:44:32', '2007-04-12 09:06:23');
INSERT INTO `blogs` (`id`, `name`, `text_blog`, `user_id`, `created_at`, `updated_at`) VALUES (32, 'repellendus', 'Et consectetur tenetur et in incidunt non sit quis. Aut ut est eveniet quia maxime tenetur non consequatur. Commodi commodi dolorem dolore nemo accusantium.', 86, '1973-09-12 21:41:53', '1996-02-15 17:56:54');
INSERT INTO `blogs` (`id`, `name`, `text_blog`, `user_id`, `created_at`, `updated_at`) VALUES (33, 'odio', 'Vitae consequatur nam sed error sunt quasi. Voluptatem sed veniam maiores libero error optio laborum aut. Delectus tempore temporibus dignissimos qui sit impedit.', 57, '1983-04-25 09:33:36', '1975-09-09 19:16:27');
INSERT INTO `blogs` (`id`, `name`, `text_blog`, `user_id`, `created_at`, `updated_at`) VALUES (34, 'quae', 'Sapiente neque velit eum fugiat sed omnis. Iste velit officia explicabo. Debitis non ex esse qui enim.', 22, '1994-05-21 13:02:08', '1998-06-05 04:20:22');
INSERT INTO `blogs` (`id`, `name`, `text_blog`, `user_id`, `created_at`, `updated_at`) VALUES (35, 'delectus', 'Nisi rerum quod consequatur nihil est quos. Omnis ratione unde assumenda eos omnis voluptatem. Neque est ullam est architecto asperiores. Ut illo repellendus qui qui odio.', 59, '2015-06-30 08:24:52', '1984-07-29 04:40:29');
INSERT INTO `blogs` (`id`, `name`, `text_blog`, `user_id`, `created_at`, `updated_at`) VALUES (36, 'distinctio', 'Eos tempora aut aut sed. Est qui minus dolorem accusantium quia temporibus et amet. Modi est beatae totam esse ratione. Atque ut pariatur vero dolorem minima dolores.', 52, '1986-12-08 01:07:28', '2020-06-23 13:28:30');
INSERT INTO `blogs` (`id`, `name`, `text_blog`, `user_id`, `created_at`, `updated_at`) VALUES (37, 'unde', 'Nisi rerum aut ipsa in quas earum quia. Consectetur ipsa quia repellat ad laborum ea maiores.', 14, '1971-05-21 18:26:46', '2000-06-14 08:19:26');
INSERT INTO `blogs` (`id`, `name`, `text_blog`, `user_id`, `created_at`, `updated_at`) VALUES (38, 'cumque', 'Nemo quibusdam vero numquam quas culpa animi. Quibusdam quidem consequuntur consequatur quam. Rerum facilis magni repellat non cum labore quia.', 21, '1994-05-30 10:02:10', '2019-06-19 09:12:50');
INSERT INTO `blogs` (`id`, `name`, `text_blog`, `user_id`, `created_at`, `updated_at`) VALUES (39, 'quo', 'Molestiae saepe et odit ipsa quisquam. Non deleniti in doloremque et non dolorem. Distinctio voluptatem suscipit ea asperiores unde. Ratione reprehenderit labore deserunt.', 8, '1986-02-04 20:43:58', '2002-10-19 05:47:58');
INSERT INTO `blogs` (`id`, `name`, `text_blog`, `user_id`, `created_at`, `updated_at`) VALUES (40, 'rerum', 'Nihil doloribus id voluptatem assumenda id consectetur. Dicta ut aliquid et et vel iure beatae. Ea voluptatem quo laboriosam non dicta.', 65, '1976-06-24 21:05:47', '1973-11-26 23:01:36');
INSERT INTO `blogs` (`id`, `name`, `text_blog`, `user_id`, `created_at`, `updated_at`) VALUES (41, 'adipisci', 'Veniam repudiandae velit eos qui iste. Explicabo praesentium aut dolorem.\nVel nihil necessitatibus ea maxime aut soluta. Quia nulla delectus qui et repellat temporibus.', 87, '1997-02-03 01:38:02', '2014-06-15 10:54:59');
INSERT INTO `blogs` (`id`, `name`, `text_blog`, `user_id`, `created_at`, `updated_at`) VALUES (42, 'corrupti', 'Ipsum numquam qui fugiat sit eos accusamus. Vel non voluptas est explicabo. Laboriosam delectus magnam labore sit. Dolorum quia est autem voluptas quis.', 58, '1973-04-01 09:17:59', '2020-04-12 03:06:53');
INSERT INTO `blogs` (`id`, `name`, `text_blog`, `user_id`, `created_at`, `updated_at`) VALUES (43, 'deleniti', 'Aut expedita quod aut rem dolores necessitatibus. Aut consequatur maxime molestiae sint odit aut deleniti. Non sapiente sit aperiam est laboriosam.', 87, '2011-12-13 07:55:48', '1977-12-16 23:20:16');
INSERT INTO `blogs` (`id`, `name`, `text_blog`, `user_id`, `created_at`, `updated_at`) VALUES (44, 'sint', 'Doloremque et tenetur omnis reprehenderit sit. Rerum magnam consequuntur consequatur corrupti libero non. Cum doloremque labore quis qui.', 49, '2016-09-05 02:30:09', '2019-06-27 11:10:37');
INSERT INTO `blogs` (`id`, `name`, `text_blog`, `user_id`, `created_at`, `updated_at`) VALUES (45, 'consequatur', 'Totam eligendi facilis fuga esse hic. Quo esse aliquam hic omnis voluptas architecto non. Sit dolores sint et odio. Explicabo facilis et explicabo placeat ut.', 17, '1985-07-26 02:12:27', '2000-08-22 22:49:13');
INSERT INTO `blogs` (`id`, `name`, `text_blog`, `user_id`, `created_at`, `updated_at`) VALUES (46, 'ad', 'Placeat est officia voluptas magni et. Et et rem rem sit possimus totam deserunt.\nHic ab ea et. Cum eos iure quia. Consequatur ut dolore eius eligendi.', 4, '2009-08-06 21:26:25', '1990-06-18 21:34:32');
INSERT INTO `blogs` (`id`, `name`, `text_blog`, `user_id`, `created_at`, `updated_at`) VALUES (47, 'ratione', 'Laborum tempore reprehenderit cum ea. Repellat accusantium et repellat dolores et rerum. Repudiandae aut cum iste perspiciatis.', 83, '2007-07-29 12:17:11', '1972-04-16 03:34:21');
INSERT INTO `blogs` (`id`, `name`, `text_blog`, `user_id`, `created_at`, `updated_at`) VALUES (48, 'autem', 'Aut aut est aliquam molestiae ut nihil necessitatibus. Quae id eum ut iusto illum veritatis velit. Molestiae minima consequatur ex amet quasi rerum iusto aut.', 56, '1981-05-04 09:49:59', '1981-03-05 06:05:54');
INSERT INTO `blogs` (`id`, `name`, `text_blog`, `user_id`, `created_at`, `updated_at`) VALUES (49, 'quibusdam', 'Quibusdam dolor perspiciatis totam optio magnam placeat quia. Ut nemo voluptas sit sunt et. Accusamus alias vel nihil totam voluptas officiis. Eius id consequatur est labore eum.', 13, '1993-08-27 07:16:55', '1972-08-01 21:08:42');
INSERT INTO `blogs` (`id`, `name`, `text_blog`, `user_id`, `created_at`, `updated_at`) VALUES (50, 'sunt', 'Sit minus quia omnis consequuntur. Nostrum distinctio est nisi placeat perspiciatis. Totam labore qui laborum a. Sit architecto praesentium maiores velit dolorem.', 61, '1978-05-05 22:26:28', '2000-01-13 08:45:40');
INSERT INTO `blogs` (`id`, `name`, `text_blog`, `user_id`, `created_at`, `updated_at`) VALUES (51, 'iure', 'Ex non modi delectus fugiat. Delectus unde aut est et quia perspiciatis asperiores. Labore doloremque et et illum sint in. Ipsa unde assumenda non quae reprehenderit reprehenderit aut unde.', 74, '2016-06-29 03:51:52', '2020-01-14 23:10:03');
INSERT INTO `blogs` (`id`, `name`, `text_blog`, `user_id`, `created_at`, `updated_at`) VALUES (52, 'necessitatibus', 'Placeat illum rerum animi at. Porro voluptate facere odit dolores beatae est pariatur.', 27, '1989-06-10 00:54:28', '1971-03-09 22:18:53');
INSERT INTO `blogs` (`id`, `name`, `text_blog`, `user_id`, `created_at`, `updated_at`) VALUES (53, 'itaque', 'Molestiae voluptates hic sed rem eligendi quo explicabo qui. Dignissimos aperiam saepe et praesentium eum non. Nostrum temporibus accusantium eligendi nisi at. Molestias aut et illo.', 98, '2008-06-07 18:36:48', '1970-12-06 01:46:13');
INSERT INTO `blogs` (`id`, `name`, `text_blog`, `user_id`, `created_at`, `updated_at`) VALUES (54, 'nobis', 'Ea repellat incidunt ut nisi error. Ut eos maiores error consequuntur. Et voluptate enim ipsa molestiae.', 46, '2016-12-26 09:12:39', '1989-10-05 00:59:50');
INSERT INTO `blogs` (`id`, `name`, `text_blog`, `user_id`, `created_at`, `updated_at`) VALUES (55, 'ratione', 'Tempore aut dolorum et ut. Odit ipsa magnam cum rem pariatur.\nRatione soluta nam ipsa similique. Totam quas accusantium nihil quia. Voluptatum qui nihil fugit excepturi.', 55, '1986-11-15 02:31:54', '1997-08-23 07:24:33');
INSERT INTO `blogs` (`id`, `name`, `text_blog`, `user_id`, `created_at`, `updated_at`) VALUES (56, 'et', 'Qui non voluptates fugit nobis autem laudantium. Nam rerum dolorum assumenda. Ut accusamus nobis consectetur consequatur itaque voluptates in. Praesentium eveniet ut libero impedit dolorem ut odio.', 12, '1993-01-22 19:26:54', '1992-08-24 14:32:28');
INSERT INTO `blogs` (`id`, `name`, `text_blog`, `user_id`, `created_at`, `updated_at`) VALUES (57, 'et', 'Beatae et eligendi asperiores consequatur velit in. Temporibus voluptatem ratione vel dolorem. Iure quia corrupti aut ut repellat. Quibusdam pariatur deserunt neque ipsam.', 40, '1997-11-04 00:39:16', '1972-12-03 12:36:28');
INSERT INTO `blogs` (`id`, `name`, `text_blog`, `user_id`, `created_at`, `updated_at`) VALUES (58, 'et', 'Nihil illo aspernatur voluptas quia cupiditate. Minus sapiente quia rerum sint. Dolorum dicta saepe magnam repellat. Et quasi libero ut minima eos tempore non.', 48, '2008-07-18 05:26:05', '1990-11-01 23:30:01');
INSERT INTO `blogs` (`id`, `name`, `text_blog`, `user_id`, `created_at`, `updated_at`) VALUES (59, 'voluptas', 'Provident adipisci ratione pariatur consequatur. Quia reprehenderit quasi dicta veritatis voluptas. Assumenda nostrum corporis molestiae labore. Et libero neque autem aliquid.', 26, '1992-12-22 11:21:13', '2015-01-09 06:42:20');
INSERT INTO `blogs` (`id`, `name`, `text_blog`, `user_id`, `created_at`, `updated_at`) VALUES (60, 'error', 'Voluptatem magnam cum omnis voluptates beatae voluptatibus earum. Veritatis deserunt porro praesentium ab. Modi similique ut facilis. Consequatur iste ipsam consequuntur.', 70, '1999-11-16 10:09:07', '1990-07-29 15:26:00');
INSERT INTO `blogs` (`id`, `name`, `text_blog`, `user_id`, `created_at`, `updated_at`) VALUES (61, 'consectetur', 'Accusantium provident quo vitae quos libero autem eveniet. Nisi quis et qui rem sint iste. Adipisci aliquam exercitationem quidem. Est nobis ducimus tempore.', 88, '1985-09-11 07:35:58', '1988-12-10 05:54:55');
INSERT INTO `blogs` (`id`, `name`, `text_blog`, `user_id`, `created_at`, `updated_at`) VALUES (62, 'unde', 'Non deleniti quia mollitia pariatur rerum et ad. Voluptates voluptas iure neque rerum sint. Vel nemo voluptate assumenda a dignissimos autem minus.', 74, '2019-12-17 14:32:45', '2004-04-16 13:53:47');
INSERT INTO `blogs` (`id`, `name`, `text_blog`, `user_id`, `created_at`, `updated_at`) VALUES (63, 'nostrum', 'Incidunt et sit dolor consequatur. Molestiae maxime qui nam veniam. Rem ipsa voluptatem sint reiciendis reprehenderit ex.', 97, '1981-09-09 13:41:04', '1983-05-05 19:28:19');
INSERT INTO `blogs` (`id`, `name`, `text_blog`, `user_id`, `created_at`, `updated_at`) VALUES (64, 'id', 'At accusantium voluptatibus architecto aliquid est. Alias aut ex voluptatem illo quam culpa. Tenetur ut minima adipisci iusto sit beatae quaerat.', 75, '1984-07-05 05:40:37', '1979-03-24 18:03:31');
INSERT INTO `blogs` (`id`, `name`, `text_blog`, `user_id`, `created_at`, `updated_at`) VALUES (65, 'omnis', 'Nemo consequuntur omnis et eum dolore sint. Aliquid aut repudiandae aut amet omnis sunt quo. Consectetur dolorem aperiam et enim.', 49, '1975-02-09 15:15:43', '1973-04-08 23:57:31');
INSERT INTO `blogs` (`id`, `name`, `text_blog`, `user_id`, `created_at`, `updated_at`) VALUES (66, 'rem', 'Culpa ipsa corporis repellat eos aut omnis labore. Ut voluptates et nulla necessitatibus rem. Voluptatem nulla rerum quia et est at.', 66, '1992-10-25 08:37:54', '2007-11-17 13:28:56');
INSERT INTO `blogs` (`id`, `name`, `text_blog`, `user_id`, `created_at`, `updated_at`) VALUES (67, 'aut', 'Molestias velit explicabo hic officia saepe dignissimos voluptates architecto. Et deserunt facere cum illo doloribus debitis facere. Fugit vel repellat fuga impedit.', 59, '1972-09-05 22:27:16', '1997-06-22 13:56:30');
INSERT INTO `blogs` (`id`, `name`, `text_blog`, `user_id`, `created_at`, `updated_at`) VALUES (68, 'minus', 'Aut nobis officia quis quasi sit labore. Quas laboriosam libero quis officia. Nostrum consectetur doloribus eos omnis.', 76, '2014-12-11 20:55:10', '2006-08-31 00:03:23');
INSERT INTO `blogs` (`id`, `name`, `text_blog`, `user_id`, `created_at`, `updated_at`) VALUES (69, 'similique', 'Et quaerat sint qui occaecati reprehenderit adipisci. Doloribus rerum quis impedit itaque est aut. Nobis excepturi est veritatis eum dignissimos quo laborum omnis. Sint ipsam esse quam voluptatem.', 25, '1990-02-27 19:04:05', '1986-11-24 01:32:17');
INSERT INTO `blogs` (`id`, `name`, `text_blog`, `user_id`, `created_at`, `updated_at`) VALUES (70, 'libero', 'Iure iure voluptas dolores corrupti sed. Minima esse totam dolor eos. Quidem laboriosam atque mollitia. Voluptas voluptates porro suscipit quia voluptatibus est libero.', 76, '2017-04-13 15:10:40', '1971-02-14 10:28:57');
INSERT INTO `blogs` (`id`, `name`, `text_blog`, `user_id`, `created_at`, `updated_at`) VALUES (71, 'fugiat', 'Vel magni deserunt quia sunt. Dolorem ut culpa corrupti consequatur aut. Maiores animi earum molestiae fugiat. Harum consequatur mollitia totam eos velit mollitia sit sunt.', 91, '2014-04-22 03:45:20', '2005-03-16 23:52:57');
INSERT INTO `blogs` (`id`, `name`, `text_blog`, `user_id`, `created_at`, `updated_at`) VALUES (72, 'earum', 'Nemo nulla laudantium incidunt possimus adipisci quisquam. Cum aut sit repellendus nihil in distinctio. Impedit voluptas modi et aut quia corporis. Soluta et voluptatum ea vitae reiciendis.', 21, '1997-10-18 01:59:43', '2005-01-02 05:56:47');
INSERT INTO `blogs` (`id`, `name`, `text_blog`, `user_id`, `created_at`, `updated_at`) VALUES (73, 'rerum', 'Corporis aut est voluptatem fuga iure labore et. Enim at saepe voluptas aut deleniti deserunt. Voluptatem voluptate optio est voluptatum cum suscipit enim.', 31, '1978-01-23 10:18:54', '1994-01-16 13:02:54');
INSERT INTO `blogs` (`id`, `name`, `text_blog`, `user_id`, `created_at`, `updated_at`) VALUES (74, 'et', 'Vero cum tenetur eum consequatur fuga quidem. Adipisci maiores ut quisquam vel. Quod quo ut sunt eos fuga eveniet adipisci.', 31, '2001-01-12 23:52:55', '1997-04-02 02:16:33');
INSERT INTO `blogs` (`id`, `name`, `text_blog`, `user_id`, `created_at`, `updated_at`) VALUES (75, 'perspiciatis', 'Aut et numquam tempore repudiandae. Nulla reprehenderit dignissimos quo provident error porro impedit. Soluta quia ullam voluptates cupiditate autem reiciendis. Numquam eum aperiam et.', 80, '1980-10-24 17:12:12', '1988-12-16 14:59:09');
INSERT INTO `blogs` (`id`, `name`, `text_blog`, `user_id`, `created_at`, `updated_at`) VALUES (76, 'aut', 'In debitis voluptatem quia expedita. Quia voluptatem qui ex aut. Nostrum nobis omnis atque tempore eos dolorem.', 52, '1971-07-03 16:26:25', '2014-05-20 19:13:44');
INSERT INTO `blogs` (`id`, `name`, `text_blog`, `user_id`, `created_at`, `updated_at`) VALUES (77, 'eveniet', 'Rem sunt aut consectetur et perferendis quia. Ratione officiis labore est aut sint qui minus.', 70, '2000-12-21 05:54:01', '2017-06-17 17:47:26');
INSERT INTO `blogs` (`id`, `name`, `text_blog`, `user_id`, `created_at`, `updated_at`) VALUES (78, 'modi', 'Dolor eos a asperiores et. Praesentium incidunt nostrum impedit culpa dolor. In aperiam voluptatem est nulla vero rerum illo deserunt. Sunt numquam et et quia qui non nemo.', 49, '1972-03-27 01:07:11', '1981-01-15 07:42:48');
INSERT INTO `blogs` (`id`, `name`, `text_blog`, `user_id`, `created_at`, `updated_at`) VALUES (79, 'ea', 'Porro aut in corporis est id molestiae. Itaque qui sed qui eum iure neque.', 56, '1979-07-22 14:49:09', '1992-11-12 20:47:53');
INSERT INTO `blogs` (`id`, `name`, `text_blog`, `user_id`, `created_at`, `updated_at`) VALUES (80, 'voluptatem', 'Qui earum voluptatem laudantium deleniti dignissimos sapiente. Adipisci aperiam rerum laudantium sit minus expedita soluta quisquam. Tempore quo iusto incidunt tempore odio nesciunt nihil.', 20, '1978-04-09 21:28:06', '1988-11-28 22:33:22');


#
# TABLE STRUCTURE FOR: comments
#

DROP TABLE IF EXISTS `comments`;

CREATE TABLE `comments` (
  `id` int(10) unsigned NOT NULL AUTO_INCREMENT COMMENT 'Идентификатор строки',
  `blog_id` int(10) unsigned NOT NULL COMMENT 'Ссылка на блог',
  `text_message` text COLLATE utf8_unicode_ci DEFAULT NULL COMMENT 'комметарий',
  PRIMARY KEY (`id`)
) ENGINE=InnoDB AUTO_INCREMENT=21 DEFAULT CHARSET=utf8 COLLATE=utf8_unicode_ci COMMENT='Комментарий';

INSERT INTO `comments` (`id`, `blog_id`, `text_message`) VALUES (1, 17, 'Molestiae est iure veniam rerum. Dicta rerum voluptas occaecati totam. Quia in consequatur nihil sint et voluptas eaque. Harum et praesentium nesciunt quasi similique vitae.');
INSERT INTO `comments` (`id`, `blog_id`, `text_message`) VALUES (2, 32, 'Quas quo itaque omnis aliquid molestiae explicabo totam. Veritatis nihil recusandae ipsum aperiam aliquid earum voluptatibus. Enim in qui aut et est enim.');
INSERT INTO `comments` (`id`, `blog_id`, `text_message`) VALUES (3, 19, 'Velit est sed est possimus provident rerum itaque. Sunt error maiores quia reprehenderit. Dolor ut et facilis ut cupiditate ea atque.');
INSERT INTO `comments` (`id`, `blog_id`, `text_message`) VALUES (4, 46, 'Ex error aut ut sunt repudiandae delectus. Aut dolor recusandae distinctio minus tenetur. Quia veritatis deleniti amet non asperiores. Assumenda occaecati ducimus fugiat consequatur ut deserunt.');
INSERT INTO `comments` (`id`, `blog_id`, `text_message`) VALUES (5, 13, 'Molestiae accusantium est reiciendis laudantium. Aut iusto autem similique. Voluptates dolorem sapiente neque. Facilis mollitia voluptates in.');
INSERT INTO `comments` (`id`, `blog_id`, `text_message`) VALUES (6, 12, 'Ea ipsa adipisci et inventore minus facilis. Veritatis alias molestias aut suscipit officiis id qui. Impedit consequuntur et suscipit facilis expedita repellat minima optio. Odio porro molestias nulla rerum ex iste fugit rerum.');
INSERT INTO `comments` (`id`, `blog_id`, `text_message`) VALUES (7, 22, 'Voluptatem quis ut alias quod aut aspernatur placeat. Itaque numquam quasi velit.');
INSERT INTO `comments` (`id`, `blog_id`, `text_message`) VALUES (8, 2, 'Dolor quis sint aut et deserunt. Aut quidem perferendis saepe labore. Qui pariatur accusamus dolor et quia.');
INSERT INTO `comments` (`id`, `blog_id`, `text_message`) VALUES (9, 15, 'Cupiditate deleniti fugiat ipsum ut placeat. Sit nam dolorem non quas sed officia nam unde. Ut aperiam facilis sed.');
INSERT INTO `comments` (`id`, `blog_id`, `text_message`) VALUES (10, 39, 'Natus eum voluptas fuga numquam laudantium quibusdam consequuntur. Dolor cum quaerat at quibusdam nostrum enim hic. Sit omnis quia animi aut.');
INSERT INTO `comments` (`id`, `blog_id`, `text_message`) VALUES (11, 7, 'Officia quos ut nam nulla et sit sit. Et dignissimos asperiores ipsam. Officia a eaque animi tempore. Et est consequatur consectetur quia itaque.');
INSERT INTO `comments` (`id`, `blog_id`, `text_message`) VALUES (12, 28, 'Aspernatur vel dolorum officiis ratione dolorem vitae quaerat temporibus. Itaque odit est consequuntur qui quia et ut. Maiores molestiae libero sunt qui voluptatem ut. Accusantium maxime tempore eum aliquam.');
INSERT INTO `comments` (`id`, `blog_id`, `text_message`) VALUES (13, 33, 'Quidem ducimus quo quo eos. Dolorum est provident vitae. Quia amet dolores sunt nesciunt.');
INSERT INTO `comments` (`id`, `blog_id`, `text_message`) VALUES (14, 45, 'Adipisci nihil ut necessitatibus consequatur sed. Reiciendis cupiditate ipsam necessitatibus tempora ducimus velit. Eos modi numquam dolor eaque reprehenderit sed ut.');
INSERT INTO `comments` (`id`, `blog_id`, `text_message`) VALUES (15, 39, 'Earum ut praesentium consequatur et necessitatibus. Nostrum inventore sit molestias saepe saepe quod. Dolor aliquam illum et ut laborum.');
INSERT INTO `comments` (`id`, `blog_id`, `text_message`) VALUES (16, 10, 'Reprehenderit perferendis eligendi dignissimos necessitatibus odio quae. Perspiciatis sit reiciendis atque saepe iste dignissimos quo. Quo ad ex explicabo ipsum voluptas ex.');
INSERT INTO `comments` (`id`, `blog_id`, `text_message`) VALUES (17, 6, 'Veritatis qui est qui placeat sit aliquam. Eos molestias natus et. Quibusdam corrupti ipsa delectus dolores. Architecto doloremque omnis quia iusto laudantium nobis.');
INSERT INTO `comments` (`id`, `blog_id`, `text_message`) VALUES (18, 19, 'Consequuntur magni aperiam illo et. Non incidunt natus doloremque unde. Voluptas doloribus maiores inventore iste possimus sit. Sunt sunt libero odit recusandae qui aut perferendis.');
INSERT INTO `comments` (`id`, `blog_id`, `text_message`) VALUES (19, 48, 'Maiores dolores in dicta et. Dolores sit iste aut error deserunt. Ut nihil facilis ut. Libero deserunt porro nobis porro accusantium qui ratione.');
INSERT INTO `comments` (`id`, `blog_id`, `text_message`) VALUES (20, 27, 'Adipisci veniam et placeat sunt facilis vero rerum sint. Ex dolorum assumenda cupiditate asperiores temporibus. Laborum fugit quidem voluptatem error delectus.');


#
# TABLE STRUCTURE FOR: dopnik_avto
#

DROP TABLE IF EXISTS `dopnik_avto`;

CREATE TABLE `dopnik_avto` (
  `id` int(10) unsigned NOT NULL AUTO_INCREMENT COMMENT 'Идентификатор строки',
  `Name` char(1) COLLATE utf8_unicode_ci NOT NULL COMMENT 'Буква допника',
  `percent` float unsigned NOT NULL COMMENT 'Процент по доп соглашению',
  PRIMARY KEY (`id`)
) ENGINE=InnoDB AUTO_INCREMENT=11 DEFAULT CHARSET=utf8 COLLATE=utf8_unicode_ci COMMENT='Список доп соглашений автоследования';

INSERT INTO `dopnik_avto` (`id`, `Name`, `percent`) VALUES (1, 'H', '0');
INSERT INTO `dopnik_avto` (`id`, `Name`, `percent`) VALUES (2, 'F', '0');
INSERT INTO `dopnik_avto` (`id`, `Name`, `percent`) VALUES (3, 'C', '0');
INSERT INTO `dopnik_avto` (`id`, `Name`, `percent`) VALUES (4, 'F', '0');
INSERT INTO `dopnik_avto` (`id`, `Name`, `percent`) VALUES (5, 'I', '0');
INSERT INTO `dopnik_avto` (`id`, `Name`, `percent`) VALUES (6, 'J', '0');
INSERT INTO `dopnik_avto` (`id`, `Name`, `percent`) VALUES (7, 'H', '0');
INSERT INTO `dopnik_avto` (`id`, `Name`, `percent`) VALUES (8, 'C', '0');
INSERT INTO `dopnik_avto` (`id`, `Name`, `percent`) VALUES (9, 'B', '0');
INSERT INTO `dopnik_avto` (`id`, `Name`, `percent`) VALUES (10, 'D', '0');


#
# TABLE STRUCTURE FOR: dopnik_signal
#

DROP TABLE IF EXISTS `dopnik_signal`;

CREATE TABLE `dopnik_signal` (
  `id` int(10) unsigned NOT NULL AUTO_INCREMENT COMMENT 'Идентификатор строки',
  `Name` char(1) COLLATE utf8_unicode_ci NOT NULL COMMENT 'Буква допника',
  `price` int(10) unsigned NOT NULL COMMENT 'Стоимость сигнала',
  PRIMARY KEY (`id`)
) ENGINE=InnoDB AUTO_INCREMENT=11 DEFAULT CHARSET=utf8 COLLATE=utf8_unicode_ci COMMENT='Список доп соглашений сигналов';

INSERT INTO `dopnik_signal` (`id`, `Name`, `price`) VALUES (1, 'H', 5961);
INSERT INTO `dopnik_signal` (`id`, `Name`, `price`) VALUES (2, 'A', 3719);
INSERT INTO `dopnik_signal` (`id`, `Name`, `price`) VALUES (3, 'A', 3647);
INSERT INTO `dopnik_signal` (`id`, `Name`, `price`) VALUES (4, 'H', 4364);
INSERT INTO `dopnik_signal` (`id`, `Name`, `price`) VALUES (5, 'F', 1287);
INSERT INTO `dopnik_signal` (`id`, `Name`, `price`) VALUES (6, 'J', 3649);
INSERT INTO `dopnik_signal` (`id`, `Name`, `price`) VALUES (7, 'J', 1450);
INSERT INTO `dopnik_signal` (`id`, `Name`, `price`) VALUES (8, 'I', 886);
INSERT INTO `dopnik_signal` (`id`, `Name`, `price`) VALUES (9, 'I', 2141);
INSERT INTO `dopnik_signal` (`id`, `Name`, `price`) VALUES (10, 'F', 533);


#
# TABLE STRUCTURE FOR: interest
#

DROP TABLE IF EXISTS `interest`;

CREATE TABLE `interest` (
  `id` int(10) unsigned NOT NULL AUTO_INCREMENT COMMENT 'Идентификатор строки',
  `name` enum('Начать торговать','Технический аналаз','Фундаментальный анализ','Российские акции','Срочный рынок','Зарубежные рынки','Форекс','Интрадей','Инвестиционный портфель','Скальпинг','Механические торговые системы','Торговые роботы') COLLATE utf8_unicode_ci DEFAULT NULL COMMENT 'интерес',
  `user_id` int(10) unsigned NOT NULL COMMENT 'Ссылка на пользователя',
  `created_at` datetime DEFAULT current_timestamp() COMMENT 'Время создания строки',
  `updated_at` datetime DEFAULT current_timestamp() ON UPDATE current_timestamp() COMMENT 'Время обновления строки',
  PRIMARY KEY (`id`)
) ENGINE=InnoDB AUTO_INCREMENT=151 DEFAULT CHARSET=utf8 COLLATE=utf8_unicode_ci COMMENT='интересы';

INSERT INTO `interest` (`id`, `name`, `user_id`, `created_at`, `updated_at`) VALUES (1, 'Инвестиционный портфель', 20, '1987-06-05 19:35:20', '2020-05-27 08:22:54');
INSERT INTO `interest` (`id`, `name`, `user_id`, `created_at`, `updated_at`) VALUES (2, 'Зарубежные рынки', 91, '1982-09-27 08:39:05', '1994-01-14 21:16:25');
INSERT INTO `interest` (`id`, `name`, `user_id`, `created_at`, `updated_at`) VALUES (3, 'Российские акции', 71, '2013-03-11 18:25:21', '1990-12-02 17:38:11');
INSERT INTO `interest` (`id`, `name`, `user_id`, `created_at`, `updated_at`) VALUES (4, 'Российские акции', 72, '1990-07-11 16:12:25', '1976-03-30 02:32:20');
INSERT INTO `interest` (`id`, `name`, `user_id`, `created_at`, `updated_at`) VALUES (5, 'Торговые роботы', 65, '1977-09-18 02:20:25', '1990-03-29 09:23:06');
INSERT INTO `interest` (`id`, `name`, `user_id`, `created_at`, `updated_at`) VALUES (6, 'Торговые роботы', 33, '2008-12-26 13:40:44', '2005-05-30 21:48:24');
INSERT INTO `interest` (`id`, `name`, `user_id`, `created_at`, `updated_at`) VALUES (7, 'Фундаментальный анализ', 48, '1978-07-10 09:56:31', '2005-05-18 01:57:08');
INSERT INTO `interest` (`id`, `name`, `user_id`, `created_at`, `updated_at`) VALUES (8, 'Скальпинг', 96, '1985-06-14 07:32:15', '2017-06-20 20:59:12');
INSERT INTO `interest` (`id`, `name`, `user_id`, `created_at`, `updated_at`) VALUES (9, 'Форекс', 71, '1993-03-11 13:02:53', '1991-12-05 02:50:16');
INSERT INTO `interest` (`id`, `name`, `user_id`, `created_at`, `updated_at`) VALUES (10, 'Торговые роботы', 45, '2009-05-30 23:52:01', '1996-03-30 09:50:02');
INSERT INTO `interest` (`id`, `name`, `user_id`, `created_at`, `updated_at`) VALUES (11, 'Механические торговые системы', 85, '2016-12-31 21:49:43', '2000-08-28 02:39:00');
INSERT INTO `interest` (`id`, `name`, `user_id`, `created_at`, `updated_at`) VALUES (12, 'Срочный рынок', 32, '1975-02-22 07:20:28', '2013-07-24 03:39:13');
INSERT INTO `interest` (`id`, `name`, `user_id`, `created_at`, `updated_at`) VALUES (13, 'Срочный рынок', 20, '2020-01-29 21:19:02', '2001-10-08 05:53:17');
INSERT INTO `interest` (`id`, `name`, `user_id`, `created_at`, `updated_at`) VALUES (14, 'Срочный рынок', 4, '2019-04-22 05:50:07', '1977-02-25 11:15:13');
INSERT INTO `interest` (`id`, `name`, `user_id`, `created_at`, `updated_at`) VALUES (15, 'Инвестиционный портфель', 70, '1972-12-26 11:26:08', '1998-02-09 12:08:22');
INSERT INTO `interest` (`id`, `name`, `user_id`, `created_at`, `updated_at`) VALUES (16, 'Зарубежные рынки', 9, '2017-02-23 04:04:39', '2005-10-09 20:51:57');
INSERT INTO `interest` (`id`, `name`, `user_id`, `created_at`, `updated_at`) VALUES (17, 'Механические торговые системы', 99, '2014-05-27 23:09:47', '2015-03-11 23:00:46');
INSERT INTO `interest` (`id`, `name`, `user_id`, `created_at`, `updated_at`) VALUES (18, 'Срочный рынок', 16, '1994-03-15 15:08:35', '2004-06-01 23:25:53');
INSERT INTO `interest` (`id`, `name`, `user_id`, `created_at`, `updated_at`) VALUES (19, 'Фундаментальный анализ', 17, '2016-04-18 17:48:02', '1989-08-12 12:48:43');
INSERT INTO `interest` (`id`, `name`, `user_id`, `created_at`, `updated_at`) VALUES (20, 'Скальпинг', 92, '2001-06-27 11:27:59', '1998-04-16 06:17:01');
INSERT INTO `interest` (`id`, `name`, `user_id`, `created_at`, `updated_at`) VALUES (21, 'Механические торговые системы', 79, '1998-11-09 04:48:19', '1975-09-27 19:27:11');
INSERT INTO `interest` (`id`, `name`, `user_id`, `created_at`, `updated_at`) VALUES (22, 'Скальпинг', 40, '1985-08-04 06:31:21', '1970-10-23 05:26:11');
INSERT INTO `interest` (`id`, `name`, `user_id`, `created_at`, `updated_at`) VALUES (23, 'Торговые роботы', 83, '2004-10-10 06:16:31', '1991-09-25 05:57:14');
INSERT INTO `interest` (`id`, `name`, `user_id`, `created_at`, `updated_at`) VALUES (24, 'Инвестиционный портфель', 79, '1983-12-19 05:20:59', '2002-12-16 13:26:19');
INSERT INTO `interest` (`id`, `name`, `user_id`, `created_at`, `updated_at`) VALUES (25, 'Срочный рынок', 97, '1981-05-29 15:32:20', '2007-11-22 14:53:14');
INSERT INTO `interest` (`id`, `name`, `user_id`, `created_at`, `updated_at`) VALUES (26, 'Интрадей', 35, '1981-06-27 06:39:49', '2007-08-08 16:42:19');
INSERT INTO `interest` (`id`, `name`, `user_id`, `created_at`, `updated_at`) VALUES (27, 'Инвестиционный портфель', 28, '2015-06-04 20:08:19', '2014-11-27 01:54:21');
INSERT INTO `interest` (`id`, `name`, `user_id`, `created_at`, `updated_at`) VALUES (28, 'Технический аналаз', 68, '2016-07-12 23:03:35', '1979-07-08 21:17:23');
INSERT INTO `interest` (`id`, `name`, `user_id`, `created_at`, `updated_at`) VALUES (29, 'Инвестиционный портфель', 53, '1977-08-28 21:20:16', '2003-03-21 16:01:55');
INSERT INTO `interest` (`id`, `name`, `user_id`, `created_at`, `updated_at`) VALUES (30, 'Начать торговать', 50, '1973-02-14 04:46:58', '2004-07-20 12:50:46');
INSERT INTO `interest` (`id`, `name`, `user_id`, `created_at`, `updated_at`) VALUES (31, 'Начать торговать', 51, '2004-08-01 09:57:09', '1971-05-15 20:42:51');
INSERT INTO `interest` (`id`, `name`, `user_id`, `created_at`, `updated_at`) VALUES (32, 'Скальпинг', 37, '2005-06-04 08:07:36', '2003-04-26 20:09:16');
INSERT INTO `interest` (`id`, `name`, `user_id`, `created_at`, `updated_at`) VALUES (33, 'Российские акции', 39, '2012-12-25 20:38:17', '2009-06-13 03:55:44');
INSERT INTO `interest` (`id`, `name`, `user_id`, `created_at`, `updated_at`) VALUES (34, 'Скальпинг', 20, '1981-08-18 07:08:50', '2016-07-04 09:29:04');
INSERT INTO `interest` (`id`, `name`, `user_id`, `created_at`, `updated_at`) VALUES (35, 'Срочный рынок', 49, '2000-01-25 22:50:48', '2019-10-01 13:27:01');
INSERT INTO `interest` (`id`, `name`, `user_id`, `created_at`, `updated_at`) VALUES (36, 'Скальпинг', 5, '1996-12-07 23:34:01', '1990-07-21 03:07:46');
INSERT INTO `interest` (`id`, `name`, `user_id`, `created_at`, `updated_at`) VALUES (37, 'Начать торговать', 41, '1997-01-04 22:48:38', '2005-10-14 07:27:38');
INSERT INTO `interest` (`id`, `name`, `user_id`, `created_at`, `updated_at`) VALUES (38, 'Зарубежные рынки', 80, '2020-07-08 00:55:30', '1981-04-02 13:03:54');
INSERT INTO `interest` (`id`, `name`, `user_id`, `created_at`, `updated_at`) VALUES (39, 'Зарубежные рынки', 40, '2006-08-31 02:20:25', '2012-02-09 03:04:38');
INSERT INTO `interest` (`id`, `name`, `user_id`, `created_at`, `updated_at`) VALUES (40, 'Скальпинг', 73, '2015-06-23 13:03:25', '1973-04-21 08:21:15');
INSERT INTO `interest` (`id`, `name`, `user_id`, `created_at`, `updated_at`) VALUES (41, 'Российские акции', 17, '1986-08-05 08:35:25', '2014-11-24 13:01:54');
INSERT INTO `interest` (`id`, `name`, `user_id`, `created_at`, `updated_at`) VALUES (42, 'Механические торговые системы', 3, '2013-04-10 01:26:31', '2014-05-19 18:40:05');
INSERT INTO `interest` (`id`, `name`, `user_id`, `created_at`, `updated_at`) VALUES (43, 'Инвестиционный портфель', 79, '1979-08-27 16:43:22', '2000-11-24 10:52:48');
INSERT INTO `interest` (`id`, `name`, `user_id`, `created_at`, `updated_at`) VALUES (44, 'Механические торговые системы', 43, '2003-05-19 02:51:35', '1994-03-19 10:52:49');
INSERT INTO `interest` (`id`, `name`, `user_id`, `created_at`, `updated_at`) VALUES (45, 'Российские акции', 19, '1986-10-12 17:19:30', '2008-09-19 07:17:15');
INSERT INTO `interest` (`id`, `name`, `user_id`, `created_at`, `updated_at`) VALUES (46, 'Скальпинг', 93, '1980-01-08 23:11:32', '1997-06-15 09:02:39');
INSERT INTO `interest` (`id`, `name`, `user_id`, `created_at`, `updated_at`) VALUES (47, 'Срочный рынок', 89, '2018-04-07 09:38:49', '2009-05-21 12:35:51');
INSERT INTO `interest` (`id`, `name`, `user_id`, `created_at`, `updated_at`) VALUES (48, 'Инвестиционный портфель', 75, '2000-02-03 14:59:28', '2011-09-13 05:06:02');
INSERT INTO `interest` (`id`, `name`, `user_id`, `created_at`, `updated_at`) VALUES (49, 'Инвестиционный портфель', 37, '1981-10-14 08:21:17', '1982-05-25 21:35:51');
INSERT INTO `interest` (`id`, `name`, `user_id`, `created_at`, `updated_at`) VALUES (50, 'Российские акции', 24, '2010-03-13 04:17:00', '2010-12-02 17:26:05');
INSERT INTO `interest` (`id`, `name`, `user_id`, `created_at`, `updated_at`) VALUES (51, 'Инвестиционный портфель', 23, '2019-04-12 01:11:48', '2005-07-21 19:08:17');
INSERT INTO `interest` (`id`, `name`, `user_id`, `created_at`, `updated_at`) VALUES (52, 'Срочный рынок', 31, '2011-01-15 09:56:03', '1996-07-07 00:24:00');
INSERT INTO `interest` (`id`, `name`, `user_id`, `created_at`, `updated_at`) VALUES (53, 'Российские акции', 90, '1993-02-19 09:39:31', '1989-10-15 19:13:42');
INSERT INTO `interest` (`id`, `name`, `user_id`, `created_at`, `updated_at`) VALUES (54, 'Срочный рынок', 91, '2007-09-22 22:05:16', '2008-02-22 10:10:33');
INSERT INTO `interest` (`id`, `name`, `user_id`, `created_at`, `updated_at`) VALUES (55, 'Зарубежные рынки', 32, '2012-08-26 03:57:26', '2012-08-04 05:06:55');
INSERT INTO `interest` (`id`, `name`, `user_id`, `created_at`, `updated_at`) VALUES (56, 'Зарубежные рынки', 64, '1994-08-29 00:26:54', '2005-10-16 23:15:16');
INSERT INTO `interest` (`id`, `name`, `user_id`, `created_at`, `updated_at`) VALUES (57, 'Российские акции', 29, '1979-12-30 20:12:30', '1993-06-18 16:40:06');
INSERT INTO `interest` (`id`, `name`, `user_id`, `created_at`, `updated_at`) VALUES (58, 'Механические торговые системы', 20, '1979-12-23 15:49:19', '1973-04-08 01:22:37');
INSERT INTO `interest` (`id`, `name`, `user_id`, `created_at`, `updated_at`) VALUES (59, 'Механические торговые системы', 96, '2009-03-04 19:25:36', '2020-03-22 08:25:53');
INSERT INTO `interest` (`id`, `name`, `user_id`, `created_at`, `updated_at`) VALUES (60, 'Форекс', 14, '1982-07-26 05:07:09', '1979-09-18 23:28:48');
INSERT INTO `interest` (`id`, `name`, `user_id`, `created_at`, `updated_at`) VALUES (61, 'Срочный рынок', 73, '1973-10-12 11:04:15', '1993-01-18 18:22:33');
INSERT INTO `interest` (`id`, `name`, `user_id`, `created_at`, `updated_at`) VALUES (62, 'Технический аналаз', 35, '1985-09-20 23:29:29', '1984-06-20 21:41:56');
INSERT INTO `interest` (`id`, `name`, `user_id`, `created_at`, `updated_at`) VALUES (63, 'Инвестиционный портфель', 9, '2015-02-21 10:23:27', '1990-07-03 10:21:43');
INSERT INTO `interest` (`id`, `name`, `user_id`, `created_at`, `updated_at`) VALUES (64, 'Срочный рынок', 1, '2016-07-16 09:00:31', '1988-05-22 12:49:54');
INSERT INTO `interest` (`id`, `name`, `user_id`, `created_at`, `updated_at`) VALUES (65, 'Форекс', 26, '1999-11-17 19:02:43', '1979-03-27 06:35:45');
INSERT INTO `interest` (`id`, `name`, `user_id`, `created_at`, `updated_at`) VALUES (66, 'Механические торговые системы', 38, '1984-12-18 18:01:02', '1983-01-11 17:12:05');
INSERT INTO `interest` (`id`, `name`, `user_id`, `created_at`, `updated_at`) VALUES (67, 'Форекс', 69, '1996-07-25 01:29:35', '1997-09-10 21:57:14');
INSERT INTO `interest` (`id`, `name`, `user_id`, `created_at`, `updated_at`) VALUES (68, 'Торговые роботы', 29, '1970-02-28 17:08:49', '1983-10-01 10:13:02');
INSERT INTO `interest` (`id`, `name`, `user_id`, `created_at`, `updated_at`) VALUES (69, 'Зарубежные рынки', 68, '1987-09-10 15:19:46', '2019-05-06 17:30:49');
INSERT INTO `interest` (`id`, `name`, `user_id`, `created_at`, `updated_at`) VALUES (70, 'Инвестиционный портфель', 36, '2019-12-13 15:45:23', '1994-12-30 04:24:52');
INSERT INTO `interest` (`id`, `name`, `user_id`, `created_at`, `updated_at`) VALUES (71, 'Инвестиционный портфель', 75, '1991-01-11 17:22:48', '1989-12-07 04:04:54');
INSERT INTO `interest` (`id`, `name`, `user_id`, `created_at`, `updated_at`) VALUES (72, 'Скальпинг', 31, '1970-03-24 05:16:23', '1980-08-21 04:15:28');
INSERT INTO `interest` (`id`, `name`, `user_id`, `created_at`, `updated_at`) VALUES (73, 'Механические торговые системы', 9, '1975-07-21 20:53:39', '1989-07-15 12:40:45');
INSERT INTO `interest` (`id`, `name`, `user_id`, `created_at`, `updated_at`) VALUES (74, 'Механические торговые системы', 3, '2016-02-27 09:16:07', '1994-09-26 02:45:40');
INSERT INTO `interest` (`id`, `name`, `user_id`, `created_at`, `updated_at`) VALUES (75, 'Зарубежные рынки', 63, '1972-04-04 06:15:12', '1992-07-10 05:46:45');
INSERT INTO `interest` (`id`, `name`, `user_id`, `created_at`, `updated_at`) VALUES (76, 'Начать торговать', 16, '2005-02-01 21:49:18', '1998-02-15 04:26:56');
INSERT INTO `interest` (`id`, `name`, `user_id`, `created_at`, `updated_at`) VALUES (77, 'Российские акции', 79, '1998-12-19 04:13:31', '2015-12-25 14:09:29');
INSERT INTO `interest` (`id`, `name`, `user_id`, `created_at`, `updated_at`) VALUES (78, 'Технический аналаз', 38, '1990-02-19 18:24:01', '2008-03-24 05:59:37');
INSERT INTO `interest` (`id`, `name`, `user_id`, `created_at`, `updated_at`) VALUES (79, 'Российские акции', 79, '1995-07-25 15:48:02', '1980-11-25 00:31:44');
INSERT INTO `interest` (`id`, `name`, `user_id`, `created_at`, `updated_at`) VALUES (80, 'Инвестиционный портфель', 0, '2018-11-25 18:26:28', '1972-06-12 21:02:35');
INSERT INTO `interest` (`id`, `name`, `user_id`, `created_at`, `updated_at`) VALUES (81, 'Торговые роботы', 31, '1991-08-29 21:29:38', '2008-04-07 08:01:45');
INSERT INTO `interest` (`id`, `name`, `user_id`, `created_at`, `updated_at`) VALUES (82, 'Технический аналаз', 48, '1980-04-15 08:20:47', '1980-03-27 05:54:07');
INSERT INTO `interest` (`id`, `name`, `user_id`, `created_at`, `updated_at`) VALUES (83, 'Интрадей', 4, '2001-07-07 07:40:57', '2008-07-15 04:59:56');
INSERT INTO `interest` (`id`, `name`, `user_id`, `created_at`, `updated_at`) VALUES (84, 'Фундаментальный анализ', 29, '1981-12-22 09:59:57', '2010-07-27 02:42:30');
INSERT INTO `interest` (`id`, `name`, `user_id`, `created_at`, `updated_at`) VALUES (85, 'Торговые роботы', 3, '1996-01-22 21:41:44', '2009-08-23 16:42:54');
INSERT INTO `interest` (`id`, `name`, `user_id`, `created_at`, `updated_at`) VALUES (86, 'Торговые роботы', 96, '1996-09-15 23:17:57', '1995-10-06 10:37:16');
INSERT INTO `interest` (`id`, `name`, `user_id`, `created_at`, `updated_at`) VALUES (87, 'Торговые роботы', 39, '2006-10-29 21:23:17', '2017-10-16 14:56:45');
INSERT INTO `interest` (`id`, `name`, `user_id`, `created_at`, `updated_at`) VALUES (88, 'Механические торговые системы', 70, '1974-08-09 19:43:18', '1974-06-25 09:09:29');
INSERT INTO `interest` (`id`, `name`, `user_id`, `created_at`, `updated_at`) VALUES (89, 'Срочный рынок', 0, '1983-06-27 04:42:08', '1978-05-01 13:40:39');
INSERT INTO `interest` (`id`, `name`, `user_id`, `created_at`, `updated_at`) VALUES (90, 'Форекс', 25, '1979-12-11 12:46:04', '1996-07-25 18:38:38');
INSERT INTO `interest` (`id`, `name`, `user_id`, `created_at`, `updated_at`) VALUES (91, 'Интрадей', 8, '1979-10-11 12:31:04', '1990-05-09 21:46:32');
INSERT INTO `interest` (`id`, `name`, `user_id`, `created_at`, `updated_at`) VALUES (92, 'Торговые роботы', 51, '1996-11-30 01:29:43', '1988-09-11 21:37:19');
INSERT INTO `interest` (`id`, `name`, `user_id`, `created_at`, `updated_at`) VALUES (93, 'Срочный рынок', 13, '2011-01-03 22:27:25', '2012-01-27 22:53:07');
INSERT INTO `interest` (`id`, `name`, `user_id`, `created_at`, `updated_at`) VALUES (94, 'Начать торговать', 95, '1972-10-17 18:26:44', '1982-09-16 01:12:07');
INSERT INTO `interest` (`id`, `name`, `user_id`, `created_at`, `updated_at`) VALUES (95, 'Фундаментальный анализ', 49, '1997-03-26 10:43:24', '2012-01-20 10:14:23');
INSERT INTO `interest` (`id`, `name`, `user_id`, `created_at`, `updated_at`) VALUES (96, 'Скальпинг', 7, '1981-12-16 12:17:29', '2016-06-24 06:09:23');
INSERT INTO `interest` (`id`, `name`, `user_id`, `created_at`, `updated_at`) VALUES (97, 'Механические торговые системы', 1, '1984-07-06 14:37:15', '2008-10-05 13:35:33');
INSERT INTO `interest` (`id`, `name`, `user_id`, `created_at`, `updated_at`) VALUES (98, 'Торговые роботы', 64, '1992-11-08 21:47:45', '2006-03-23 00:40:12');
INSERT INTO `interest` (`id`, `name`, `user_id`, `created_at`, `updated_at`) VALUES (99, 'Механические торговые системы', 54, '1983-09-05 23:52:01', '1989-06-20 02:24:18');
INSERT INTO `interest` (`id`, `name`, `user_id`, `created_at`, `updated_at`) VALUES (100, 'Форекс', 34, '1978-08-04 00:45:19', '1983-11-23 08:12:19');
INSERT INTO `interest` (`id`, `name`, `user_id`, `created_at`, `updated_at`) VALUES (101, 'Интрадей', 82, '2005-04-18 16:19:10', '2008-11-26 04:14:42');
INSERT INTO `interest` (`id`, `name`, `user_id`, `created_at`, `updated_at`) VALUES (102, 'Начать торговать', 31, '1985-06-09 04:06:22', '1996-06-29 18:05:34');
INSERT INTO `interest` (`id`, `name`, `user_id`, `created_at`, `updated_at`) VALUES (103, 'Технический аналаз', 35, '1986-12-26 19:09:44', '1988-11-27 09:45:53');
INSERT INTO `interest` (`id`, `name`, `user_id`, `created_at`, `updated_at`) VALUES (104, 'Российские акции', 16, '2012-01-20 16:12:46', '1990-03-02 23:46:21');
INSERT INTO `interest` (`id`, `name`, `user_id`, `created_at`, `updated_at`) VALUES (105, 'Срочный рынок', 0, '2011-11-25 02:21:52', '1992-11-30 16:45:11');
INSERT INTO `interest` (`id`, `name`, `user_id`, `created_at`, `updated_at`) VALUES (106, 'Торговые роботы', 74, '2007-04-12 17:09:10', '1981-04-25 13:35:12');
INSERT INTO `interest` (`id`, `name`, `user_id`, `created_at`, `updated_at`) VALUES (107, 'Срочный рынок', 3, '1976-11-28 15:17:14', '1980-10-29 15:58:58');
INSERT INTO `interest` (`id`, `name`, `user_id`, `created_at`, `updated_at`) VALUES (108, 'Инвестиционный портфель', 0, '2011-02-03 16:58:07', '1986-01-15 08:24:46');
INSERT INTO `interest` (`id`, `name`, `user_id`, `created_at`, `updated_at`) VALUES (109, 'Интрадей', 18, '2013-02-12 15:08:43', '2000-05-28 17:30:24');
INSERT INTO `interest` (`id`, `name`, `user_id`, `created_at`, `updated_at`) VALUES (110, 'Технический аналаз', 23, '1974-08-12 17:08:43', '1992-03-17 06:58:13');
INSERT INTO `interest` (`id`, `name`, `user_id`, `created_at`, `updated_at`) VALUES (111, 'Интрадей', 1, '1991-06-20 10:16:27', '2002-09-14 09:31:59');
INSERT INTO `interest` (`id`, `name`, `user_id`, `created_at`, `updated_at`) VALUES (112, 'Торговые роботы', 60, '1972-12-31 07:45:29', '2017-10-16 16:38:23');
INSERT INTO `interest` (`id`, `name`, `user_id`, `created_at`, `updated_at`) VALUES (113, 'Инвестиционный портфель', 3, '2017-09-29 02:40:51', '2014-02-15 11:31:23');
INSERT INTO `interest` (`id`, `name`, `user_id`, `created_at`, `updated_at`) VALUES (114, 'Фундаментальный анализ', 60, '1979-01-14 15:53:19', '2009-11-11 20:45:51');
INSERT INTO `interest` (`id`, `name`, `user_id`, `created_at`, `updated_at`) VALUES (115, 'Технический аналаз', 97, '2020-06-02 19:23:37', '1975-12-31 15:36:20');
INSERT INTO `interest` (`id`, `name`, `user_id`, `created_at`, `updated_at`) VALUES (116, 'Фундаментальный анализ', 81, '2008-08-03 11:49:40', '2017-04-03 04:48:52');
INSERT INTO `interest` (`id`, `name`, `user_id`, `created_at`, `updated_at`) VALUES (117, 'Торговые роботы', 89, '1988-02-23 14:52:16', '2010-06-10 09:19:10');
INSERT INTO `interest` (`id`, `name`, `user_id`, `created_at`, `updated_at`) VALUES (118, 'Инвестиционный портфель', 26, '2004-12-18 07:11:53', '1991-01-16 04:33:05');
INSERT INTO `interest` (`id`, `name`, `user_id`, `created_at`, `updated_at`) VALUES (119, 'Инвестиционный портфель', 73, '1993-02-16 12:03:34', '2000-12-12 14:45:26');
INSERT INTO `interest` (`id`, `name`, `user_id`, `created_at`, `updated_at`) VALUES (120, 'Форекс', 81, '1984-05-22 18:17:49', '1995-02-27 14:54:09');
INSERT INTO `interest` (`id`, `name`, `user_id`, `created_at`, `updated_at`) VALUES (121, 'Фундаментальный анализ', 66, '1977-08-06 16:14:59', '1995-07-23 09:39:59');
INSERT INTO `interest` (`id`, `name`, `user_id`, `created_at`, `updated_at`) VALUES (122, 'Интрадей', 5, '1984-10-24 05:04:23', '1990-02-10 13:54:00');
INSERT INTO `interest` (`id`, `name`, `user_id`, `created_at`, `updated_at`) VALUES (123, 'Скальпинг', 67, '2015-06-01 05:46:32', '1989-10-12 23:14:14');
INSERT INTO `interest` (`id`, `name`, `user_id`, `created_at`, `updated_at`) VALUES (124, 'Зарубежные рынки', 95, '1996-01-24 14:41:04', '1987-10-26 21:13:05');
INSERT INTO `interest` (`id`, `name`, `user_id`, `created_at`, `updated_at`) VALUES (125, 'Инвестиционный портфель', 37, '1981-07-10 12:57:30', '1971-09-22 04:53:57');
INSERT INTO `interest` (`id`, `name`, `user_id`, `created_at`, `updated_at`) VALUES (126, 'Скальпинг', 84, '1973-04-06 12:02:42', '2004-07-31 14:16:58');
INSERT INTO `interest` (`id`, `name`, `user_id`, `created_at`, `updated_at`) VALUES (127, 'Срочный рынок', 68, '2015-03-18 14:34:31', '2018-12-10 17:29:43');
INSERT INTO `interest` (`id`, `name`, `user_id`, `created_at`, `updated_at`) VALUES (128, 'Зарубежные рынки', 6, '1996-02-21 00:32:52', '1989-03-28 07:11:22');
INSERT INTO `interest` (`id`, `name`, `user_id`, `created_at`, `updated_at`) VALUES (129, 'Начать торговать', 60, '1970-06-29 10:48:38', '1998-03-27 13:45:28');
INSERT INTO `interest` (`id`, `name`, `user_id`, `created_at`, `updated_at`) VALUES (130, 'Срочный рынок', 8, '1982-12-03 02:12:23', '1999-06-22 15:10:35');
INSERT INTO `interest` (`id`, `name`, `user_id`, `created_at`, `updated_at`) VALUES (131, 'Российские акции', 99, '1991-04-17 08:22:56', '2014-02-18 13:54:45');
INSERT INTO `interest` (`id`, `name`, `user_id`, `created_at`, `updated_at`) VALUES (132, 'Интрадей', 99, '1998-07-21 20:48:34', '2005-05-31 16:45:48');
INSERT INTO `interest` (`id`, `name`, `user_id`, `created_at`, `updated_at`) VALUES (133, 'Торговые роботы', 55, '1993-02-24 09:41:23', '1986-07-14 23:37:38');
INSERT INTO `interest` (`id`, `name`, `user_id`, `created_at`, `updated_at`) VALUES (134, 'Механические торговые системы', 14, '1979-05-01 10:04:46', '1993-04-19 00:00:41');
INSERT INTO `interest` (`id`, `name`, `user_id`, `created_at`, `updated_at`) VALUES (135, 'Начать торговать', 59, '2008-11-16 21:32:20', '1993-12-15 14:23:41');
INSERT INTO `interest` (`id`, `name`, `user_id`, `created_at`, `updated_at`) VALUES (136, 'Российские акции', 24, '2010-08-23 17:44:27', '1985-06-12 23:43:30');
INSERT INTO `interest` (`id`, `name`, `user_id`, `created_at`, `updated_at`) VALUES (137, 'Интрадей', 44, '1986-01-13 04:30:52', '1996-05-12 17:11:20');
INSERT INTO `interest` (`id`, `name`, `user_id`, `created_at`, `updated_at`) VALUES (138, 'Интрадей', 28, '1993-12-19 09:13:35', '1991-06-03 07:41:08');
INSERT INTO `interest` (`id`, `name`, `user_id`, `created_at`, `updated_at`) VALUES (139, 'Российские акции', 22, '1986-01-05 13:18:08', '1977-11-10 20:15:51');
INSERT INTO `interest` (`id`, `name`, `user_id`, `created_at`, `updated_at`) VALUES (140, 'Технический аналаз', 75, '1988-03-24 21:38:34', '2007-10-19 06:21:12');
INSERT INTO `interest` (`id`, `name`, `user_id`, `created_at`, `updated_at`) VALUES (141, 'Инвестиционный портфель', 11, '1978-04-10 21:42:34', '1978-01-12 12:11:31');
INSERT INTO `interest` (`id`, `name`, `user_id`, `created_at`, `updated_at`) VALUES (142, 'Инвестиционный портфель', 98, '1973-05-30 02:48:42', '1993-02-22 12:22:42');
INSERT INTO `interest` (`id`, `name`, `user_id`, `created_at`, `updated_at`) VALUES (143, 'Начать торговать', 74, '1996-11-26 03:05:35', '1971-12-02 01:29:22');
INSERT INTO `interest` (`id`, `name`, `user_id`, `created_at`, `updated_at`) VALUES (144, 'Скальпинг', 79, '1996-01-28 22:16:12', '2015-10-23 05:38:09');
INSERT INTO `interest` (`id`, `name`, `user_id`, `created_at`, `updated_at`) VALUES (145, 'Фундаментальный анализ', 85, '1980-09-26 19:02:53', '2019-09-29 22:30:58');
INSERT INTO `interest` (`id`, `name`, `user_id`, `created_at`, `updated_at`) VALUES (146, 'Зарубежные рынки', 69, '2009-10-19 23:16:19', '1990-03-06 10:48:24');
INSERT INTO `interest` (`id`, `name`, `user_id`, `created_at`, `updated_at`) VALUES (147, 'Инвестиционный портфель', 94, '1973-10-06 20:57:54', '1978-02-03 08:05:18');
INSERT INTO `interest` (`id`, `name`, `user_id`, `created_at`, `updated_at`) VALUES (148, 'Фундаментальный анализ', 21, '2000-07-28 03:44:25', '2002-12-14 12:17:08');
INSERT INTO `interest` (`id`, `name`, `user_id`, `created_at`, `updated_at`) VALUES (149, 'Технический аналаз', 82, '2005-05-30 00:45:15', '1979-03-10 13:19:08');
INSERT INTO `interest` (`id`, `name`, `user_id`, `created_at`, `updated_at`) VALUES (150, 'Интрадей', 98, '2007-03-12 15:29:07', '1972-08-29 04:37:24');


#
# TABLE STRUCTURE FOR: messages
#

DROP TABLE IF EXISTS `messages`;

CREATE TABLE `messages` (
  `id` int(10) unsigned NOT NULL AUTO_INCREMENT COMMENT 'Идентификатор строки',
  `from_user_id` int(10) unsigned NOT NULL COMMENT 'Ссылка на пользователя - отправитель',
  `to_user_id` int(10) unsigned NOT NULL COMMENT 'Ссылка на пользователя - получатель',
  `text_message` varchar(255) COLLATE utf8_unicode_ci DEFAULT NULL COMMENT 'сообщение',
  `created_at` datetime DEFAULT current_timestamp() COMMENT 'Время создания строки',
  `updated_at` datetime DEFAULT current_timestamp() ON UPDATE current_timestamp() COMMENT 'Время обновления строки',
  PRIMARY KEY (`id`)
) ENGINE=InnoDB AUTO_INCREMENT=61 DEFAULT CHARSET=utf8 COLLATE=utf8_unicode_ci COMMENT='Сообщения';

INSERT INTO `messages` (`id`, `from_user_id`, `to_user_id`, `text_message`, `created_at`, `updated_at`) VALUES (1, 53, 60, 'Dolor ipsum nesciunt dolorem ut vitae. Et molestiae consequatur in ipsa et ea tempora ipsam. Fuga nulla voluptatem animi officiis expedita voluptatum. Voluptas adipisci quaerat facere eligendi vitae.', '1990-10-10 10:46:28', '2000-05-16 11:28:06');
INSERT INTO `messages` (`id`, `from_user_id`, `to_user_id`, `text_message`, `created_at`, `updated_at`) VALUES (2, 45, 77, 'Laborum necessitatibus officiis mollitia. Dolor non sunt molestiae ut. Est accusantium voluptas eaque fugiat. Ut omnis labore expedita enim odit.', '1989-08-07 12:05:25', '1995-06-25 14:45:11');
INSERT INTO `messages` (`id`, `from_user_id`, `to_user_id`, `text_message`, `created_at`, `updated_at`) VALUES (3, 56, 75, 'Consequatur labore id nesciunt minima qui. Deleniti mollitia quod veniam maxime perferendis ea est. Et quidem atque culpa unde totam itaque. Unde inventore repellat hic officia magnam perspiciatis hic. Esse aut exercitationem qui nihil et culpa dolorem.', '1977-07-23 20:31:17', '2011-07-06 06:52:12');
INSERT INTO `messages` (`id`, `from_user_id`, `to_user_id`, `text_message`, `created_at`, `updated_at`) VALUES (4, 75, 29, 'Qui cupiditate commodi numquam nisi quidem voluptas. Cupiditate voluptate sapiente eos. Reiciendis id modi dolores doloremque ipsum provident. Quaerat omnis aut occaecati fugiat earum repellendus iure veritatis.', '2013-11-22 04:37:34', '1980-09-18 21:09:46');
INSERT INTO `messages` (`id`, `from_user_id`, `to_user_id`, `text_message`, `created_at`, `updated_at`) VALUES (5, 56, 77, 'Et laudantium at facilis libero praesentium autem veniam. Velit inventore culpa minus debitis distinctio est. Illo qui quia dolores et et ea.', '1973-05-08 23:47:55', '1991-07-20 22:34:51');
INSERT INTO `messages` (`id`, `from_user_id`, `to_user_id`, `text_message`, `created_at`, `updated_at`) VALUES (6, 68, 93, 'Est ut aut iusto. Quo aut debitis laboriosam rem expedita accusamus distinctio. Et maxime voluptatibus soluta vitae voluptas nobis dolores atque. Est voluptates fugiat quia tenetur. Et cumque et magni delectus nesciunt deserunt occaecati voluptas.', '1972-10-05 07:43:20', '1991-12-08 13:11:34');
INSERT INTO `messages` (`id`, `from_user_id`, `to_user_id`, `text_message`, `created_at`, `updated_at`) VALUES (7, 18, 24, 'Aut minima expedita vel consequatur. Quo consequatur sit nam eum. Placeat voluptas minima temporibus.', '1975-05-01 23:27:25', '2015-01-17 14:16:50');
INSERT INTO `messages` (`id`, `from_user_id`, `to_user_id`, `text_message`, `created_at`, `updated_at`) VALUES (8, 13, 12, 'Voluptatem rerum consequatur exercitationem in esse. Eum est atque velit aspernatur consectetur. Dolorem quidem dicta aliquam aliquid dicta.', '1993-06-07 11:18:15', '1999-09-26 17:20:59');
INSERT INTO `messages` (`id`, `from_user_id`, `to_user_id`, `text_message`, `created_at`, `updated_at`) VALUES (9, 44, 80, 'Aut inventore et saepe a facere iure nihil. Ea odio impedit occaecati atque atque non. Amet illo cum tempore aut culpa.', '2006-03-13 16:59:16', '1987-10-11 08:59:55');
INSERT INTO `messages` (`id`, `from_user_id`, `to_user_id`, `text_message`, `created_at`, `updated_at`) VALUES (10, 24, 99, 'Fuga magnam voluptatem rerum porro dolore reprehenderit. Deleniti ea qui dolorum reprehenderit expedita tempora. Debitis blanditiis labore harum doloremque. Omnis deleniti repellat nihil repudiandae.', '1998-08-10 06:16:54', '1999-06-01 08:50:46');
INSERT INTO `messages` (`id`, `from_user_id`, `to_user_id`, `text_message`, `created_at`, `updated_at`) VALUES (11, 64, 55, 'Dolor sequi fuga rerum dolor laudantium voluptas consequatur nobis. Eaque ut quia nisi quaerat facere exercitationem nihil. Et iure consequatur ratione facilis.', '1987-09-02 20:54:03', '1976-03-05 03:03:32');
INSERT INTO `messages` (`id`, `from_user_id`, `to_user_id`, `text_message`, `created_at`, `updated_at`) VALUES (12, 53, 15, 'Voluptatibus maiores distinctio expedita qui optio deserunt. Praesentium natus quibusdam laboriosam nihil fuga et ut. Totam molestiae quisquam ipsa fugiat.', '2018-02-24 18:42:29', '2019-10-21 15:11:43');
INSERT INTO `messages` (`id`, `from_user_id`, `to_user_id`, `text_message`, `created_at`, `updated_at`) VALUES (13, 96, 67, 'Quo et laboriosam omnis itaque qui et maxime. Voluptatibus et labore amet aut ipsum minima voluptates.', '2009-08-23 03:08:34', '2018-03-08 07:11:28');
INSERT INTO `messages` (`id`, `from_user_id`, `to_user_id`, `text_message`, `created_at`, `updated_at`) VALUES (14, 100, 61, 'Voluptatem nam et sit sit explicabo. Tempora velit inventore veniam quia. Dolores rerum voluptas aut reiciendis officiis voluptate assumenda. Consequatur aut assumenda et.', '1973-10-11 06:11:34', '1994-07-14 20:53:58');
INSERT INTO `messages` (`id`, `from_user_id`, `to_user_id`, `text_message`, `created_at`, `updated_at`) VALUES (15, 64, 79, 'Ab sed unde ipsam et ad. Sunt aperiam recusandae laboriosam a ullam voluptatem. Ex consequuntur voluptatibus sit quia commodi eligendi aliquid. Accusantium voluptatum enim minus perspiciatis. Recusandae laudantium temporibus expedita voluptatum accusamus ', '2002-11-18 02:33:19', '1971-04-17 03:44:55');
INSERT INTO `messages` (`id`, `from_user_id`, `to_user_id`, `text_message`, `created_at`, `updated_at`) VALUES (16, 92, 82, 'Illo dolore non similique. Distinctio itaque tenetur voluptatem tempora commodi. Corporis perferendis dolorem in doloribus.', '2001-07-01 22:12:21', '2002-03-03 10:02:08');
INSERT INTO `messages` (`id`, `from_user_id`, `to_user_id`, `text_message`, `created_at`, `updated_at`) VALUES (17, 43, 21, 'Doloremque sunt sint est et alias optio sint. Ipsam officia aut accusamus officiis debitis ducimus. Voluptatem autem et dolor placeat nulla voluptates nobis. Recusandae incidunt nesciunt odit libero omnis qui enim. Eos neque deserunt reiciendis qui perfer', '1976-01-02 02:58:55', '1987-02-21 15:02:18');
INSERT INTO `messages` (`id`, `from_user_id`, `to_user_id`, `text_message`, `created_at`, `updated_at`) VALUES (18, 21, 66, 'Unde omnis officia aliquid corporis consectetur nihil. Dolor sunt provident aut quia ipsam optio modi. Explicabo velit ut accusantium tempore iste aspernatur.', '1973-03-09 20:26:36', '1984-10-01 14:10:19');
INSERT INTO `messages` (`id`, `from_user_id`, `to_user_id`, `text_message`, `created_at`, `updated_at`) VALUES (19, 90, 59, 'Nihil voluptatem voluptatem eveniet laboriosam laudantium unde. Qui ut qui occaecati est quibusdam placeat alias nesciunt. Quaerat aut fugit nisi dicta eius quos unde. Sit sequi officiis fugit ut incidunt non.', '1981-03-23 00:27:46', '1973-12-21 20:12:42');
INSERT INTO `messages` (`id`, `from_user_id`, `to_user_id`, `text_message`, `created_at`, `updated_at`) VALUES (20, 20, 34, 'Sed magnam voluptates delectus voluptatem sequi. Aut repellat at officia soluta et nihil amet. Illo impedit ut eius vitae. Tempore et animi assumenda quos. Ipsa tenetur illo sunt et fugit explicabo sed.', '1994-05-20 11:03:00', '2004-02-25 14:47:11');
INSERT INTO `messages` (`id`, `from_user_id`, `to_user_id`, `text_message`, `created_at`, `updated_at`) VALUES (21, 1, 74, 'Laborum veniam sed repellendus mollitia in. Sed iure expedita ad placeat consequatur est ut. Recusandae magni ipsa aliquid est quae ut placeat. Quo voluptatem quia unde vero inventore illo.', '2018-03-11 20:29:12', '1976-04-19 17:07:44');
INSERT INTO `messages` (`id`, `from_user_id`, `to_user_id`, `text_message`, `created_at`, `updated_at`) VALUES (22, 9, 38, 'Dolorem velit explicabo nulla rerum recusandae reiciendis fugiat. Voluptates ducimus quia suscipit quibusdam ut eum. Non laudantium quae porro vero blanditiis.', '2003-08-28 09:56:24', '2017-08-11 23:58:21');
INSERT INTO `messages` (`id`, `from_user_id`, `to_user_id`, `text_message`, `created_at`, `updated_at`) VALUES (23, 37, 86, 'Corrupti commodi voluptas rerum unde beatae hic. Necessitatibus eos harum et assumenda fuga nobis.', '1976-12-29 13:40:11', '1983-08-23 22:32:45');
INSERT INTO `messages` (`id`, `from_user_id`, `to_user_id`, `text_message`, `created_at`, `updated_at`) VALUES (24, 73, 11, 'Ducimus odio nesciunt ab quia. Autem optio dolorum blanditiis eos architecto quisquam. Quia ducimus voluptates molestiae natus. Velit cum voluptatem atque aut.', '2014-08-01 07:18:24', '1990-02-23 22:28:15');
INSERT INTO `messages` (`id`, `from_user_id`, `to_user_id`, `text_message`, `created_at`, `updated_at`) VALUES (25, 5, 25, 'Optio non quae et magni. Sed quam odio repudiandae nam nemo. Expedita laboriosam quia quas.', '1999-02-26 16:59:17', '1998-06-15 17:25:20');
INSERT INTO `messages` (`id`, `from_user_id`, `to_user_id`, `text_message`, `created_at`, `updated_at`) VALUES (26, 95, 86, 'Eligendi quia incidunt illum dolores velit eum non. Et nulla suscipit explicabo possimus quis. Quia voluptas nobis omnis numquam similique quae.', '1995-01-24 06:42:21', '1989-12-21 14:17:05');
INSERT INTO `messages` (`id`, `from_user_id`, `to_user_id`, `text_message`, `created_at`, `updated_at`) VALUES (27, 28, 68, 'Veniam ex nulla unde voluptas et et eos. Enim quia iure sit eveniet commodi occaecati facilis cupiditate. Asperiores quae nesciunt incidunt sit. Quaerat unde ullam consequatur enim voluptatem error. Quae asperiores illo exercitationem magni praesentium ei', '1990-07-12 22:59:49', '2006-07-08 14:26:16');
INSERT INTO `messages` (`id`, `from_user_id`, `to_user_id`, `text_message`, `created_at`, `updated_at`) VALUES (28, 100, 15, 'Quia itaque esse modi eum dolorem ut. Et quia ea porro non sint. Totam est ut velit explicabo.', '2016-06-07 06:48:10', '2008-03-31 20:04:02');
INSERT INTO `messages` (`id`, `from_user_id`, `to_user_id`, `text_message`, `created_at`, `updated_at`) VALUES (29, 13, 64, 'Eveniet voluptatibus sed quibusdam ut. Possimus dignissimos repellendus et quos eaque maiores quia. Odit magni laboriosam quaerat quibusdam eveniet esse.', '2003-10-02 23:02:27', '1990-03-12 23:51:19');
INSERT INTO `messages` (`id`, `from_user_id`, `to_user_id`, `text_message`, `created_at`, `updated_at`) VALUES (30, 51, 66, 'Pariatur unde voluptatem dignissimos voluptatum nesciunt sit ut. Ut officiis non voluptas impedit eligendi nostrum maiores. Vero ab repellendus nihil eveniet.', '2010-03-27 09:08:29', '1984-06-30 00:37:24');
INSERT INTO `messages` (`id`, `from_user_id`, `to_user_id`, `text_message`, `created_at`, `updated_at`) VALUES (31, 42, 31, 'In omnis autem animi omnis accusamus asperiores quidem. Fugiat non dignissimos saepe odit et. Enim qui enim qui. Eius ex saepe assumenda ratione voluptatem.', '2002-05-06 05:47:17', '2007-02-04 08:41:04');
INSERT INTO `messages` (`id`, `from_user_id`, `to_user_id`, `text_message`, `created_at`, `updated_at`) VALUES (32, 6, 4, 'Mollitia veniam officia qui id. Voluptas et sit ut. Quia modi consequatur culpa et molestias et exercitationem.', '1983-01-29 06:30:50', '1975-02-16 04:56:57');
INSERT INTO `messages` (`id`, `from_user_id`, `to_user_id`, `text_message`, `created_at`, `updated_at`) VALUES (33, 23, 11, 'Commodi illo ea quidem rerum. Quo ut distinctio minus ea laboriosam. Commodi soluta consequuntur quo officiis tempora.', '2011-07-21 06:37:21', '1990-01-14 02:59:47');
INSERT INTO `messages` (`id`, `from_user_id`, `to_user_id`, `text_message`, `created_at`, `updated_at`) VALUES (34, 6, 83, 'Vitae et consequatur doloremque ea tempore voluptas unde. Et veritatis aliquid cumque minus ea perferendis et.', '1993-03-14 13:19:22', '1974-01-03 11:55:03');
INSERT INTO `messages` (`id`, `from_user_id`, `to_user_id`, `text_message`, `created_at`, `updated_at`) VALUES (35, 62, 15, 'Molestias qui aut et soluta hic ut rem animi. Magni ab voluptatibus voluptatem. Reprehenderit soluta et tenetur necessitatibus.', '1996-01-01 13:30:16', '2004-07-09 21:16:17');
INSERT INTO `messages` (`id`, `from_user_id`, `to_user_id`, `text_message`, `created_at`, `updated_at`) VALUES (36, 76, 36, 'Ipsam enim voluptatibus quis rerum. Dolores omnis sint amet placeat quaerat. Quod maiores ea non fuga molestiae amet. Tempore sequi ad doloremque quaerat impedit doloribus autem.', '2006-12-07 08:49:10', '1974-05-05 23:38:36');
INSERT INTO `messages` (`id`, `from_user_id`, `to_user_id`, `text_message`, `created_at`, `updated_at`) VALUES (37, 47, 97, 'Deserunt eum atque fuga reprehenderit at minima nostrum qui. In odit minus error et eligendi nisi. Nulla corporis velit maiores commodi.', '2003-02-04 09:35:03', '2003-04-23 10:46:35');
INSERT INTO `messages` (`id`, `from_user_id`, `to_user_id`, `text_message`, `created_at`, `updated_at`) VALUES (38, 91, 64, 'Illo ducimus et dolor provident ut aut. In qui facere assumenda rerum qui quaerat. Omnis optio ex et in voluptatibus temporibus. Iste illum vero odit sit dolores.', '1973-02-10 07:35:45', '1988-11-28 15:10:40');
INSERT INTO `messages` (`id`, `from_user_id`, `to_user_id`, `text_message`, `created_at`, `updated_at`) VALUES (39, 74, 50, 'Et nihil minus nisi officiis dolore. Est cupiditate sed quis et sed. Sit sapiente repellat est culpa odit rerum in. Et accusantium ullam ipsa quia praesentium.', '1971-03-08 03:33:46', '2012-03-05 22:34:03');
INSERT INTO `messages` (`id`, `from_user_id`, `to_user_id`, `text_message`, `created_at`, `updated_at`) VALUES (40, 41, 8, 'Consequuntur harum doloribus occaecati ut quis cupiditate. Modi necessitatibus itaque et voluptas quia ut iure. Voluptatum praesentium enim fuga sequi.', '1983-02-16 10:18:08', '2010-06-09 18:14:25');
INSERT INTO `messages` (`id`, `from_user_id`, `to_user_id`, `text_message`, `created_at`, `updated_at`) VALUES (41, 33, 33, 'Error sunt fuga quos sint sunt error aut. Enim illo odio soluta dicta perspiciatis aliquid qui veniam. Et assumenda dignissimos qui quae.', '2018-01-28 08:01:21', '2001-04-01 21:34:51');
INSERT INTO `messages` (`id`, `from_user_id`, `to_user_id`, `text_message`, `created_at`, `updated_at`) VALUES (42, 7, 18, 'Asperiores accusamus fugiat laboriosam expedita reiciendis debitis. Fuga harum ipsam qui eaque laudantium et nobis. Magnam enim qui soluta nisi at.', '2013-11-19 14:35:16', '1974-10-22 18:11:49');
INSERT INTO `messages` (`id`, `from_user_id`, `to_user_id`, `text_message`, `created_at`, `updated_at`) VALUES (43, 87, 45, 'Repellendus unde quibusdam fugit aut in aperiam. Facilis veniam aut ut. Rerum itaque qui autem eligendi iusto. Sit sunt et veniam blanditiis perspiciatis et ut.', '1979-03-25 03:14:25', '1987-11-16 19:36:32');
INSERT INTO `messages` (`id`, `from_user_id`, `to_user_id`, `text_message`, `created_at`, `updated_at`) VALUES (44, 77, 47, 'Est libero odio laborum maxime velit debitis in qui. At vel impedit fuga nobis. Quam et delectus dolorem libero non laboriosam sint.', '2015-07-10 14:37:11', '1979-12-28 13:56:39');
INSERT INTO `messages` (`id`, `from_user_id`, `to_user_id`, `text_message`, `created_at`, `updated_at`) VALUES (45, 80, 76, 'Doloremque ad qui doloremque. Ut ad ea fugit. Qui et impedit eos aut nihil doloribus illum. Repellendus voluptas alias repudiandae aperiam deserunt quisquam.', '2009-03-10 02:51:49', '1992-10-31 10:29:22');
INSERT INTO `messages` (`id`, `from_user_id`, `to_user_id`, `text_message`, `created_at`, `updated_at`) VALUES (46, 38, 66, 'Distinctio occaecati libero quis quia nihil. Omnis reprehenderit impedit labore.', '2016-04-12 14:29:52', '2000-07-05 23:10:54');
INSERT INTO `messages` (`id`, `from_user_id`, `to_user_id`, `text_message`, `created_at`, `updated_at`) VALUES (47, 93, 81, 'Eaque sed nulla quae tempora ipsum quas. Odio sunt perspiciatis hic error voluptatem qui. Ut quia ducimus maiores qui voluptatem. Sed quia provident architecto et.', '2001-07-20 05:02:49', '1987-08-29 00:10:16');
INSERT INTO `messages` (`id`, `from_user_id`, `to_user_id`, `text_message`, `created_at`, `updated_at`) VALUES (48, 88, 7, 'Est tempora voluptates cumque aut ut quidem. Omnis omnis eum molestiae praesentium. Est consectetur molestiae minima exercitationem.', '1974-03-19 03:16:26', '1983-01-06 23:32:22');
INSERT INTO `messages` (`id`, `from_user_id`, `to_user_id`, `text_message`, `created_at`, `updated_at`) VALUES (49, 43, 80, 'Suscipit voluptatem sed magnam quidem reprehenderit atque ea. Delectus vero perspiciatis ea harum.', '2001-04-02 09:11:45', '1977-07-19 22:05:20');
INSERT INTO `messages` (`id`, `from_user_id`, `to_user_id`, `text_message`, `created_at`, `updated_at`) VALUES (50, 9, 10, 'Ducimus non minus voluptate consequuntur repellat. Et sunt nisi aliquid neque ullam ex reiciendis. Et sint non eos recusandae recusandae fugit sit cumque. Aut voluptas ut ut voluptatem.', '1995-04-08 16:41:21', '1992-03-07 23:39:38');
INSERT INTO `messages` (`id`, `from_user_id`, `to_user_id`, `text_message`, `created_at`, `updated_at`) VALUES (51, 59, 70, 'Harum perspiciatis totam id ut in recusandae ea incidunt. Natus iusto ducimus voluptas autem id non sed. Praesentium sed ut aut qui est.', '2011-10-06 13:15:54', '1990-06-16 15:38:21');
INSERT INTO `messages` (`id`, `from_user_id`, `to_user_id`, `text_message`, `created_at`, `updated_at`) VALUES (52, 58, 80, 'Et dicta consequuntur qui itaque quo. Non qui accusantium quam repellat tempora facere. Itaque dolore dolorem voluptatem reprehenderit maiores tenetur. Et delectus fuga corporis sunt. Iste enim deleniti cupiditate velit aut.', '1986-05-08 02:09:13', '2008-11-01 10:55:43');
INSERT INTO `messages` (`id`, `from_user_id`, `to_user_id`, `text_message`, `created_at`, `updated_at`) VALUES (53, 82, 66, 'Cum earum natus iusto. Quia est temporibus animi error sit. Numquam molestias quasi eligendi illum a id. Facilis autem voluptas inventore.', '1977-01-18 00:32:49', '2009-04-26 13:06:55');
INSERT INTO `messages` (`id`, `from_user_id`, `to_user_id`, `text_message`, `created_at`, `updated_at`) VALUES (54, 12, 54, 'Atque placeat sunt aut vel quasi et aliquid. Voluptatem qui repellat quis. Blanditiis qui a assumenda omnis. Aspernatur ea necessitatibus laboriosam ad.', '1979-06-04 00:47:23', '2005-06-27 06:11:58');
INSERT INTO `messages` (`id`, `from_user_id`, `to_user_id`, `text_message`, `created_at`, `updated_at`) VALUES (55, 53, 59, 'Quos incidunt maiores officiis consequatur incidunt dolore. Sed quia non alias incidunt. Est consectetur quidem dolorem est deserunt.', '1972-02-04 08:24:17', '1990-07-26 12:43:36');
INSERT INTO `messages` (`id`, `from_user_id`, `to_user_id`, `text_message`, `created_at`, `updated_at`) VALUES (56, 29, 81, 'Sunt aut quae dolore dolore repudiandae. Soluta ducimus illo illum suscipit. Sapiente nulla quis est laborum. A sed ut quaerat temporibus cum placeat explicabo. Quia nobis dolorem maxime ab aut harum perferendis.', '1979-12-29 02:38:10', '2003-04-30 15:41:08');
INSERT INTO `messages` (`id`, `from_user_id`, `to_user_id`, `text_message`, `created_at`, `updated_at`) VALUES (57, 72, 77, 'Non voluptatibus odit ipsam voluptas aut nihil. Tempore perspiciatis expedita facere alias maxime rerum quas minima. Aperiam saepe ad et necessitatibus.', '1983-08-28 06:51:49', '2011-08-23 01:14:21');
INSERT INTO `messages` (`id`, `from_user_id`, `to_user_id`, `text_message`, `created_at`, `updated_at`) VALUES (58, 31, 6, 'Qui est laboriosam quo. Et rerum nesciunt quam recusandae. Doloremque ad assumenda tenetur corrupti error in dolorem. Magni doloribus ducimus exercitationem eos magni repudiandae.', '2014-02-06 10:55:14', '2019-04-12 12:30:19');
INSERT INTO `messages` (`id`, `from_user_id`, `to_user_id`, `text_message`, `created_at`, `updated_at`) VALUES (59, 76, 10, 'Velit ut numquam et aspernatur sed eius. Cupiditate sunt facilis aut voluptatum beatae ea.', '1977-08-02 05:42:40', '2006-10-22 22:45:35');
INSERT INTO `messages` (`id`, `from_user_id`, `to_user_id`, `text_message`, `created_at`, `updated_at`) VALUES (60, 55, 73, 'Deserunt autem enim reiciendis ut et dignissimos. Voluptatem neque repudiandae esse. Repudiandae quos aut provident consequuntur est aperiam.', '1972-12-22 19:30:57', '1974-10-04 20:18:14');


#
# TABLE STRUCTURE FOR: profiles
#

DROP TABLE IF EXISTS `profiles`;

CREATE TABLE `profiles` (
  `user_id` int(10) unsigned NOT NULL COMMENT 'Ссылка на пользователя',
  `first_name` varchar(100) COLLATE utf8_unicode_ci NOT NULL COMMENT 'Имя пользователя',
  `second_name` varchar(100) COLLATE utf8_unicode_ci NOT NULL COMMENT 'Фамилия пользователя',
  `last_name` varchar(100) COLLATE utf8_unicode_ci NOT NULL COMMENT 'Отчесво пользователя',
  `birthday` date DEFAULT NULL COMMENT 'Дата рождения',
  `gender` char(1) COLLATE utf8_unicode_ci NOT NULL COMMENT 'Пол',
  `phone` varchar(100) COLLATE utf8_unicode_ci NOT NULL COMMENT 'Телефон',
  `aboute_my` varchar(255) COLLATE utf8_unicode_ci DEFAULT NULL COMMENT 'о себе',
  `aboute_work` varchar(100) COLLATE utf8_unicode_ci DEFAULT NULL COMMENT 'род занятий',
  `aboute_stock` varchar(100) COLLATE utf8_unicode_ci DEFAULT NULL COMMENT 'о фондовом рынке',
  `created_at` datetime DEFAULT current_timestamp() COMMENT 'Время создания строки',
  `updated_at` datetime DEFAULT current_timestamp() ON UPDATE current_timestamp() COMMENT 'Время обновления строки',
  PRIMARY KEY (`user_id`),
  UNIQUE KEY `phone` (`phone`)
) ENGINE=InnoDB DEFAULT CHARSET=utf8 COLLATE=utf8_unicode_ci COMMENT='Профили';

INSERT INTO `profiles` (`user_id`, `first_name`, `second_name`, `last_name`, `birthday`, `gender`, `phone`, `aboute_my`, `aboute_work`, `aboute_stock`, `created_at`, `updated_at`) VALUES (1, 'Ramona', 'Kristin', 'Howe', '1991-12-14', 'w', '552-672-5271x653', 'Soluta atque libero aliquid ex rem.', 'Et nobis sint rerum fugiat.', 'Unde amet explicabo magnam.', '2016-12-20 12:29:39', '1981-09-04 20:40:30');
INSERT INTO `profiles` (`user_id`, `first_name`, `second_name`, `last_name`, `birthday`, `gender`, `phone`, `aboute_my`, `aboute_work`, `aboute_stock`, `created_at`, `updated_at`) VALUES (2, 'Faye', 'Kaya', 'Grimes', '1980-01-18', 'm', '1-571-142-2867x580', 'Et omnis neque ullam aliquam est commodi voluptas.', 'Temporibus modi vel maiores cum.', 'Est expedita omnis tempora aut veniam unde.', '2002-07-24 16:39:48', '2015-04-09 09:37:15');
INSERT INTO `profiles` (`user_id`, `first_name`, `second_name`, `last_name`, `birthday`, `gender`, `phone`, `aboute_my`, `aboute_work`, `aboute_stock`, `created_at`, `updated_at`) VALUES (3, 'Geovany', 'Myrtie', 'Effertz', '1984-08-25', 'w', '670.431.7252', 'Quam dolor occaecati corrupti est.', 'Est ducimus qui sunt quia in molestias harum fugit.', 'Asperiores laborum a quidem dolor cumque quaerat ipsa tenetur.', '1980-10-14 07:50:53', '2001-12-28 06:48:12');
INSERT INTO `profiles` (`user_id`, `first_name`, `second_name`, `last_name`, `birthday`, `gender`, `phone`, `aboute_my`, `aboute_work`, `aboute_stock`, `created_at`, `updated_at`) VALUES (4, 'Madelyn', 'Ines', 'Cummings', '1998-08-19', 'w', '1-805-480-9122', 'Mollitia blanditiis voluptas a accusamus nam beatae.', 'Occaecati possimus tempore facere quas minus.', 'Veritatis illum dolorem aspernatur ducimus est.', '2008-07-01 01:05:28', '2016-07-27 09:29:03');
INSERT INTO `profiles` (`user_id`, `first_name`, `second_name`, `last_name`, `birthday`, `gender`, `phone`, `aboute_my`, `aboute_work`, `aboute_stock`, `created_at`, `updated_at`) VALUES (5, 'Kariane', 'Helen', 'Casper', '1996-01-14', 'w', '147.084.8563x713', 'A quia rem repellendus quam sit temporibus.', 'Et labore nulla incidunt corporis adipisci vero omnis.', 'Amet voluptas ab sed voluptas autem minima exercitationem.', '2010-06-20 11:17:28', '2019-12-12 22:18:36');
INSERT INTO `profiles` (`user_id`, `first_name`, `second_name`, `last_name`, `birthday`, `gender`, `phone`, `aboute_my`, `aboute_work`, `aboute_stock`, `created_at`, `updated_at`) VALUES (6, 'Adonis', 'Millie', 'Doyle', '1983-09-08', 'w', '211.076.1322x2639', 'Maiores beatae odio minus quis voluptatem dolores.', 'Iure aperiam doloribus perspiciatis.', 'Recusandae suscipit laudantium dolor iure aut.', '1992-05-21 07:09:00', '1972-10-30 23:13:25');
INSERT INTO `profiles` (`user_id`, `first_name`, `second_name`, `last_name`, `birthday`, `gender`, `phone`, `aboute_my`, `aboute_work`, `aboute_stock`, `created_at`, `updated_at`) VALUES (7, 'Houston', 'Nola', 'Weimann', '1982-01-31', 'm', '(452)833-8675x86520', 'In esse enim quia tenetur modi.', 'Vero commodi officiis quod reiciendis.', 'Aut eum a voluptas recusandae.', '2018-04-25 19:31:47', '1977-11-10 09:39:48');
INSERT INTO `profiles` (`user_id`, `first_name`, `second_name`, `last_name`, `birthday`, `gender`, `phone`, `aboute_my`, `aboute_work`, `aboute_stock`, `created_at`, `updated_at`) VALUES (8, 'Jailyn', 'Ona', 'Adams', '2007-01-07', 'm', '(468)560-4237x16299', 'Aut exercitationem dolor est officia laborum.', 'Quisquam sed iure explicabo tempore corrupti voluptas.', 'Deleniti est sit qui molestiae magni aut odio.', '2014-05-12 04:53:49', '1991-09-17 16:17:54');
INSERT INTO `profiles` (`user_id`, `first_name`, `second_name`, `last_name`, `birthday`, `gender`, `phone`, `aboute_my`, `aboute_work`, `aboute_stock`, `created_at`, `updated_at`) VALUES (9, 'Johnny', 'Kylee', 'Mueller', '2017-11-17', 'm', '(756)623-4920', 'Vero et minima architecto fugit laboriosam quasi.', 'Quaerat id vitae sequi ut.', 'Expedita deserunt facere eligendi et vitae ad qui.', '1983-07-16 23:14:13', '1992-05-02 05:17:15');
INSERT INTO `profiles` (`user_id`, `first_name`, `second_name`, `last_name`, `birthday`, `gender`, `phone`, `aboute_my`, `aboute_work`, `aboute_stock`, `created_at`, `updated_at`) VALUES (10, 'Tyshawn', 'Virgie', 'Wolff', '2007-11-01', 'm', '1-011-656-7704', 'Non sunt et qui et eos qui.', 'Qui accusamus non ut consectetur necessitatibus.', 'Ipsa veniam voluptatem atque.', '1994-02-12 22:55:16', '1987-02-18 13:38:33');
INSERT INTO `profiles` (`user_id`, `first_name`, `second_name`, `last_name`, `birthday`, `gender`, `phone`, `aboute_my`, `aboute_work`, `aboute_stock`, `created_at`, `updated_at`) VALUES (11, 'Dawson', 'Krista', 'VonRueden', '1995-11-07', 'm', '(309)904-7471x7250', 'Dicta fugit quis autem dolorum aspernatur molestias.', 'Odio quis numquam et tempore.', 'Et nihil voluptas et facilis.', '2013-05-30 01:57:43', '1991-01-13 17:54:17');
INSERT INTO `profiles` (`user_id`, `first_name`, `second_name`, `last_name`, `birthday`, `gender`, `phone`, `aboute_my`, `aboute_work`, `aboute_stock`, `created_at`, `updated_at`) VALUES (12, 'Avis', 'Harmony', 'Mills', '2001-05-18', 'm', '764.901.0357', 'Quos et id incidunt.', 'Voluptatem et id sapiente eius consequatur voluptatum.', 'Voluptatem et odio facere assumenda.', '1987-04-12 19:21:01', '2010-11-14 17:33:06');
INSERT INTO `profiles` (`user_id`, `first_name`, `second_name`, `last_name`, `birthday`, `gender`, `phone`, `aboute_my`, `aboute_work`, `aboute_stock`, `created_at`, `updated_at`) VALUES (13, 'Frankie', 'Queenie', 'Raynor', '2000-02-11', 'w', '(898)138-1169x38465', 'Sint sunt incidunt et dolores velit earum delectus.', 'Facere accusantium voluptate quia minus eaque enim.', 'Alias illum debitis doloremque repellendus blanditiis.', '1992-09-23 02:59:10', '2000-06-01 08:28:28');
INSERT INTO `profiles` (`user_id`, `first_name`, `second_name`, `last_name`, `birthday`, `gender`, `phone`, `aboute_my`, `aboute_work`, `aboute_stock`, `created_at`, `updated_at`) VALUES (14, 'Ansley', 'Mafalda', 'Dickinson', '1996-07-02', 'w', '(894)901-9754x8617', 'Nulla in corporis repudiandae maiores.', 'Labore facilis non aut eius minus voluptas culpa.', 'Possimus soluta et ut architecto fugit quasi incidunt sapiente.', '1978-07-30 10:25:07', '1976-09-01 21:19:06');
INSERT INTO `profiles` (`user_id`, `first_name`, `second_name`, `last_name`, `birthday`, `gender`, `phone`, `aboute_my`, `aboute_work`, `aboute_stock`, `created_at`, `updated_at`) VALUES (15, 'Hailie', 'Albina', 'Robel', '1986-12-19', 'm', '958-489-5811x3765', 'Temporibus asperiores voluptas quia qui porro.', 'Est sunt et aliquam cum quasi occaecati.', 'Omnis quo rerum ipsam ipsam non fugit.', '1980-08-22 01:41:22', '2011-05-28 22:44:27');
INSERT INTO `profiles` (`user_id`, `first_name`, `second_name`, `last_name`, `birthday`, `gender`, `phone`, `aboute_my`, `aboute_work`, `aboute_stock`, `created_at`, `updated_at`) VALUES (16, 'Haven', 'Jolie', 'Gottlieb', '2004-12-14', 'm', '1-553-918-1302x109', 'Suscipit corporis quia expedita sed.', 'Corporis doloribus omnis et ab repudiandae.', 'Qui omnis earum dolorem id et nihil.', '1984-06-14 13:25:31', '2002-10-30 20:02:31');
INSERT INTO `profiles` (`user_id`, `first_name`, `second_name`, `last_name`, `birthday`, `gender`, `phone`, `aboute_my`, `aboute_work`, `aboute_stock`, `created_at`, `updated_at`) VALUES (17, 'Khalil', 'Deja', 'Wisozk', '2002-04-15', 'm', '1-640-528-1354', 'Quidem quis explicabo hic et.', 'Rerum quia qui autem magni fugit vitae.', 'Aut perferendis ut omnis enim cum.', '1987-09-24 07:45:08', '1997-06-19 12:50:24');
INSERT INTO `profiles` (`user_id`, `first_name`, `second_name`, `last_name`, `birthday`, `gender`, `phone`, `aboute_my`, `aboute_work`, `aboute_stock`, `created_at`, `updated_at`) VALUES (18, 'Alexandro', 'Shyann', 'Kling', '1977-08-18', 'm', '735.742.0230x759', 'Quisquam laudantium illo ut magni ad et ex fugit.', 'Dolorem asperiores a voluptate et qui at suscipit.', 'Vitae quas aliquam voluptatem sed doloremque consectetur esse aut.', '1979-09-26 17:45:37', '1995-01-30 12:21:24');
INSERT INTO `profiles` (`user_id`, `first_name`, `second_name`, `last_name`, `birthday`, `gender`, `phone`, `aboute_my`, `aboute_work`, `aboute_stock`, `created_at`, `updated_at`) VALUES (19, 'Kristina', 'Lue', 'Ullrich', '1992-03-13', 'm', '830-396-1137x0560', 'Sint qui quisquam molestiae rerum voluptatum.', 'Doloribus esse velit nulla accusantium aut voluptates corrupti.', 'Dolores et repellat quos aut doloribus itaque accusantium.', '1985-02-08 08:57:37', '2001-04-14 06:23:09');
INSERT INTO `profiles` (`user_id`, `first_name`, `second_name`, `last_name`, `birthday`, `gender`, `phone`, `aboute_my`, `aboute_work`, `aboute_stock`, `created_at`, `updated_at`) VALUES (20, 'Verlie', 'Velva', 'Frami', '1988-06-09', 'm', '388-454-3191', 'Necessitatibus amet natus et mollitia.', 'Dolores voluptatem aut doloribus dolor placeat sed.', 'Veritatis similique eum sunt deserunt iure.', '2002-06-16 20:00:15', '1984-12-02 01:31:06');
INSERT INTO `profiles` (`user_id`, `first_name`, `second_name`, `last_name`, `birthday`, `gender`, `phone`, `aboute_my`, `aboute_work`, `aboute_stock`, `created_at`, `updated_at`) VALUES (21, 'Augusta', 'Ebba', 'D\'Amore', '1985-11-29', 'w', '384.764.9259', 'Ipsam nam hic illum rerum earum animi debitis.', 'Facilis error omnis ut voluptatum alias accusamus iusto culpa.', 'Quia doloribus molestias sed repudiandae repellendus aperiam.', '1996-06-14 18:55:03', '2001-06-26 15:50:45');
INSERT INTO `profiles` (`user_id`, `first_name`, `second_name`, `last_name`, `birthday`, `gender`, `phone`, `aboute_my`, `aboute_work`, `aboute_stock`, `created_at`, `updated_at`) VALUES (22, 'Isadore', 'Madonna', 'Streich', '1995-03-20', 'm', '572-613-2800x178', 'Aut velit quis deleniti inventore et ipsam.', 'Suscipit quibusdam itaque dolor vel.', 'Nulla iusto reprehenderit voluptatibus doloribus explicabo.', '2013-04-09 02:02:11', '2006-01-04 05:12:13');
INSERT INTO `profiles` (`user_id`, `first_name`, `second_name`, `last_name`, `birthday`, `gender`, `phone`, `aboute_my`, `aboute_work`, `aboute_stock`, `created_at`, `updated_at`) VALUES (23, 'Monty', 'Annette', 'Kessler', '1990-10-16', 'w', '392.012.9085x3677', 'Sunt deleniti ut et placeat.', 'Porro corporis modi voluptatibus totam non qui sit.', 'Voluptas sunt autem quo excepturi consequatur.', '2015-10-13 20:35:06', '1987-12-14 11:36:37');
INSERT INTO `profiles` (`user_id`, `first_name`, `second_name`, `last_name`, `birthday`, `gender`, `phone`, `aboute_my`, `aboute_work`, `aboute_stock`, `created_at`, `updated_at`) VALUES (24, 'Cory', 'Adelle', 'Stanton', '1979-09-18', 'w', '(521)249-4307', 'Doloribus perferendis ipsum sit est magnam sint.', 'Consequatur aliquid aliquid est id.', 'Accusamus officiis animi consectetur totam odio corrupti labore.', '1973-10-23 22:32:00', '1973-12-20 11:27:09');
INSERT INTO `profiles` (`user_id`, `first_name`, `second_name`, `last_name`, `birthday`, `gender`, `phone`, `aboute_my`, `aboute_work`, `aboute_stock`, `created_at`, `updated_at`) VALUES (25, 'Zelda', 'Adele', 'Kuhlman', '2002-07-18', 'm', '216-030-1478', 'Id assumenda omnis sit labore nostrum et.', 'In omnis qui asperiores quidem deserunt qui error debitis.', 'Ullam aspernatur sunt et dignissimos dolor nam.', '1972-10-01 12:29:37', '2016-10-04 10:54:42');
INSERT INTO `profiles` (`user_id`, `first_name`, `second_name`, `last_name`, `birthday`, `gender`, `phone`, `aboute_my`, `aboute_work`, `aboute_stock`, `created_at`, `updated_at`) VALUES (26, 'Heber', 'Vanessa', 'Larson', '1987-09-29', 'm', '425-627-2592x924', 'Ut temporibus a aut.', 'Omnis aut doloremque tempora.', 'Ipsa et quas natus et consequatur neque.', '2016-04-24 08:34:44', '1980-02-28 19:35:22');
INSERT INTO `profiles` (`user_id`, `first_name`, `second_name`, `last_name`, `birthday`, `gender`, `phone`, `aboute_my`, `aboute_work`, `aboute_stock`, `created_at`, `updated_at`) VALUES (27, 'Justen', 'Ardith', 'Kozey', '2012-07-18', 'm', '00906930892', 'Neque harum et aut quae dicta.', 'Et voluptatem ut sapiente ipsa iure dolores animi.', 'Voluptatem autem non illum necessitatibus.', '1976-10-07 19:53:30', '2019-07-11 04:29:08');
INSERT INTO `profiles` (`user_id`, `first_name`, `second_name`, `last_name`, `birthday`, `gender`, `phone`, `aboute_my`, `aboute_work`, `aboute_stock`, `created_at`, `updated_at`) VALUES (28, 'Consuelo', 'Chelsea', 'Metz', '2009-06-08', 'w', '875.547.5123', 'Incidunt aperiam dolor fuga aut ut rerum.', 'Dicta harum qui dolore et.', 'Asperiores aut accusantium sunt expedita quia.', '2011-12-19 07:46:59', '2015-05-03 12:03:23');
INSERT INTO `profiles` (`user_id`, `first_name`, `second_name`, `last_name`, `birthday`, `gender`, `phone`, `aboute_my`, `aboute_work`, `aboute_stock`, `created_at`, `updated_at`) VALUES (29, 'Bertrand', 'Agustina', 'Treutel', '1992-07-16', 'm', '(421)169-9325x66669', 'Sunt quia quibusdam aliquam necessitatibus.', 'Consequatur commodi dolor rerum.', 'Labore ab et qui est.', '2016-05-25 12:54:23', '1989-07-07 03:53:44');
INSERT INTO `profiles` (`user_id`, `first_name`, `second_name`, `last_name`, `birthday`, `gender`, `phone`, `aboute_my`, `aboute_work`, `aboute_stock`, `created_at`, `updated_at`) VALUES (30, 'Ferne', 'Katheryn', 'Rempel', '1986-01-18', 'w', '(211)152-3491x6851', 'In et reprehenderit tempora est sint.', 'Modi praesentium modi laborum et eius.', 'Officia soluta laboriosam id exercitationem quos repudiandae aut.', '1991-05-18 23:35:19', '1978-09-04 07:47:56');
INSERT INTO `profiles` (`user_id`, `first_name`, `second_name`, `last_name`, `birthday`, `gender`, `phone`, `aboute_my`, `aboute_work`, `aboute_stock`, `created_at`, `updated_at`) VALUES (31, 'Fannie', 'Monique', 'Fisher', '1995-05-24', 'w', '(577)135-7649x821', 'Voluptatem numquam hic suscipit illo non non enim.', 'Ut culpa suscipit sunt animi voluptates delectus soluta.', 'Doloribus suscipit vel perspiciatis expedita quasi impedit.', '2013-01-14 13:42:24', '1978-02-09 19:20:17');
INSERT INTO `profiles` (`user_id`, `first_name`, `second_name`, `last_name`, `birthday`, `gender`, `phone`, `aboute_my`, `aboute_work`, `aboute_stock`, `created_at`, `updated_at`) VALUES (32, 'Green', 'Ila', 'Hudson', '2010-07-13', 'w', '644-428-6454x11335', 'Ea dolore placeat architecto maxime voluptates error.', 'Enim eum reprehenderit ratione cupiditate.', 'Quis voluptatem vero voluptatum quia placeat nemo aut.', '2008-01-20 19:50:02', '1974-02-07 00:30:07');
INSERT INTO `profiles` (`user_id`, `first_name`, `second_name`, `last_name`, `birthday`, `gender`, `phone`, `aboute_my`, `aboute_work`, `aboute_stock`, `created_at`, `updated_at`) VALUES (33, 'Eveline', 'Caterina', 'Fadel', '2015-02-10', 'm', '(609)609-2104', 'Autem dolore qui ex accusantium error enim.', 'Exercitationem est incidunt ratione est.', 'Et voluptatem perferendis et non iste atque maiores.', '1999-08-02 22:01:52', '2012-01-24 02:36:12');
INSERT INTO `profiles` (`user_id`, `first_name`, `second_name`, `last_name`, `birthday`, `gender`, `phone`, `aboute_my`, `aboute_work`, `aboute_stock`, `created_at`, `updated_at`) VALUES (34, 'Kylie', 'Elaina', 'Robel', '2001-03-05', 'w', '(425)259-2628x93483', 'Nihil suscipit natus tempore aliquid.', 'Ea nihil modi laudantium doloremque nihil nesciunt culpa.', 'Voluptas nobis natus impedit quis omnis autem.', '1975-05-15 15:17:44', '1977-03-27 01:45:30');
INSERT INTO `profiles` (`user_id`, `first_name`, `second_name`, `last_name`, `birthday`, `gender`, `phone`, `aboute_my`, `aboute_work`, `aboute_stock`, `created_at`, `updated_at`) VALUES (35, 'Antonina', 'Angelica', 'Lemke', '1989-09-09', 'm', '+81(6)5776381627', 'Non occaecati nihil accusantium possimus ipsa soluta quo exercitationem.', 'Consequatur quis ea eaque odit.', 'Harum et consequuntur iste dolorem magnam veritatis.', '2015-12-16 15:06:35', '1977-07-14 17:52:18');
INSERT INTO `profiles` (`user_id`, `first_name`, `second_name`, `last_name`, `birthday`, `gender`, `phone`, `aboute_my`, `aboute_work`, `aboute_stock`, `created_at`, `updated_at`) VALUES (36, 'Jermaine', 'Jody', 'Reinger', '2015-09-08', 'w', '1-047-620-3647x02510', 'Pariatur deserunt magnam modi porro similique optio accusamus.', 'Ut illum nesciunt vel.', 'Velit eos veniam nihil aperiam voluptatem.', '1975-01-24 08:44:02', '2005-03-31 04:13:06');
INSERT INTO `profiles` (`user_id`, `first_name`, `second_name`, `last_name`, `birthday`, `gender`, `phone`, `aboute_my`, `aboute_work`, `aboute_stock`, `created_at`, `updated_at`) VALUES (37, 'Stone', 'Dejah', 'Renner', '1971-02-28', 'w', '316.787.4076x1028', 'Voluptatum dolor voluptas sapiente debitis vel dignissimos velit.', 'Accusamus et corrupti ex nihil sint est.', 'Qui magnam optio quae ut est iure rerum possimus.', '2017-07-13 09:02:13', '2001-06-09 21:40:23');
INSERT INTO `profiles` (`user_id`, `first_name`, `second_name`, `last_name`, `birthday`, `gender`, `phone`, `aboute_my`, `aboute_work`, `aboute_stock`, `created_at`, `updated_at`) VALUES (38, 'Connor', 'Odessa', 'Keeling', '1973-02-17', 'w', '+06(0)9183167010', 'Distinctio consequatur voluptas porro sunt fuga.', 'Nesciunt quia sed non dolor dolores ipsa.', 'Aut quis ipsum dolor beatae amet.', '2001-12-08 17:00:29', '1972-06-05 07:06:30');
INSERT INTO `profiles` (`user_id`, `first_name`, `second_name`, `last_name`, `birthday`, `gender`, `phone`, `aboute_my`, `aboute_work`, `aboute_stock`, `created_at`, `updated_at`) VALUES (39, 'Micheal', 'Maurine', 'Friesen', '2010-01-28', 'm', '888.596.0670x081', 'Qui vitae vitae enim suscipit molestiae reiciendis.', 'Laboriosam id autem odit.', 'In velit architecto eum nemo ipsum.', '2002-05-31 00:22:49', '1991-06-05 13:37:44');
INSERT INTO `profiles` (`user_id`, `first_name`, `second_name`, `last_name`, `birthday`, `gender`, `phone`, `aboute_my`, `aboute_work`, `aboute_stock`, `created_at`, `updated_at`) VALUES (40, 'Josiane', 'Odessa', 'Glover', '2008-06-10', 'w', '583-937-1519', 'Soluta earum impedit illo rerum sit.', 'Eius dolores iste est sint sed.', 'Ratione autem quis eos qui optio eveniet ea.', '1991-05-08 11:31:26', '2014-12-19 13:49:46');
INSERT INTO `profiles` (`user_id`, `first_name`, `second_name`, `last_name`, `birthday`, `gender`, `phone`, `aboute_my`, `aboute_work`, `aboute_stock`, `created_at`, `updated_at`) VALUES (41, 'Delphia', 'Myrna', 'Skiles', '2017-08-12', 'w', '525-132-9124x91396', 'Quae tenetur dolorum blanditiis qui.', 'Exercitationem aut perspiciatis et.', 'Omnis aut eos voluptatem molestiae in neque praesentium.', '1985-03-07 12:18:11', '1979-11-06 06:55:36');
INSERT INTO `profiles` (`user_id`, `first_name`, `second_name`, `last_name`, `birthday`, `gender`, `phone`, `aboute_my`, `aboute_work`, `aboute_stock`, `created_at`, `updated_at`) VALUES (42, 'Gregg', 'Tara', 'Beahan', '1990-08-31', 'm', '746.064.4619', 'Qui consequatur ducimus cumque consequatur dolorem ipsum.', 'Consequatur molestiae magnam quisquam qui et aperiam fugit.', 'Molestias et dolor est animi.', '1982-02-14 00:41:43', '2020-03-24 06:26:10');
INSERT INTO `profiles` (`user_id`, `first_name`, `second_name`, `last_name`, `birthday`, `gender`, `phone`, `aboute_my`, `aboute_work`, `aboute_stock`, `created_at`, `updated_at`) VALUES (43, 'Annalise', 'Kelli', 'Blanda', '1989-05-13', 'm', '1-059-386-6220x93939', 'Et ratione nemo vero consequuntur.', 'Omnis atque id omnis ex dignissimos quod.', 'Suscipit natus ipsum dolorum.', '1978-10-03 10:49:00', '1971-08-19 23:25:27');
INSERT INTO `profiles` (`user_id`, `first_name`, `second_name`, `last_name`, `birthday`, `gender`, `phone`, `aboute_my`, `aboute_work`, `aboute_stock`, `created_at`, `updated_at`) VALUES (44, 'Emerson', 'Madie', 'Jones', '1989-08-29', 'm', '074.099.3980', 'Nobis porro laudantium autem dignissimos voluptatum dicta at.', 'Eius officia aut sunt tempore.', 'Vitae harum aut voluptatem suscipit.', '2000-01-01 05:07:26', '2007-07-15 21:11:05');
INSERT INTO `profiles` (`user_id`, `first_name`, `second_name`, `last_name`, `birthday`, `gender`, `phone`, `aboute_my`, `aboute_work`, `aboute_stock`, `created_at`, `updated_at`) VALUES (45, 'Joana', 'Raegan', 'Beer', '1979-01-31', 'w', '631.596.3614x7703', 'Facere nihil ullam perspiciatis in.', 'Consequuntur animi suscipit iure molestiae impedit placeat est.', 'Odit temporibus consequatur sapiente iusto.', '1995-04-16 13:25:44', '1979-10-09 16:22:21');
INSERT INTO `profiles` (`user_id`, `first_name`, `second_name`, `last_name`, `birthday`, `gender`, `phone`, `aboute_my`, `aboute_work`, `aboute_stock`, `created_at`, `updated_at`) VALUES (46, 'Jayme', 'Rebeca', 'Wehner', '2007-09-15', 'm', '08559260820', 'Ratione ipsa distinctio minima inventore.', 'Voluptas aut sed enim in.', 'Molestias doloremque facilis doloribus odit autem esse iusto velit.', '2010-10-29 04:54:15', '1995-09-27 01:36:12');
INSERT INTO `profiles` (`user_id`, `first_name`, `second_name`, `last_name`, `birthday`, `gender`, `phone`, `aboute_my`, `aboute_work`, `aboute_stock`, `created_at`, `updated_at`) VALUES (47, 'Kaia', 'Teresa', 'Schuster', '1982-08-19', 'm', '(955)897-8901', 'Architecto labore modi qui pariatur facilis qui voluptate.', 'Itaque error vel omnis nulla.', 'Ab nulla debitis error eveniet quibusdam.', '2020-01-21 18:02:23', '1997-10-31 02:02:29');
INSERT INTO `profiles` (`user_id`, `first_name`, `second_name`, `last_name`, `birthday`, `gender`, `phone`, `aboute_my`, `aboute_work`, `aboute_stock`, `created_at`, `updated_at`) VALUES (48, 'Alisha', 'Loyce', 'Hettinger', '1972-11-13', 'w', '817.149.9524x042', 'Quis cum corporis repudiandae voluptas.', 'Est non non fuga dolorum error dolores.', 'Velit exercitationem velit laudantium alias qui qui sunt.', '2003-02-27 15:03:30', '1988-11-12 13:14:21');
INSERT INTO `profiles` (`user_id`, `first_name`, `second_name`, `last_name`, `birthday`, `gender`, `phone`, `aboute_my`, `aboute_work`, `aboute_stock`, `created_at`, `updated_at`) VALUES (49, 'Bailee', 'Esperanza', 'Beier', '1990-12-04', 'm', '085.140.4495x41914', 'Nemo cum ipsa reprehenderit.', 'Sint expedita saepe nesciunt.', 'Et voluptas odio quod maiores nostrum.', '2018-08-29 07:23:34', '2009-09-14 03:27:33');
INSERT INTO `profiles` (`user_id`, `first_name`, `second_name`, `last_name`, `birthday`, `gender`, `phone`, `aboute_my`, `aboute_work`, `aboute_stock`, `created_at`, `updated_at`) VALUES (50, 'Marilyne', 'Kaylah', 'Tromp', '1977-01-01', 'm', '(854)903-3504x885', 'Rem est ea laboriosam fuga.', 'Molestiae velit eum cum nisi sed pariatur ut eligendi.', 'Hic et qui unde quia autem animi.', '1987-02-16 18:18:55', '2003-07-31 20:17:18');
INSERT INTO `profiles` (`user_id`, `first_name`, `second_name`, `last_name`, `birthday`, `gender`, `phone`, `aboute_my`, `aboute_work`, `aboute_stock`, `created_at`, `updated_at`) VALUES (51, 'Jamar', 'Adelle', 'Blick', '1993-04-06', 'm', '270-425-1733x4808', 'In necessitatibus fuga praesentium et eius.', 'Totam omnis in voluptas nostrum suscipit cupiditate.', 'Sapiente sunt repellat quod tempore aut debitis.', '2007-08-04 03:53:14', '2010-03-11 19:55:12');
INSERT INTO `profiles` (`user_id`, `first_name`, `second_name`, `last_name`, `birthday`, `gender`, `phone`, `aboute_my`, `aboute_work`, `aboute_stock`, `created_at`, `updated_at`) VALUES (52, 'Janae', 'Lempi', 'Yost', '2001-08-23', 'm', '420.234.8720x8278', 'Est omnis quidem sit hic hic illo eveniet facilis.', 'Quis minus ipsam ullam praesentium delectus sint.', 'Vitae nihil non repellendus sint veniam.', '2003-03-27 14:39:39', '2014-07-16 12:05:18');
INSERT INTO `profiles` (`user_id`, `first_name`, `second_name`, `last_name`, `birthday`, `gender`, `phone`, `aboute_my`, `aboute_work`, `aboute_stock`, `created_at`, `updated_at`) VALUES (53, 'Sherwood', 'Elfrieda', 'Turcotte', '1972-09-10', 'm', '(929)729-3873x44259', 'Sed aliquam qui eius doloremque.', 'Nobis vero voluptate ab laudantium qui.', 'Soluta quia earum voluptatibus unde aut reiciendis numquam.', '2002-05-30 06:26:06', '2017-11-14 01:21:15');
INSERT INTO `profiles` (`user_id`, `first_name`, `second_name`, `last_name`, `birthday`, `gender`, `phone`, `aboute_my`, `aboute_work`, `aboute_stock`, `created_at`, `updated_at`) VALUES (54, 'Ava', 'Bernice', 'Herman', '2007-11-30', 'w', '123-624-0649', 'Voluptatem minima deleniti at quas.', 'Commodi reprehenderit eligendi eos et aut.', 'Nemo ut possimus quam autem exercitationem iure ut.', '2000-10-11 22:50:32', '1978-08-25 05:59:39');
INSERT INTO `profiles` (`user_id`, `first_name`, `second_name`, `last_name`, `birthday`, `gender`, `phone`, `aboute_my`, `aboute_work`, `aboute_stock`, `created_at`, `updated_at`) VALUES (55, 'Salma', 'Juliet', 'Bechtelar', '2008-09-09', 'w', '1-205-915-8189x46639', 'Sed ab soluta ut.', 'Voluptatem optio consequatur deserunt eius.', 'Tenetur nobis nihil officia et repellat.', '1975-05-08 13:25:58', '1998-12-08 17:20:42');
INSERT INTO `profiles` (`user_id`, `first_name`, `second_name`, `last_name`, `birthday`, `gender`, `phone`, `aboute_my`, `aboute_work`, `aboute_stock`, `created_at`, `updated_at`) VALUES (56, 'Urban', 'Hettie', 'Barton', '1990-04-22', 'm', '674-820-5895x310', 'Asperiores quis at omnis voluptatem nulla rem quasi explicabo.', 'In vel nam iure fugiat modi.', 'Ab ipsa ipsam corrupti natus porro.', '1995-03-28 17:54:55', '1991-11-20 11:47:48');
INSERT INTO `profiles` (`user_id`, `first_name`, `second_name`, `last_name`, `birthday`, `gender`, `phone`, `aboute_my`, `aboute_work`, `aboute_stock`, `created_at`, `updated_at`) VALUES (57, 'Ali', 'Tressa', 'Bashirian', '2009-02-18', 'w', '223.334.1828', 'Dolorem est velit non eos perferendis.', 'Tenetur quia omnis qui.', 'Cupiditate quisquam consequatur et ratione est voluptatem ullam.', '2010-09-22 01:56:24', '1987-07-07 12:03:37');
INSERT INTO `profiles` (`user_id`, `first_name`, `second_name`, `last_name`, `birthday`, `gender`, `phone`, `aboute_my`, `aboute_work`, `aboute_stock`, `created_at`, `updated_at`) VALUES (58, 'Antoinette', 'Citlalli', 'Schimmel', '1985-10-24', 'w', '04041453594', 'Et laborum rerum qui commodi adipisci mollitia est.', 'Eum facere velit accusamus natus molestiae harum molestias.', 'Voluptas perspiciatis expedita cumque ipsa.', '2019-02-06 05:27:56', '2019-12-26 23:30:32');
INSERT INTO `profiles` (`user_id`, `first_name`, `second_name`, `last_name`, `birthday`, `gender`, `phone`, `aboute_my`, `aboute_work`, `aboute_stock`, `created_at`, `updated_at`) VALUES (59, 'Maximilian', 'Tiana', 'Jaskolski', '2009-08-01', 'm', '+58(3)3224835880', 'Occaecati delectus consectetur unde velit ut totam.', 'Soluta id in est veritatis autem alias.', 'Nostrum excepturi consequatur qui tempore ab eos rem consectetur.', '1999-04-20 08:07:40', '1981-02-21 06:51:03');
INSERT INTO `profiles` (`user_id`, `first_name`, `second_name`, `last_name`, `birthday`, `gender`, `phone`, `aboute_my`, `aboute_work`, `aboute_stock`, `created_at`, `updated_at`) VALUES (60, 'Fatima', 'Bernadette', 'Padberg', '1993-10-24', 'w', '071.642.6820', 'Facere qui sunt quia dolorem eaque quae.', 'Asperiores ullam excepturi ad expedita laboriosam velit.', 'Tenetur quaerat saepe dolore iste.', '2016-10-08 15:12:33', '2019-12-01 20:21:40');
INSERT INTO `profiles` (`user_id`, `first_name`, `second_name`, `last_name`, `birthday`, `gender`, `phone`, `aboute_my`, `aboute_work`, `aboute_stock`, `created_at`, `updated_at`) VALUES (61, 'Luther', 'Aniya', 'Graham', '1980-12-03', 'm', '406.117.9325x608', 'Et et nulla velit dignissimos voluptatem.', 'Placeat hic expedita tempore.', 'Qui amet commodi eligendi rem repudiandae eligendi repellendus.', '1983-01-24 05:13:08', '1984-09-11 11:03:48');
INSERT INTO `profiles` (`user_id`, `first_name`, `second_name`, `last_name`, `birthday`, `gender`, `phone`, `aboute_my`, `aboute_work`, `aboute_stock`, `created_at`, `updated_at`) VALUES (62, 'Molly', 'Juliana', 'McCullough', '1976-03-18', 'w', '194.870.5673', 'Ut omnis blanditiis dolorum quisquam unde id molestias.', 'Qui numquam delectus ipsa ut dolores.', 'Est voluptatem aut voluptatum quam aliquam.', '2020-03-26 04:56:05', '2017-10-20 13:58:34');
INSERT INTO `profiles` (`user_id`, `first_name`, `second_name`, `last_name`, `birthday`, `gender`, `phone`, `aboute_my`, `aboute_work`, `aboute_stock`, `created_at`, `updated_at`) VALUES (63, 'Kendra', 'Cassie', 'Lynch', '1979-10-12', 'w', '1-523-599-6694x930', 'Tempora porro rerum sequi officia odio aut eligendi.', 'Rerum in quos saepe dolorem in aspernatur voluptas libero.', 'Et possimus ut non.', '1980-10-03 22:59:10', '2008-03-19 02:30:43');
INSERT INTO `profiles` (`user_id`, `first_name`, `second_name`, `last_name`, `birthday`, `gender`, `phone`, `aboute_my`, `aboute_work`, `aboute_stock`, `created_at`, `updated_at`) VALUES (64, 'Romaine', 'Emmanuelle', 'Heidenreich', '1979-02-10', 'm', '06785759853', 'Numquam id non qui iure omnis autem.', 'Delectus voluptatibus eos mollitia dolores ducimus et minima.', 'Inventore sint tempora blanditiis explicabo dicta.', '1972-04-14 22:06:12', '1984-10-30 22:35:50');
INSERT INTO `profiles` (`user_id`, `first_name`, `second_name`, `last_name`, `birthday`, `gender`, `phone`, `aboute_my`, `aboute_work`, `aboute_stock`, `created_at`, `updated_at`) VALUES (65, 'Kendall', 'Sadye', 'McClure', '1973-11-29', 'm', '(811)048-4178x815', 'Corrupti quae temporibus quia quod a non aut.', 'Consequatur impedit quis ut necessitatibus numquam est.', 'Consequatur laboriosam in ut tenetur laborum.', '1993-08-06 06:50:38', '1983-03-24 21:33:28');
INSERT INTO `profiles` (`user_id`, `first_name`, `second_name`, `last_name`, `birthday`, `gender`, `phone`, `aboute_my`, `aboute_work`, `aboute_stock`, `created_at`, `updated_at`) VALUES (66, 'Burdette', 'Maud', 'Bins', '2013-09-04', 'w', '(450)178-3066x0138', 'Sint debitis vel aliquid quos laboriosam.', 'Sed ipsa porro rerum voluptatem voluptas.', 'Sunt veniam incidunt incidunt dolores.', '2014-08-28 11:35:26', '1981-09-09 03:35:12');
INSERT INTO `profiles` (`user_id`, `first_name`, `second_name`, `last_name`, `birthday`, `gender`, `phone`, `aboute_my`, `aboute_work`, `aboute_stock`, `created_at`, `updated_at`) VALUES (67, 'Moses', 'Polly', 'White', '1993-11-21', 'w', '1-039-143-1858', 'Velit velit repellendus vero adipisci.', 'Suscipit dolore quidem adipisci maxime ea.', 'Ab et eaque dignissimos officia sed.', '2001-12-03 12:36:40', '1994-03-30 06:32:51');
INSERT INTO `profiles` (`user_id`, `first_name`, `second_name`, `last_name`, `birthday`, `gender`, `phone`, `aboute_my`, `aboute_work`, `aboute_stock`, `created_at`, `updated_at`) VALUES (68, 'Jayden', 'Vincenza', 'Feil', '2008-01-07', 'w', '936.182.1854x88349', 'Facere ea nulla minima distinctio distinctio repellat quia perspiciatis.', 'Cupiditate sit aliquam deleniti ducimus sit rerum doloremque.', 'Est nulla officiis dolor.', '2008-07-03 19:03:15', '1973-04-08 09:24:42');
INSERT INTO `profiles` (`user_id`, `first_name`, `second_name`, `last_name`, `birthday`, `gender`, `phone`, `aboute_my`, `aboute_work`, `aboute_stock`, `created_at`, `updated_at`) VALUES (69, 'Jamar', 'Zoila', 'Towne', '2005-11-16', 'w', '866.962.3722x94884', 'Molestiae laudantium rerum culpa et qui neque veniam blanditiis.', 'Praesentium id ex sint nam totam qui ullam corrupti.', 'Similique est illo at ut libero eligendi laborum.', '1990-02-11 15:39:06', '2009-10-11 19:37:16');
INSERT INTO `profiles` (`user_id`, `first_name`, `second_name`, `last_name`, `birthday`, `gender`, `phone`, `aboute_my`, `aboute_work`, `aboute_stock`, `created_at`, `updated_at`) VALUES (70, 'Emile', 'Nicolette', 'Pollich', '1983-12-13', 'm', '1-180-292-2857x7376', 'Necessitatibus perspiciatis quos dolorem facere blanditiis delectus.', 'Est excepturi voluptate et sequi facere fugiat aut.', 'Maiores laboriosam animi quia.', '1998-09-30 11:54:15', '1972-06-09 09:57:57');
INSERT INTO `profiles` (`user_id`, `first_name`, `second_name`, `last_name`, `birthday`, `gender`, `phone`, `aboute_my`, `aboute_work`, `aboute_stock`, `created_at`, `updated_at`) VALUES (71, 'Kacey', 'Mollie', 'Feil', '2017-01-01', 'm', '283-004-9840x766', 'Et ut in sit sunt aut.', 'Maiores ullam consequuntur voluptas pariatur asperiores ea et voluptas.', 'At labore repudiandae harum suscipit.', '1971-05-19 21:21:53', '1994-05-23 15:45:09');
INSERT INTO `profiles` (`user_id`, `first_name`, `second_name`, `last_name`, `birthday`, `gender`, `phone`, `aboute_my`, `aboute_work`, `aboute_stock`, `created_at`, `updated_at`) VALUES (72, 'Sonia', 'Anna', 'Hintz', '1981-02-19', 'w', '1-578-999-2315x57609', 'Sapiente sed dolores vero.', 'Facere voluptatibus vitae aspernatur.', 'Iste rerum qui veniam voluptatem.', '1980-07-29 11:06:27', '1976-04-05 18:52:51');
INSERT INTO `profiles` (`user_id`, `first_name`, `second_name`, `last_name`, `birthday`, `gender`, `phone`, `aboute_my`, `aboute_work`, `aboute_stock`, `created_at`, `updated_at`) VALUES (73, 'Vincenza', 'Elena', 'Goyette', '1997-05-11', 'm', '192.562.8039', 'Dolorem minima dicta vel necessitatibus nam non cumque.', 'Minima excepturi autem quo voluptatem omnis dicta provident.', 'Magni alias nostrum fuga nesciunt consequuntur et quis.', '2007-11-14 11:12:22', '1998-04-21 06:26:22');
INSERT INTO `profiles` (`user_id`, `first_name`, `second_name`, `last_name`, `birthday`, `gender`, `phone`, `aboute_my`, `aboute_work`, `aboute_stock`, `created_at`, `updated_at`) VALUES (74, 'Edmond', 'Yvette', 'Lubowitz', '1988-06-18', 'w', '609.534.8793x72607', 'Atque qui necessitatibus commodi voluptate.', 'Vero aperiam voluptatum eaque quo occaecati aut.', 'Dolorem eaque eum expedita occaecati.', '1976-07-05 09:39:14', '1983-03-12 17:00:44');
INSERT INTO `profiles` (`user_id`, `first_name`, `second_name`, `last_name`, `birthday`, `gender`, `phone`, `aboute_my`, `aboute_work`, `aboute_stock`, `created_at`, `updated_at`) VALUES (75, 'Kaleigh', 'Jaunita', 'Franecki', '1982-07-19', 'm', '(940)155-0966', 'Quasi blanditiis magni rerum iste quasi.', 'Enim ut consequatur aliquid iste perferendis repellat nostrum ut.', 'Nam ex rerum commodi rem.', '1987-08-16 21:34:55', '2009-01-21 19:55:54');
INSERT INTO `profiles` (`user_id`, `first_name`, `second_name`, `last_name`, `birthday`, `gender`, `phone`, `aboute_my`, `aboute_work`, `aboute_stock`, `created_at`, `updated_at`) VALUES (76, 'Eloy', 'Cassandra', 'Kling', '2003-07-11', 'm', '1-938-045-0801', 'Voluptatum excepturi quibusdam non consectetur doloremque culpa dolor.', 'Quia est quis iusto.', 'Beatae ratione eius veniam doloribus.', '1971-01-15 16:18:05', '2011-09-27 22:10:57');
INSERT INTO `profiles` (`user_id`, `first_name`, `second_name`, `last_name`, `birthday`, `gender`, `phone`, `aboute_my`, `aboute_work`, `aboute_stock`, `created_at`, `updated_at`) VALUES (77, 'Wilton', 'Piper', 'Stracke', '1972-03-29', 'w', '1-291-222-6187x78133', 'Eligendi sit labore natus fugiat totam.', 'Eaque dolorem explicabo ipsum hic at occaecati.', 'Perferendis vitae aliquid quo quae assumenda.', '2009-11-18 08:56:47', '2007-07-21 07:06:49');
INSERT INTO `profiles` (`user_id`, `first_name`, `second_name`, `last_name`, `birthday`, `gender`, `phone`, `aboute_my`, `aboute_work`, `aboute_stock`, `created_at`, `updated_at`) VALUES (78, 'Jess', 'Tomasa', 'Hudson', '2013-12-22', 'w', '(674)924-2562', 'Esse ratione beatae dolor dolorum voluptate.', 'Quae atque exercitationem distinctio harum id et officiis voluptatem.', 'Omnis minus omnis sit et ut.', '1995-06-08 12:41:32', '2018-03-17 03:42:42');
INSERT INTO `profiles` (`user_id`, `first_name`, `second_name`, `last_name`, `birthday`, `gender`, `phone`, `aboute_my`, `aboute_work`, `aboute_stock`, `created_at`, `updated_at`) VALUES (79, 'Alexis', 'Grace', 'Dickinson', '1984-02-27', 'w', '(015)757-6861', 'Sed vel ipsum reprehenderit.', 'Tempore in consequatur quia assumenda porro.', 'Ad est nulla vel repellendus voluptas.', '1991-08-05 11:37:44', '1974-07-29 18:25:13');
INSERT INTO `profiles` (`user_id`, `first_name`, `second_name`, `last_name`, `birthday`, `gender`, `phone`, `aboute_my`, `aboute_work`, `aboute_stock`, `created_at`, `updated_at`) VALUES (80, 'Geovany', 'Tamara', 'Treutel', '1983-03-16', 'm', '05719812769', 'Possimus tenetur voluptate culpa ut quaerat aut.', 'Rem nobis omnis a deserunt assumenda impedit.', 'Sint ut fugiat nisi earum repellat.', '1983-07-07 18:40:28', '1981-06-21 17:54:00');
INSERT INTO `profiles` (`user_id`, `first_name`, `second_name`, `last_name`, `birthday`, `gender`, `phone`, `aboute_my`, `aboute_work`, `aboute_stock`, `created_at`, `updated_at`) VALUES (81, 'Toney', 'Kendra', 'Stark', '2010-04-22', 'm', '537.156.1776x364', 'Voluptates voluptates aut quod vitae voluptas odit velit.', 'Quo dolorum at impedit eum repellat dolor quam.', 'Velit ducimus asperiores eligendi sunt dolores quo.', '1992-09-26 19:38:54', '1984-11-06 07:40:39');
INSERT INTO `profiles` (`user_id`, `first_name`, `second_name`, `last_name`, `birthday`, `gender`, `phone`, `aboute_my`, `aboute_work`, `aboute_stock`, `created_at`, `updated_at`) VALUES (82, 'Maxine', 'Kamille', 'Russel', '1998-09-07', 'w', '1-994-042-6032x6001', 'Aut quia sit illum ipsum tempora deleniti.', 'Repellat dolores expedita in reiciendis harum vero ut voluptatibus.', 'Nihil illo rerum in amet totam temporibus quibusdam quis.', '1971-05-02 12:52:10', '2009-03-13 06:42:47');
INSERT INTO `profiles` (`user_id`, `first_name`, `second_name`, `last_name`, `birthday`, `gender`, `phone`, `aboute_my`, `aboute_work`, `aboute_stock`, `created_at`, `updated_at`) VALUES (83, 'Selina', 'Winona', 'Gorczany', '1996-01-16', 'w', '04854154501', 'Voluptatem at voluptatem sit rerum ipsa odit autem.', 'Magnam dolores non sunt quia fugit.', 'At quibusdam modi dolore saepe velit.', '1978-07-24 09:12:21', '1979-05-28 04:30:12');
INSERT INTO `profiles` (`user_id`, `first_name`, `second_name`, `last_name`, `birthday`, `gender`, `phone`, `aboute_my`, `aboute_work`, `aboute_stock`, `created_at`, `updated_at`) VALUES (84, 'Rogelio', 'Keira', 'Heathcote', '2010-03-06', 'w', '845.629.8225', 'Voluptas doloribus laudantium qui quisquam.', 'Voluptatem minima pariatur eum illum vero architecto.', 'Fugit a eius nam facilis.', '2018-08-13 10:13:26', '2015-03-23 05:16:04');
INSERT INTO `profiles` (`user_id`, `first_name`, `second_name`, `last_name`, `birthday`, `gender`, `phone`, `aboute_my`, `aboute_work`, `aboute_stock`, `created_at`, `updated_at`) VALUES (85, 'Hazel', 'Tyra', 'Treutel', '1984-07-11', 'm', '1-040-645-1726', 'Ut esse quas libero cumque.', 'Neque voluptas hic et nam facere.', 'Perspiciatis iste nemo modi deserunt nulla velit.', '1986-09-14 00:52:07', '1997-04-23 21:14:35');
INSERT INTO `profiles` (`user_id`, `first_name`, `second_name`, `last_name`, `birthday`, `gender`, `phone`, `aboute_my`, `aboute_work`, `aboute_stock`, `created_at`, `updated_at`) VALUES (86, 'Tia', 'Gertrude', 'Raynor', '1986-07-19', 'w', '200-614-7619', 'Vel reiciendis provident dolorem consequatur aspernatur consequatur voluptatem illum.', 'Amet minima exercitationem facere quia laboriosam harum.', 'Dolores ex ipsam omnis aperiam molestiae.', '2008-11-20 01:05:46', '2008-09-20 04:29:26');
INSERT INTO `profiles` (`user_id`, `first_name`, `second_name`, `last_name`, `birthday`, `gender`, `phone`, `aboute_my`, `aboute_work`, `aboute_stock`, `created_at`, `updated_at`) VALUES (87, 'Neil', 'Caterina', 'Kub', '1996-11-06', 'w', '617-274-8281x737', 'Laudantium quam atque quis et corrupti quam.', 'Enim eveniet dicta accusamus est et aut cupiditate aut.', 'Cumque id eum consequatur laborum deserunt.', '1978-01-24 16:15:03', '2016-04-19 08:29:10');
INSERT INTO `profiles` (`user_id`, `first_name`, `second_name`, `last_name`, `birthday`, `gender`, `phone`, `aboute_my`, `aboute_work`, `aboute_stock`, `created_at`, `updated_at`) VALUES (88, 'Cordia', 'Sabryna', 'Reinger', '1974-08-21', 'm', '(489)505-0260', 'Placeat architecto sed vero saepe.', 'Quas qui placeat quia nostrum laboriosam.', 'Dolores sequi vitae est quisquam qui soluta.', '1985-08-11 09:03:20', '1977-10-28 12:42:18');
INSERT INTO `profiles` (`user_id`, `first_name`, `second_name`, `last_name`, `birthday`, `gender`, `phone`, `aboute_my`, `aboute_work`, `aboute_stock`, `created_at`, `updated_at`) VALUES (89, 'Conrad', 'Alverta', 'Grant', '1994-08-11', 'm', '(229)150-2303', 'Neque quod saepe voluptatem qui doloribus velit laudantium.', 'Quae exercitationem aut ratione adipisci molestiae.', 'Sit dicta qui adipisci.', '1978-12-28 17:40:07', '1984-01-04 00:35:04');
INSERT INTO `profiles` (`user_id`, `first_name`, `second_name`, `last_name`, `birthday`, `gender`, `phone`, `aboute_my`, `aboute_work`, `aboute_stock`, `created_at`, `updated_at`) VALUES (90, 'Savannah', 'Hildegard', 'Cronin', '2011-01-03', 'w', '138-909-5279', 'Qui non ut esse facere quos ipsa et voluptatum.', 'Cumque delectus enim ea esse non sequi.', 'Ut nihil ducimus dolores itaque qui sed.', '1978-02-22 07:29:31', '1979-03-04 19:32:31');
INSERT INTO `profiles` (`user_id`, `first_name`, `second_name`, `last_name`, `birthday`, `gender`, `phone`, `aboute_my`, `aboute_work`, `aboute_stock`, `created_at`, `updated_at`) VALUES (91, 'Jany', 'Trycia', 'Rowe', '2015-12-28', 'w', '(644)784-2608', 'Quia modi maiores atque voluptatem.', 'Voluptate placeat deserunt ut quo est.', 'Voluptates deserunt recusandae aut sit doloremque laborum esse.', '2000-01-06 05:44:45', '2012-12-30 17:03:32');
INSERT INTO `profiles` (`user_id`, `first_name`, `second_name`, `last_name`, `birthday`, `gender`, `phone`, `aboute_my`, `aboute_work`, `aboute_stock`, `created_at`, `updated_at`) VALUES (92, 'Ethyl', 'Erica', 'Barton', '1974-02-27', 'w', '129-744-1147x01456', 'Doloribus aut fuga eum rerum iste adipisci.', 'Sit et minima aperiam repudiandae harum optio.', 'Quisquam nemo et enim dolorem sed.', '1982-05-01 01:19:52', '1974-11-21 20:11:25');
INSERT INTO `profiles` (`user_id`, `first_name`, `second_name`, `last_name`, `birthday`, `gender`, `phone`, `aboute_my`, `aboute_work`, `aboute_stock`, `created_at`, `updated_at`) VALUES (93, 'Nellie', 'Ciara', 'Ernser', '2009-02-12', 'm', '(287)345-6259', 'A consequatur labore amet maxime in labore aut omnis.', 'Harum aperiam qui quo aut exercitationem aut voluptatem perferendis.', 'Earum est omnis quia.', '2001-08-15 23:04:41', '1997-09-19 09:34:14');
INSERT INTO `profiles` (`user_id`, `first_name`, `second_name`, `last_name`, `birthday`, `gender`, `phone`, `aboute_my`, `aboute_work`, `aboute_stock`, `created_at`, `updated_at`) VALUES (94, 'Garrison', 'Mckayla', 'Mayert', '2001-02-09', 'm', '(409)880-9228', 'Voluptatum voluptas eveniet aut omnis pariatur reprehenderit officiis modi.', 'Tempora aut atque et laborum.', 'Impedit eligendi perspiciatis velit unde et.', '1981-11-28 04:24:36', '1972-05-19 08:29:09');
INSERT INTO `profiles` (`user_id`, `first_name`, `second_name`, `last_name`, `birthday`, `gender`, `phone`, `aboute_my`, `aboute_work`, `aboute_stock`, `created_at`, `updated_at`) VALUES (95, 'Chelsea', 'Nella', 'Graham', '1982-04-18', 'm', '334.173.0057', 'Quia ut excepturi omnis aut.', 'Aut eius autem non ut.', 'Eos repellendus magni maiores qui consequatur quis.', '1978-07-29 00:38:54', '2013-07-06 20:10:36');
INSERT INTO `profiles` (`user_id`, `first_name`, `second_name`, `last_name`, `birthday`, `gender`, `phone`, `aboute_my`, `aboute_work`, `aboute_stock`, `created_at`, `updated_at`) VALUES (96, 'Nat', 'Kiana', 'Stiedemann', '2017-01-13', 'm', '1-606-707-7717x023', 'Pariatur occaecati suscipit iure et eum.', 'Minus dolore sed et quibusdam ullam assumenda voluptatem.', 'Temporibus repellat voluptas illum ad.', '2015-02-25 06:11:34', '2017-01-28 22:01:05');
INSERT INTO `profiles` (`user_id`, `first_name`, `second_name`, `last_name`, `birthday`, `gender`, `phone`, `aboute_my`, `aboute_work`, `aboute_stock`, `created_at`, `updated_at`) VALUES (97, 'Deondre', 'Beth', 'Bins', '1976-05-13', 'w', '+96(0)8575799959', 'Ex sed quia ut consequuntur.', 'Est quod repellendus et ut velit sequi.', 'Maiores ut quis exercitationem quia delectus doloribus.', '1994-04-17 17:10:52', '1985-10-27 14:31:13');
INSERT INTO `profiles` (`user_id`, `first_name`, `second_name`, `last_name`, `birthday`, `gender`, `phone`, `aboute_my`, `aboute_work`, `aboute_stock`, `created_at`, `updated_at`) VALUES (98, 'Marielle', 'Itzel', 'Franecki', '1970-04-14', 'm', '1-887-226-3820x075', 'Ut magni accusamus et.', 'Nam explicabo incidunt et ut laudantium nihil quia.', 'Voluptatem porro et vel eveniet velit reiciendis aut.', '2010-08-05 14:40:36', '1972-08-12 09:01:14');
INSERT INTO `profiles` (`user_id`, `first_name`, `second_name`, `last_name`, `birthday`, `gender`, `phone`, `aboute_my`, `aboute_work`, `aboute_stock`, `created_at`, `updated_at`) VALUES (99, 'Claude', 'Nedra', 'Hudson', '1984-02-20', 'm', '1-372-816-6172x666', 'Nulla repellendus aspernatur inventore.', 'Laboriosam natus voluptatem laboriosam.', 'Nihil nemo fuga hic minima.', '2008-09-22 04:06:03', '2000-04-13 10:45:46');
INSERT INTO `profiles` (`user_id`, `first_name`, `second_name`, `last_name`, `birthday`, `gender`, `phone`, `aboute_my`, `aboute_work`, `aboute_stock`, `created_at`, `updated_at`) VALUES (100, 'Mervin', 'Laila', 'Batz', '2005-12-08', 'm', '(063)001-8288', 'Minus quidem et numquam atque occaecati excepturi.', 'Voluptatibus dolores id dignissimos tempora assumenda incidunt.', 'Illo sed asperiores et rerum dolores.', '2013-04-29 08:28:40', '2015-05-21 00:25:07');


#
# TABLE STRUCTURE FOR: scores
#

DROP TABLE IF EXISTS `scores`;

CREATE TABLE `scores` (
  `id` int(10) unsigned NOT NULL AUTO_INCREMENT COMMENT 'Идентификатор строки',
  `user_id` int(10) unsigned NOT NULL COMMENT 'Ссылка на пользователя',
  `score_type` enum('Фондовый счет','Срочный счет','Единый счет','MMA') COLLATE utf8_unicode_ci DEFAULT NULL COMMENT 'тип счета',
  `trading_code` varchar(50) COLLATE utf8_unicode_ci NOT NULL COMMENT 'Торговый код счета',
  `show_score` tinyint(1) NOT NULL DEFAULT 1 COMMENT 'публичность счета',
  `created_at` datetime DEFAULT current_timestamp() COMMENT 'Время подключения счета',
  `updated_at` datetime DEFAULT current_timestamp() ON UPDATE current_timestamp() COMMENT 'Время обновления строки',
  PRIMARY KEY (`id`),
  UNIQUE KEY `trading_code` (`trading_code`)
) ENGINE=InnoDB AUTO_INCREMENT=126 DEFAULT CHARSET=utf8 COLLATE=utf8_unicode_ci COMMENT='Торговые счета';

INSERT INTO `scores` (`id`, `user_id`, `score_type`, `trading_code`, `show_score`, `created_at`, `updated_at`) VALUES (1, 39, 'Срочный счет', 'eiwuyfplf', 0, '1997-04-15 03:42:40', '1991-06-17 08:28:23');
INSERT INTO `scores` (`id`, `user_id`, `score_type`, `trading_code`, `show_score`, `created_at`, `updated_at`) VALUES (2, 40, 'Единый счет', 'drmvxlkqa', 0, '1990-01-31 02:29:47', '2006-12-06 19:54:33');
INSERT INTO `scores` (`id`, `user_id`, `score_type`, `trading_code`, `show_score`, `created_at`, `updated_at`) VALUES (3, 62, 'MMA', 'blsxjuxit', 0, '2017-05-02 13:08:31', '2003-10-14 14:38:09');
INSERT INTO `scores` (`id`, `user_id`, `score_type`, `trading_code`, `show_score`, `created_at`, `updated_at`) VALUES (4, 13, 'Фондовый счет', 'ttgxkmugn', 1, '1972-10-10 22:34:13', '1971-09-25 16:50:37');
INSERT INTO `scores` (`id`, `user_id`, `score_type`, `trading_code`, `show_score`, `created_at`, `updated_at`) VALUES (5, 38, 'MMA', 'censuhwcp', 0, '2012-01-27 01:58:16', '1985-06-25 13:56:52');
INSERT INTO `scores` (`id`, `user_id`, `score_type`, `trading_code`, `show_score`, `created_at`, `updated_at`) VALUES (6, 13, 'Фондовый счет', 'llrgzsxtq', 0, '1986-03-26 19:16:10', '2010-12-07 14:39:46');
INSERT INTO `scores` (`id`, `user_id`, `score_type`, `trading_code`, `show_score`, `created_at`, `updated_at`) VALUES (7, 38, 'Фондовый счет', 'axxqomrce', 1, '2011-10-10 12:38:23', '2016-08-29 01:39:21');
INSERT INTO `scores` (`id`, `user_id`, `score_type`, `trading_code`, `show_score`, `created_at`, `updated_at`) VALUES (8, 47, 'MMA', 'kkqhqegmw', 1, '1986-04-11 18:09:01', '1998-05-19 20:49:58');
INSERT INTO `scores` (`id`, `user_id`, `score_type`, `trading_code`, `show_score`, `created_at`, `updated_at`) VALUES (9, 11, 'Срочный счет', 'bqnseejnl', 1, '1970-04-16 15:38:59', '2018-03-13 18:42:02');
INSERT INTO `scores` (`id`, `user_id`, `score_type`, `trading_code`, `show_score`, `created_at`, `updated_at`) VALUES (10, 34, 'Срочный счет', 'nkbhvkbfj', 1, '2010-05-08 00:46:38', '1972-04-19 20:56:57');
INSERT INTO `scores` (`id`, `user_id`, `score_type`, `trading_code`, `show_score`, `created_at`, `updated_at`) VALUES (11, 29, 'Фондовый счет', 'zvxgedged', 1, '1990-02-17 06:17:40', '2002-05-21 10:50:14');
INSERT INTO `scores` (`id`, `user_id`, `score_type`, `trading_code`, `show_score`, `created_at`, `updated_at`) VALUES (12, 83, 'Срочный счет', 'fkplixyrn', 1, '1993-11-22 15:10:42', '1986-04-02 20:58:43');
INSERT INTO `scores` (`id`, `user_id`, `score_type`, `trading_code`, `show_score`, `created_at`, `updated_at`) VALUES (13, 12, 'Срочный счет', 'qxgukdoye', 1, '1982-02-03 23:46:46', '2007-07-16 03:09:08');
INSERT INTO `scores` (`id`, `user_id`, `score_type`, `trading_code`, `show_score`, `created_at`, `updated_at`) VALUES (14, 38, 'Единый счет', 'uctlkqzlm', 1, '2009-10-27 19:55:58', '2006-06-05 20:42:07');
INSERT INTO `scores` (`id`, `user_id`, `score_type`, `trading_code`, `show_score`, `created_at`, `updated_at`) VALUES (15, 59, 'Срочный счет', 'ohmbohaxd', 1, '2009-09-09 23:06:29', '2014-01-31 01:06:42');
INSERT INTO `scores` (`id`, `user_id`, `score_type`, `trading_code`, `show_score`, `created_at`, `updated_at`) VALUES (16, 45, 'MMA', 'udgbnfisp', 0, '2020-04-28 11:32:31', '2012-04-23 21:53:45');
INSERT INTO `scores` (`id`, `user_id`, `score_type`, `trading_code`, `show_score`, `created_at`, `updated_at`) VALUES (17, 56, 'Единый счет', 'hlcofwsjx', 0, '2019-12-02 20:26:20', '1973-11-17 01:49:11');
INSERT INTO `scores` (`id`, `user_id`, `score_type`, `trading_code`, `show_score`, `created_at`, `updated_at`) VALUES (18, 11, 'MMA', 'jbamsuccl', 1, '1979-12-25 23:36:50', '1993-07-25 23:07:19');
INSERT INTO `scores` (`id`, `user_id`, `score_type`, `trading_code`, `show_score`, `created_at`, `updated_at`) VALUES (19, 45, 'Фондовый счет', 'ijvuhhfat', 1, '1996-12-31 07:15:36', '1999-08-15 00:00:42');
INSERT INTO `scores` (`id`, `user_id`, `score_type`, `trading_code`, `show_score`, `created_at`, `updated_at`) VALUES (20, 17, 'Фондовый счет', 'citfbnfjn', 0, '1971-12-23 08:56:37', '2003-03-27 16:17:51');
INSERT INTO `scores` (`id`, `user_id`, `score_type`, `trading_code`, `show_score`, `created_at`, `updated_at`) VALUES (21, 16, 'MMA', 'koncivlla', 1, '2000-07-10 02:01:04', '2015-11-23 10:14:19');
INSERT INTO `scores` (`id`, `user_id`, `score_type`, `trading_code`, `show_score`, `created_at`, `updated_at`) VALUES (22, 86, 'Единый счет', 'zzfhzqoev', 0, '2016-06-29 13:39:53', '1977-04-08 11:44:40');
INSERT INTO `scores` (`id`, `user_id`, `score_type`, `trading_code`, `show_score`, `created_at`, `updated_at`) VALUES (23, 76, 'Единый счет', 'bhsbnjkic', 0, '2000-07-12 18:10:29', '1993-06-14 02:15:33');
INSERT INTO `scores` (`id`, `user_id`, `score_type`, `trading_code`, `show_score`, `created_at`, `updated_at`) VALUES (24, 18, 'Единый счет', 'dppfljgat', 1, '1977-07-07 23:11:58', '1982-06-11 20:33:05');
INSERT INTO `scores` (`id`, `user_id`, `score_type`, `trading_code`, `show_score`, `created_at`, `updated_at`) VALUES (25, 51, 'Срочный счет', 'dgcasjpcr', 1, '1972-10-27 23:49:21', '1980-01-03 14:56:35');
INSERT INTO `scores` (`id`, `user_id`, `score_type`, `trading_code`, `show_score`, `created_at`, `updated_at`) VALUES (26, 52, 'Единый счет', 'wzqsxwsbt', 0, '2000-12-18 01:00:24', '2009-01-13 17:25:57');
INSERT INTO `scores` (`id`, `user_id`, `score_type`, `trading_code`, `show_score`, `created_at`, `updated_at`) VALUES (27, 48, 'Фондовый счет', 'gmubmfutn', 0, '2002-09-17 05:38:41', '1998-07-29 20:51:12');
INSERT INTO `scores` (`id`, `user_id`, `score_type`, `trading_code`, `show_score`, `created_at`, `updated_at`) VALUES (28, 33, 'Единый счет', 'aqamuvygs', 1, '1991-04-29 23:42:18', '1982-02-24 11:49:09');
INSERT INTO `scores` (`id`, `user_id`, `score_type`, `trading_code`, `show_score`, `created_at`, `updated_at`) VALUES (29, 7, 'Фондовый счет', 'igomqmjtf', 1, '1981-04-25 11:28:51', '2000-11-10 01:13:57');
INSERT INTO `scores` (`id`, `user_id`, `score_type`, `trading_code`, `show_score`, `created_at`, `updated_at`) VALUES (30, 90, 'Единый счет', 'yhawdybgo', 1, '2003-01-11 07:09:01', '1989-02-21 11:15:45');
INSERT INTO `scores` (`id`, `user_id`, `score_type`, `trading_code`, `show_score`, `created_at`, `updated_at`) VALUES (31, 63, 'Срочный счет', 'eoddltmjr', 0, '2010-02-01 21:33:37', '2018-04-12 15:29:30');
INSERT INTO `scores` (`id`, `user_id`, `score_type`, `trading_code`, `show_score`, `created_at`, `updated_at`) VALUES (32, 53, 'Фондовый счет', 'yxzmpqzkn', 1, '2001-01-17 09:08:35', '1993-10-14 15:24:04');
INSERT INTO `scores` (`id`, `user_id`, `score_type`, `trading_code`, `show_score`, `created_at`, `updated_at`) VALUES (33, 11, 'MMA', 'hktaxghyy', 0, '1990-05-04 09:55:27', '1998-11-16 00:15:19');
INSERT INTO `scores` (`id`, `user_id`, `score_type`, `trading_code`, `show_score`, `created_at`, `updated_at`) VALUES (34, 6, 'Единый счет', 'vnarglpdq', 1, '2010-01-09 23:42:44', '2010-09-03 06:47:19');
INSERT INTO `scores` (`id`, `user_id`, `score_type`, `trading_code`, `show_score`, `created_at`, `updated_at`) VALUES (35, 75, 'Срочный счет', 'tjywicwke', 0, '2012-09-13 16:55:53', '1990-07-14 22:33:19');
INSERT INTO `scores` (`id`, `user_id`, `score_type`, `trading_code`, `show_score`, `created_at`, `updated_at`) VALUES (36, 90, 'Фондовый счет', 'yxhfinftd', 1, '1982-01-19 04:21:51', '2002-08-16 00:40:32');
INSERT INTO `scores` (`id`, `user_id`, `score_type`, `trading_code`, `show_score`, `created_at`, `updated_at`) VALUES (37, 72, 'Единый счет', 'wttvmpnvl', 1, '1976-07-06 01:36:48', '2000-08-21 09:34:29');
INSERT INTO `scores` (`id`, `user_id`, `score_type`, `trading_code`, `show_score`, `created_at`, `updated_at`) VALUES (38, 26, 'MMA', 'dlhtzixxw', 0, '2015-01-25 11:27:59', '1984-11-09 08:00:57');
INSERT INTO `scores` (`id`, `user_id`, `score_type`, `trading_code`, `show_score`, `created_at`, `updated_at`) VALUES (39, 89, 'Срочный счет', 'iewnerbgp', 1, '2015-05-21 02:49:23', '1999-06-12 01:04:55');
INSERT INTO `scores` (`id`, `user_id`, `score_type`, `trading_code`, `show_score`, `created_at`, `updated_at`) VALUES (40, 80, 'Фондовый счет', 'ztzmaeqld', 0, '1989-12-01 10:28:01', '1993-05-15 12:21:38');
INSERT INTO `scores` (`id`, `user_id`, `score_type`, `trading_code`, `show_score`, `created_at`, `updated_at`) VALUES (41, 81, 'Срочный счет', 'gqqbnacbl', 1, '1982-10-16 05:07:39', '1974-04-03 11:22:51');
INSERT INTO `scores` (`id`, `user_id`, `score_type`, `trading_code`, `show_score`, `created_at`, `updated_at`) VALUES (42, 31, 'Единый счет', 'tfoxwnodt', 1, '2003-06-29 13:07:45', '1996-06-05 08:00:12');
INSERT INTO `scores` (`id`, `user_id`, `score_type`, `trading_code`, `show_score`, `created_at`, `updated_at`) VALUES (43, 40, 'Фондовый счет', 'cnknvbynn', 1, '2020-05-07 10:26:10', '1989-08-23 14:25:01');
INSERT INTO `scores` (`id`, `user_id`, `score_type`, `trading_code`, `show_score`, `created_at`, `updated_at`) VALUES (44, 49, 'MMA', 'xybhlbcdi', 0, '2014-05-01 02:55:24', '2001-12-03 11:38:35');
INSERT INTO `scores` (`id`, `user_id`, `score_type`, `trading_code`, `show_score`, `created_at`, `updated_at`) VALUES (45, 42, 'Единый счет', 'ahfpdazdq', 0, '1984-01-10 10:13:31', '2019-08-04 05:10:00');
INSERT INTO `scores` (`id`, `user_id`, `score_type`, `trading_code`, `show_score`, `created_at`, `updated_at`) VALUES (46, 33, 'Фондовый счет', 'luftmiboo', 1, '1984-06-13 16:05:49', '1975-04-08 02:27:14');
INSERT INTO `scores` (`id`, `user_id`, `score_type`, `trading_code`, `show_score`, `created_at`, `updated_at`) VALUES (47, 3, 'Единый счет', 'whoqvtxgf', 0, '1998-12-11 19:24:53', '1980-12-01 07:13:00');
INSERT INTO `scores` (`id`, `user_id`, `score_type`, `trading_code`, `show_score`, `created_at`, `updated_at`) VALUES (48, 64, 'Фондовый счет', 'qgcypnvng', 1, '2000-05-30 07:33:44', '1994-06-09 16:36:52');
INSERT INTO `scores` (`id`, `user_id`, `score_type`, `trading_code`, `show_score`, `created_at`, `updated_at`) VALUES (49, 47, 'Фондовый счет', 'lygsbwvnf', 0, '2006-01-31 00:51:08', '2019-09-10 08:03:28');
INSERT INTO `scores` (`id`, `user_id`, `score_type`, `trading_code`, `show_score`, `created_at`, `updated_at`) VALUES (50, 35, 'Срочный счет', 'ftnvettmn', 1, '1973-04-29 21:11:46', '1982-06-26 00:41:39');
INSERT INTO `scores` (`id`, `user_id`, `score_type`, `trading_code`, `show_score`, `created_at`, `updated_at`) VALUES (51, 62, 'MMA', 'lfhahdapd', 0, '1977-11-01 15:37:16', '2018-01-06 18:48:31');
INSERT INTO `scores` (`id`, `user_id`, `score_type`, `trading_code`, `show_score`, `created_at`, `updated_at`) VALUES (52, 49, 'Срочный счет', 'fbkljnwdz', 1, '1992-09-23 12:05:26', '2020-01-26 10:21:31');
INSERT INTO `scores` (`id`, `user_id`, `score_type`, `trading_code`, `show_score`, `created_at`, `updated_at`) VALUES (53, 80, 'Единый счет', 'mwakbzhrx', 1, '2015-01-10 15:18:21', '1998-08-11 21:45:55');
INSERT INTO `scores` (`id`, `user_id`, `score_type`, `trading_code`, `show_score`, `created_at`, `updated_at`) VALUES (54, 80, 'Единый счет', 'hoqnbvljx', 0, '1987-06-24 19:39:54', '1993-03-26 17:24:20');
INSERT INTO `scores` (`id`, `user_id`, `score_type`, `trading_code`, `show_score`, `created_at`, `updated_at`) VALUES (55, 36, 'MMA', 'parrqfmnu', 1, '1978-09-24 07:13:47', '2003-07-01 20:53:04');
INSERT INTO `scores` (`id`, `user_id`, `score_type`, `trading_code`, `show_score`, `created_at`, `updated_at`) VALUES (56, 93, 'Единый счет', 'smpalryhn', 1, '2012-12-02 00:47:40', '1975-05-04 09:19:31');
INSERT INTO `scores` (`id`, `user_id`, `score_type`, `trading_code`, `show_score`, `created_at`, `updated_at`) VALUES (57, 41, 'Фондовый счет', 'nsqmpalnh', 1, '2008-01-05 23:08:54', '1988-03-15 04:03:41');
INSERT INTO `scores` (`id`, `user_id`, `score_type`, `trading_code`, `show_score`, `created_at`, `updated_at`) VALUES (58, 53, 'Фондовый счет', 'xbizudrnd', 0, '2019-04-11 05:39:27', '1992-01-27 03:19:18');
INSERT INTO `scores` (`id`, `user_id`, `score_type`, `trading_code`, `show_score`, `created_at`, `updated_at`) VALUES (59, 98, 'Срочный счет', 'cgejjvagu', 1, '1974-03-13 10:22:26', '1975-02-08 05:54:10');
INSERT INTO `scores` (`id`, `user_id`, `score_type`, `trading_code`, `show_score`, `created_at`, `updated_at`) VALUES (60, 49, 'MMA', 'refbbgbxg', 0, '2006-04-13 11:59:19', '2000-08-15 01:08:46');
INSERT INTO `scores` (`id`, `user_id`, `score_type`, `trading_code`, `show_score`, `created_at`, `updated_at`) VALUES (61, 52, 'Срочный счет', 'pyaflzxul', 0, '1972-06-01 21:21:07', '1972-01-22 16:50:57');
INSERT INTO `scores` (`id`, `user_id`, `score_type`, `trading_code`, `show_score`, `created_at`, `updated_at`) VALUES (62, 96, 'MMA', 'yhscvzghb', 1, '1977-12-28 02:52:10', '2009-10-27 16:55:05');
INSERT INTO `scores` (`id`, `user_id`, `score_type`, `trading_code`, `show_score`, `created_at`, `updated_at`) VALUES (63, 21, 'MMA', 'kknulzlfl', 1, '1991-09-22 05:12:02', '2000-05-19 01:12:48');
INSERT INTO `scores` (`id`, `user_id`, `score_type`, `trading_code`, `show_score`, `created_at`, `updated_at`) VALUES (64, 49, 'Срочный счет', 'nmzognzaf', 1, '1979-05-26 23:00:56', '1974-01-13 03:11:20');
INSERT INTO `scores` (`id`, `user_id`, `score_type`, `trading_code`, `show_score`, `created_at`, `updated_at`) VALUES (65, 53, 'Фондовый счет', 'pzjtiizoz', 0, '2015-11-27 21:03:05', '1995-02-12 22:42:06');
INSERT INTO `scores` (`id`, `user_id`, `score_type`, `trading_code`, `show_score`, `created_at`, `updated_at`) VALUES (66, 78, 'MMA', 'fhuzrscag', 0, '1986-09-13 11:46:13', '2013-03-23 13:30:24');
INSERT INTO `scores` (`id`, `user_id`, `score_type`, `trading_code`, `show_score`, `created_at`, `updated_at`) VALUES (67, 19, 'MMA', 'tfkjvexfl', 1, '2012-10-07 06:10:04', '2020-02-05 04:14:37');
INSERT INTO `scores` (`id`, `user_id`, `score_type`, `trading_code`, `show_score`, `created_at`, `updated_at`) VALUES (68, 12, 'MMA', 'bbngkxkmu', 1, '2006-11-18 02:49:19', '2001-08-20 08:09:14');
INSERT INTO `scores` (`id`, `user_id`, `score_type`, `trading_code`, `show_score`, `created_at`, `updated_at`) VALUES (69, 4, 'Единый счет', 'wccwiuhkl', 0, '1972-04-27 11:25:58', '2003-03-29 21:20:16');
INSERT INTO `scores` (`id`, `user_id`, `score_type`, `trading_code`, `show_score`, `created_at`, `updated_at`) VALUES (70, 93, 'Фондовый счет', 'momysdnkw', 1, '1980-09-19 19:58:45', '1986-01-02 00:07:37');
INSERT INTO `scores` (`id`, `user_id`, `score_type`, `trading_code`, `show_score`, `created_at`, `updated_at`) VALUES (71, 42, 'Единый счет', 'kqffpmduu', 0, '1977-05-02 12:31:14', '1981-01-09 17:50:29');
INSERT INTO `scores` (`id`, `user_id`, `score_type`, `trading_code`, `show_score`, `created_at`, `updated_at`) VALUES (72, 92, 'Фондовый счет', 'rufsnpgfd', 1, '1977-06-19 23:36:01', '1988-01-12 11:21:42');
INSERT INTO `scores` (`id`, `user_id`, `score_type`, `trading_code`, `show_score`, `created_at`, `updated_at`) VALUES (73, 31, 'Срочный счет', 'puncmrhgf', 1, '2017-03-06 16:21:59', '1972-02-09 08:49:25');
INSERT INTO `scores` (`id`, `user_id`, `score_type`, `trading_code`, `show_score`, `created_at`, `updated_at`) VALUES (74, 28, 'Единый счет', 'btysofwef', 1, '1978-05-25 06:29:37', '1993-05-18 10:27:48');
INSERT INTO `scores` (`id`, `user_id`, `score_type`, `trading_code`, `show_score`, `created_at`, `updated_at`) VALUES (75, 94, 'Единый счет', 'nmkjifawi', 1, '1984-08-19 02:24:12', '1973-03-01 05:17:06');
INSERT INTO `scores` (`id`, `user_id`, `score_type`, `trading_code`, `show_score`, `created_at`, `updated_at`) VALUES (76, 85, 'MMA', 'jbkqmahps', 0, '2019-06-18 11:45:04', '1976-02-08 11:12:19');
INSERT INTO `scores` (`id`, `user_id`, `score_type`, `trading_code`, `show_score`, `created_at`, `updated_at`) VALUES (77, 33, 'MMA', 'hhrsoyffn', 1, '1970-08-12 14:06:21', '1975-12-27 20:56:37');
INSERT INTO `scores` (`id`, `user_id`, `score_type`, `trading_code`, `show_score`, `created_at`, `updated_at`) VALUES (78, 20, 'Единый счет', 'iimecdgna', 1, '1970-02-14 12:14:51', '1989-04-04 06:59:53');
INSERT INTO `scores` (`id`, `user_id`, `score_type`, `trading_code`, `show_score`, `created_at`, `updated_at`) VALUES (79, 74, 'MMA', 'wdqrozvwc', 1, '1970-01-11 00:23:40', '1997-01-04 01:37:08');
INSERT INTO `scores` (`id`, `user_id`, `score_type`, `trading_code`, `show_score`, `created_at`, `updated_at`) VALUES (80, 17, 'Единый счет', 'ehzkwfnew', 0, '1989-07-06 00:54:19', '2003-08-01 22:25:31');
INSERT INTO `scores` (`id`, `user_id`, `score_type`, `trading_code`, `show_score`, `created_at`, `updated_at`) VALUES (81, 12, 'MMA', 'fksuboxwh', 0, '2004-08-04 09:34:11', '1987-08-26 07:51:46');
INSERT INTO `scores` (`id`, `user_id`, `score_type`, `trading_code`, `show_score`, `created_at`, `updated_at`) VALUES (82, 42, 'Срочный счет', 'hldolukpm', 0, '1970-10-07 17:09:34', '1995-06-07 17:04:10');
INSERT INTO `scores` (`id`, `user_id`, `score_type`, `trading_code`, `show_score`, `created_at`, `updated_at`) VALUES (83, 96, 'Фондовый счет', 'sdanehulu', 0, '2011-12-08 10:12:03', '1972-04-25 02:53:44');
INSERT INTO `scores` (`id`, `user_id`, `score_type`, `trading_code`, `show_score`, `created_at`, `updated_at`) VALUES (84, 88, 'Фондовый счет', 'mnebwvmxg', 1, '1971-03-23 11:03:22', '1996-11-06 19:33:38');
INSERT INTO `scores` (`id`, `user_id`, `score_type`, `trading_code`, `show_score`, `created_at`, `updated_at`) VALUES (85, 2, 'Фондовый счет', 'gzfgyfiok', 1, '2017-06-09 17:02:56', '2009-09-14 20:16:11');
INSERT INTO `scores` (`id`, `user_id`, `score_type`, `trading_code`, `show_score`, `created_at`, `updated_at`) VALUES (86, 5, 'Единый счет', 'ntswnttmq', 0, '2007-08-14 22:58:10', '2018-10-07 21:00:57');
INSERT INTO `scores` (`id`, `user_id`, `score_type`, `trading_code`, `show_score`, `created_at`, `updated_at`) VALUES (87, 4, 'Срочный счет', 'hzpyhrjce', 0, '1981-08-04 08:54:41', '2004-06-16 11:28:54');
INSERT INTO `scores` (`id`, `user_id`, `score_type`, `trading_code`, `show_score`, `created_at`, `updated_at`) VALUES (88, 23, 'Срочный счет', 'qaepcrczl', 0, '2001-10-04 05:46:55', '2004-08-06 16:38:12');
INSERT INTO `scores` (`id`, `user_id`, `score_type`, `trading_code`, `show_score`, `created_at`, `updated_at`) VALUES (89, 5, 'Единый счет', 'rtaqgjfnw', 1, '2011-04-01 14:19:40', '1992-07-30 22:03:48');
INSERT INTO `scores` (`id`, `user_id`, `score_type`, `trading_code`, `show_score`, `created_at`, `updated_at`) VALUES (90, 27, 'MMA', 'zhsgvehya', 0, '1974-12-09 17:34:21', '2002-09-17 09:36:45');
INSERT INTO `scores` (`id`, `user_id`, `score_type`, `trading_code`, `show_score`, `created_at`, `updated_at`) VALUES (91, 95, 'Единый счет', 'luzzssbhf', 0, '2001-06-22 10:40:33', '1983-12-29 14:11:29');
INSERT INTO `scores` (`id`, `user_id`, `score_type`, `trading_code`, `show_score`, `created_at`, `updated_at`) VALUES (92, 79, 'Фондовый счет', 'kpwooqbqn', 1, '1995-01-23 15:51:04', '2015-09-06 14:50:22');
INSERT INTO `scores` (`id`, `user_id`, `score_type`, `trading_code`, `show_score`, `created_at`, `updated_at`) VALUES (93, 72, 'MMA', 'gcpzbgbhy', 0, '1973-06-08 04:44:48', '1979-08-25 12:43:39');
INSERT INTO `scores` (`id`, `user_id`, `score_type`, `trading_code`, `show_score`, `created_at`, `updated_at`) VALUES (94, 74, 'Фондовый счет', 'rewvnirij', 0, '1999-11-09 23:54:39', '2005-01-16 09:10:29');
INSERT INTO `scores` (`id`, `user_id`, `score_type`, `trading_code`, `show_score`, `created_at`, `updated_at`) VALUES (95, 97, 'Фондовый счет', 'ahsyigoyz', 1, '1990-06-14 17:01:19', '2007-04-04 18:32:26');
INSERT INTO `scores` (`id`, `user_id`, `score_type`, `trading_code`, `show_score`, `created_at`, `updated_at`) VALUES (96, 51, 'MMA', 'dubqzsscb', 0, '2012-07-01 00:03:53', '2014-11-26 15:24:36');
INSERT INTO `scores` (`id`, `user_id`, `score_type`, `trading_code`, `show_score`, `created_at`, `updated_at`) VALUES (97, 17, 'MMA', 'fstmpgebu', 1, '1986-03-22 01:57:19', '1986-06-24 16:15:55');
INSERT INTO `scores` (`id`, `user_id`, `score_type`, `trading_code`, `show_score`, `created_at`, `updated_at`) VALUES (98, 20, 'Срочный счет', 'aowncitin', 0, '2015-04-11 10:18:58', '1989-02-02 12:15:33');
INSERT INTO `scores` (`id`, `user_id`, `score_type`, `trading_code`, `show_score`, `created_at`, `updated_at`) VALUES (99, 10, 'Срочный счет', 'jfgpgmteh', 0, '2019-06-27 22:37:54', '2003-05-20 11:20:12');
INSERT INTO `scores` (`id`, `user_id`, `score_type`, `trading_code`, `show_score`, `created_at`, `updated_at`) VALUES (100, 60, 'Срочный счет', 'hmxzgqyav', 0, '1976-06-16 04:12:04', '1996-10-01 04:53:05');
INSERT INTO `scores` (`id`, `user_id`, `score_type`, `trading_code`, `show_score`, `created_at`, `updated_at`) VALUES (101, 20, 'Срочный счет', 'bzoetsigi', 1, '2007-05-30 21:39:13', '2019-12-31 21:20:28');
INSERT INTO `scores` (`id`, `user_id`, `score_type`, `trading_code`, `show_score`, `created_at`, `updated_at`) VALUES (102, 29, 'Срочный счет', 'oobzviuxm', 1, '1995-05-31 20:26:55', '1974-11-27 14:54:04');
INSERT INTO `scores` (`id`, `user_id`, `score_type`, `trading_code`, `show_score`, `created_at`, `updated_at`) VALUES (103, 31, 'Единый счет', 'tshpqsfqx', 1, '2005-09-01 12:38:11', '1974-08-22 04:49:07');
INSERT INTO `scores` (`id`, `user_id`, `score_type`, `trading_code`, `show_score`, `created_at`, `updated_at`) VALUES (104, 63, 'Срочный счет', 'bumqwwzwz', 0, '2005-01-09 01:08:52', '2007-08-10 13:27:42');
INSERT INTO `scores` (`id`, `user_id`, `score_type`, `trading_code`, `show_score`, `created_at`, `updated_at`) VALUES (105, 4, 'Срочный счет', 'keilqbwov', 0, '1999-01-17 03:14:35', '2016-06-21 02:52:33');
INSERT INTO `scores` (`id`, `user_id`, `score_type`, `trading_code`, `show_score`, `created_at`, `updated_at`) VALUES (106, 5, 'MMA', 'irmsfvlrp', 0, '1975-12-18 07:28:00', '2008-12-28 18:06:10');
INSERT INTO `scores` (`id`, `user_id`, `score_type`, `trading_code`, `show_score`, `created_at`, `updated_at`) VALUES (107, 81, 'Фондовый счет', 'sankpmvtq', 0, '1992-11-03 01:28:04', '1993-06-28 23:52:19');
INSERT INTO `scores` (`id`, `user_id`, `score_type`, `trading_code`, `show_score`, `created_at`, `updated_at`) VALUES (108, 54, 'MMA', 'cnjkdpffv', 1, '2004-11-18 02:34:25', '2008-03-20 12:15:16');
INSERT INTO `scores` (`id`, `user_id`, `score_type`, `trading_code`, `show_score`, `created_at`, `updated_at`) VALUES (109, 6, 'Срочный счет', 'ktwwiazjn', 1, '1998-02-09 11:56:20', '1974-05-07 07:57:55');
INSERT INTO `scores` (`id`, `user_id`, `score_type`, `trading_code`, `show_score`, `created_at`, `updated_at`) VALUES (110, 94, 'Единый счет', 'tqkrjchin', 0, '1984-07-04 01:41:48', '2010-02-03 08:59:54');
INSERT INTO `scores` (`id`, `user_id`, `score_type`, `trading_code`, `show_score`, `created_at`, `updated_at`) VALUES (111, 39, 'Единый счет', 'jfskyslvg', 1, '1977-02-26 00:52:30', '1990-02-03 11:53:14');
INSERT INTO `scores` (`id`, `user_id`, `score_type`, `trading_code`, `show_score`, `created_at`, `updated_at`) VALUES (112, 93, 'Срочный счет', 'rdrulkymu', 0, '2019-03-20 16:00:43', '2014-11-30 02:21:53');
INSERT INTO `scores` (`id`, `user_id`, `score_type`, `trading_code`, `show_score`, `created_at`, `updated_at`) VALUES (113, 66, 'Единый счет', 'ugyjymehc', 1, '1977-11-19 19:27:31', '1986-10-02 04:13:03');
INSERT INTO `scores` (`id`, `user_id`, `score_type`, `trading_code`, `show_score`, `created_at`, `updated_at`) VALUES (114, 38, 'Единый счет', 'jxgptunyb', 0, '2019-04-14 08:15:51', '1973-01-12 19:01:58');
INSERT INTO `scores` (`id`, `user_id`, `score_type`, `trading_code`, `show_score`, `created_at`, `updated_at`) VALUES (115, 5, 'Фондовый счет', 'gxwnfezid', 1, '2011-09-25 16:00:17', '2008-11-28 09:00:00');
INSERT INTO `scores` (`id`, `user_id`, `score_type`, `trading_code`, `show_score`, `created_at`, `updated_at`) VALUES (116, 71, 'Фондовый счет', 'idmtueaqn', 1, '1989-06-04 16:26:59', '2016-06-05 04:29:51');
INSERT INTO `scores` (`id`, `user_id`, `score_type`, `trading_code`, `show_score`, `created_at`, `updated_at`) VALUES (117, 92, 'MMA', 'kpultgqbs', 0, '1986-10-02 11:34:16', '2013-12-12 12:16:08');
INSERT INTO `scores` (`id`, `user_id`, `score_type`, `trading_code`, `show_score`, `created_at`, `updated_at`) VALUES (118, 29, 'Единый счет', 'qlpjlyzss', 0, '1974-12-23 18:56:15', '2001-05-11 17:27:16');
INSERT INTO `scores` (`id`, `user_id`, `score_type`, `trading_code`, `show_score`, `created_at`, `updated_at`) VALUES (119, 32, 'Фондовый счет', 'hyhcdqixc', 0, '1977-04-07 16:34:19', '2009-10-21 19:28:48');
INSERT INTO `scores` (`id`, `user_id`, `score_type`, `trading_code`, `show_score`, `created_at`, `updated_at`) VALUES (120, 90, 'Фондовый счет', 'kwncqphur', 0, '2018-06-25 02:36:05', '2005-05-31 07:11:43');
INSERT INTO `scores` (`id`, `user_id`, `score_type`, `trading_code`, `show_score`, `created_at`, `updated_at`) VALUES (121, 61, 'Фондовый счет', 'jbszrarom', 0, '1976-06-19 13:47:50', '2002-05-13 14:50:44');
INSERT INTO `scores` (`id`, `user_id`, `score_type`, `trading_code`, `show_score`, `created_at`, `updated_at`) VALUES (122, 92, 'MMA', 'pnwrrqwic', 0, '2004-08-14 23:09:02', '1978-11-30 03:59:55');
INSERT INTO `scores` (`id`, `user_id`, `score_type`, `trading_code`, `show_score`, `created_at`, `updated_at`) VALUES (123, 68, 'Единый счет', 'fqhwdicwr', 0, '2000-02-29 09:57:33', '1991-11-06 15:55:32');
INSERT INTO `scores` (`id`, `user_id`, `score_type`, `trading_code`, `show_score`, `created_at`, `updated_at`) VALUES (124, 98, 'Фондовый счет', 'hdeldugjm', 0, '1971-05-13 06:23:09', '1981-08-12 20:53:47');
INSERT INTO `scores` (`id`, `user_id`, `score_type`, `trading_code`, `show_score`, `created_at`, `updated_at`) VALUES (125, 14, 'Срочный счет', 'rpmdmdrtu', 0, '2000-11-23 20:25:30', '1987-09-03 07:40:39');


#
# TABLE STRUCTURE FOR: strategy
#

DROP TABLE IF EXISTS `strategy`;

CREATE TABLE `strategy` (
  `id` int(10) unsigned NOT NULL AUTO_INCREMENT COMMENT 'Идентификатор строки',
  `user_id` int(10) unsigned NOT NULL COMMENT 'Ссылка на пользователя - автора стратегии',
  `name` varchar(100) COLLATE utf8_unicode_ci NOT NULL COMMENT 'название стратегии',
  `score_id` int(10) unsigned NOT NULL COMMENT 'Ссылка на счет',
  `text_message` blob DEFAULT NULL COMMENT 'описание стратегии',
  `statistics` longtext CHARACTER SET utf8mb4 COLLATE utf8mb4_bin DEFAULT NULL COMMENT 'Статистика по стратегии' CHECK (json_valid(`statistics`)),
  `min_summa` int(10) unsigned NOT NULL COMMENT 'Минимальная рекоменованная сумма',
  `Profit` float NOT NULL DEFAULT 0 COMMENT 'доходность за весь срок',
  `prosadka` float NOT NULL DEFAULT 0 COMMENT 'Дата начала работы стратегии',
  `ita` float NOT NULL DEFAULT 0 COMMENT 'Индекс частоты сделок',
  `dopnik_avto_id` int(10) unsigned NOT NULL COMMENT 'Ссылка на таблицу допников на автоследования',
  `avto_status` tinyint(1) NOT NULL DEFAULT 1 COMMENT 'Активна ли стратегия для подключения автоследования',
  `dopnik_signal_id` int(10) unsigned NOT NULL COMMENT 'Ссылка на таблицу допников на сигналы',
  `signal_status` tinyint(1) NOT NULL DEFAULT 1 COMMENT 'Активна ли стратегия для подключения сигналов',
  `risk_profile` enum('Консервативный','Умеренный','Агрессивный') COLLATE utf8_unicode_ci DEFAULT NULL COMMENT 'Риск профиль',
  `begin_date` datetime DEFAULT current_timestamp() COMMENT 'Дата начала работы стратегии',
  `updated_at` datetime DEFAULT current_timestamp() ON UPDATE current_timestamp() COMMENT 'Время обновления строки',
  PRIMARY KEY (`id`),
  UNIQUE KEY `name` (`name`)
) ENGINE=InnoDB DEFAULT CHARSET=utf8 COLLATE=utf8_unicode_ci COMMENT='Список доп соглашений сигналов';

#
# TABLE STRUCTURE FOR: users
#

DROP TABLE IF EXISTS `users`;

CREATE TABLE `users` (
  `id` int(10) unsigned NOT NULL AUTO_INCREMENT COMMENT 'Идентификатор строки',
  `nik` varchar(100) COLLATE utf8_unicode_ci NOT NULL COMMENT 'НИК пользователя',
  `email` varchar(100) COLLATE utf8_unicode_ci NOT NULL COMMENT 'Почта',
  `Avatar` varchar(100) COLLATE utf8_unicode_ci DEFAULT NULL COMMENT 'Аватар',
  `password` varchar(100) COLLATE utf8_unicode_ci NOT NULL COMMENT 'passsword',
  `created_at` datetime DEFAULT current_timestamp() COMMENT 'Время регистрации пользователя',
  `updated_at` datetime DEFAULT current_timestamp() ON UPDATE current_timestamp() COMMENT 'Время обновления строки',
  PRIMARY KEY (`id`),
  UNIQUE KEY `nik` (`nik`),
  UNIQUE KEY `email` (`email`)
) ENGINE=InnoDB AUTO_INCREMENT=101 DEFAULT CHARSET=utf8 COLLATE=utf8_unicode_ci COMMENT='Пользователи';

INSERT INTO `users` (`id`, `nik`, `email`, `Avatar`, `password`, `created_at`, `updated_at`) VALUES (1, 'ipsa', 'fadel.ashly@example.net', 'application/vnd.sun.xml.calc.template', '81eb738b62eda2c937a854486890edcd2e1cca93', '1997-08-24 10:00:27', '1982-10-14 01:10:36');
INSERT INTO `users` (`id`, `nik`, `email`, `Avatar`, `password`, `created_at`, `updated_at`) VALUES (2, 'minus', 'tyrique78@example.org', 'application/vnd.triscape.mxs', 'b1e62437d45eba7e2dc001512ff79c674a99eaec', '2007-05-06 12:54:37', '1977-04-28 23:02:42');
INSERT INTO `users` (`id`, `nik`, `email`, `Avatar`, `password`, `created_at`, `updated_at`) VALUES (3, 'omnis', 'maryam66@example.com', 'text/x-fortran', 'db60285b6d52eda2b45957d68f686f44d0e245a3', '1992-03-31 21:16:36', '1974-05-23 12:35:56');
INSERT INTO `users` (`id`, `nik`, `email`, `Avatar`, `password`, `created_at`, `updated_at`) VALUES (4, 'consequuntur', 'alivia.kris@example.net', 'application/vnd.fdsn.mseed', '9bcf3d9ed111acaa61a3eba9508bf4b77503990b', '1987-09-26 16:58:14', '1984-11-09 16:25:55');
INSERT INTO `users` (`id`, `nik`, `email`, `Avatar`, `password`, `created_at`, `updated_at`) VALUES (5, 'fugiat', 'swift.liza@example.net', 'application/vnd.sun.xml.writer.global', 'af9b9f5db23aa214f3ba268f932269d05ea46b30', '2008-08-26 05:03:43', '1984-02-08 17:10:42');
INSERT INTO `users` (`id`, `nik`, `email`, `Avatar`, `password`, `created_at`, `updated_at`) VALUES (6, 'laborum', 'umcglynn@example.net', 'video/x-flv', 'cb868088f3b25b3f135a98c9584e0771f4e1670e', '1996-07-08 22:57:07', '1995-02-27 23:36:19');
INSERT INTO `users` (`id`, `nik`, `email`, `Avatar`, `password`, `created_at`, `updated_at`) VALUES (7, 'molestias', 'clovis.franecki@example.net', 'application/vnd.kde.kontour', '4b9d1205ce25cbc152e2cff7fd3edfd34bc058db', '1987-07-10 05:44:51', '2003-12-15 02:07:14');
INSERT INTO `users` (`id`, `nik`, `email`, `Avatar`, `password`, `created_at`, `updated_at`) VALUES (8, 'quia', 'lstreich@example.net', 'application/vnd.ufdl', '9225c5f3f97fec2eacb4ca96b17e89efc59e9619', '2019-08-08 12:34:12', '2011-07-29 18:47:56');
INSERT INTO `users` (`id`, `nik`, `email`, `Avatar`, `password`, `created_at`, `updated_at`) VALUES (9, 'fugit', 'rfadel@example.net', 'text/x-nfo', '22c50faa2c76f4d4783b62c7b4a7291d6a93d282', '2018-06-22 13:08:31', '1985-01-23 01:51:41');
INSERT INTO `users` (`id`, `nik`, `email`, `Avatar`, `password`, `created_at`, `updated_at`) VALUES (10, 'magnam', 'abigale.kerluke@example.com', 'application/xcap-diff+xml', '7183ee75fe74035c0d582e0128c42223df0c850e', '1978-10-28 02:51:02', '1972-09-26 01:49:47');
INSERT INTO `users` (`id`, `nik`, `email`, `Avatar`, `password`, `created_at`, `updated_at`) VALUES (11, 'voluptate', 'lillie43@example.org', 'application/vnd.rig.cryptonote', 'b65ea3f646d6fd95ca5179ce2660700a1d99c104', '1992-11-10 01:02:58', '1974-05-18 05:35:46');
INSERT INTO `users` (`id`, `nik`, `email`, `Avatar`, `password`, `created_at`, `updated_at`) VALUES (12, 'voluptas', 'alva.lindgren@example.org', 'application/vnd.mseq', '5ef71b25a5478be1798466761de479bc82094f8f', '1971-02-15 09:04:46', '2016-05-29 03:16:20');
INSERT INTO `users` (`id`, `nik`, `email`, `Avatar`, `password`, `created_at`, `updated_at`) VALUES (13, 'rerum', 'omurazik@example.com', 'application/vnd.wt.stf', '8cc67e554b1b9790ca02b5fa3725de5077a1a1ad', '2014-04-26 00:27:33', '2009-12-04 18:54:55');
INSERT INTO `users` (`id`, `nik`, `email`, `Avatar`, `password`, `created_at`, `updated_at`) VALUES (14, 'ullam', 'elenora53@example.com', 'application/vnd.ms-ims', '3cf7d734266a9f02a9429747692c1ff40c67dc83', '1981-09-19 02:40:26', '2008-02-26 08:04:25');
INSERT INTO `users` (`id`, `nik`, `email`, `Avatar`, `password`, `created_at`, `updated_at`) VALUES (15, 'totam', 'scotty14@example.org', 'application/vnd.adobe.xfdf', '789ae3142b1663b8f241d5b02c04f32814d44923', '2009-04-29 04:55:04', '1988-02-04 22:39:26');
INSERT INTO `users` (`id`, `nik`, `email`, `Avatar`, `password`, `created_at`, `updated_at`) VALUES (16, 'et', 'margarett.nader@example.com', 'application/pkixcmp', '172e0c0adff9b7b0252578bdd008e78a929bda86', '2018-09-27 17:41:46', '2005-12-11 06:44:27');
INSERT INTO `users` (`id`, `nik`, `email`, `Avatar`, `password`, `created_at`, `updated_at`) VALUES (17, 'iste', 'schulist.chesley@example.com', 'application/vnd.enliven', '5e188987e7bd9e789c8b9d4679466915abc3b03c', '1972-07-06 19:11:54', '1979-12-31 22:05:12');
INSERT INTO `users` (`id`, `nik`, `email`, `Avatar`, `password`, `created_at`, `updated_at`) VALUES (18, 'eos', 'charlie.renner@example.org', 'application/vnd.dart', 'e7013645256dbf610e2221a1fe5b4caf518056ee', '1982-12-28 21:49:26', '2015-08-10 13:07:08');
INSERT INTO `users` (`id`, `nik`, `email`, `Avatar`, `password`, `created_at`, `updated_at`) VALUES (19, 'officia', 'bradly.johns@example.net', 'application/vnd.dreamfactory', 'c057537cf45d0da92ab81f36812a7249358c971f', '2019-05-13 09:15:29', '1999-05-27 12:54:16');
INSERT INTO `users` (`id`, `nik`, `email`, `Avatar`, `password`, `created_at`, `updated_at`) VALUES (20, 'quibusdam', 'quitzon.jaylen@example.org', 'video/vnd.dvb.file', '63b9d3f5435e0d715064ba1e68d844a8af523825', '2016-01-21 10:58:56', '1975-01-22 00:25:26');
INSERT INTO `users` (`id`, `nik`, `email`, `Avatar`, `password`, `created_at`, `updated_at`) VALUES (21, 'ex', 'jast.juanita@example.com', 'application/rdf+xml', '4a30a6ba47e7a50b3f831d89104345cd4c4cff99', '1976-10-24 10:09:57', '2016-12-27 23:55:03');
INSERT INTO `users` (`id`, `nik`, `email`, `Avatar`, `password`, `created_at`, `updated_at`) VALUES (22, 'nostrum', 'ruecker.zula@example.com', 'application/vnd.oasis.opendocument.graphics', '2bf8b59ee137029c441629413fb87fa406321df5', '1990-05-01 11:41:02', '1991-01-01 04:40:01');
INSERT INTO `users` (`id`, `nik`, `email`, `Avatar`, `password`, `created_at`, `updated_at`) VALUES (23, 'corporis', 'doug23@example.org', 'model/x3d+binary', 'b0dfc7741a3b1329c4e2f6686d0b08e3f3424f22', '1977-12-09 17:07:25', '2016-11-03 23:06:14');
INSERT INTO `users` (`id`, `nik`, `email`, `Avatar`, `password`, `created_at`, `updated_at`) VALUES (24, 'hic', 'sarina74@example.com', 'text/vnd.wap.wml', 'fa968f1cd7bf58582c8006628e2c43bb68bd6fa0', '1973-10-05 13:24:48', '1979-03-18 07:43:57');
INSERT INTO `users` (`id`, `nik`, `email`, `Avatar`, `password`, `created_at`, `updated_at`) VALUES (25, 'voluptatem', 'lemke.jerel@example.org', 'application/vnd.adobe.air-application-installer-package+zip', 'c9402df24f18608771a975d86a511a88c9839760', '1975-07-17 06:08:22', '2015-02-24 05:31:42');
INSERT INTO `users` (`id`, `nik`, `email`, `Avatar`, `password`, `created_at`, `updated_at`) VALUES (26, 'ut', 'xkovacek@example.net', 'application/xml', '540b19b6857092aa4a627bf0457276a4899b45ff', '1982-07-01 05:25:54', '2016-06-16 20:54:07');
INSERT INTO `users` (`id`, `nik`, `email`, `Avatar`, `password`, `created_at`, `updated_at`) VALUES (27, 'quisquam', 'dbrakus@example.org', 'application/x-ms-wmz', '75c9edb8d5617dfb9bbf99c3924a69c6feb9136d', '1994-03-14 20:34:56', '2019-04-20 21:10:57');
INSERT INTO `users` (`id`, `nik`, `email`, `Avatar`, `password`, `created_at`, `updated_at`) VALUES (28, 'a', 'lpadberg@example.org', 'application/vnd.tmobile-livetv', 'f446635dc7094de5fa645dcf995c44ecbc4f5b23', '2002-02-26 14:42:03', '2013-10-19 20:31:19');
INSERT INTO `users` (`id`, `nik`, `email`, `Avatar`, `password`, `created_at`, `updated_at`) VALUES (29, 'distinctio', 'kirlin.rocio@example.com', 'application/vnd.adobe.xdp+xml', '71a15170c61bcdd98ab14cbb8b68dca8b479869a', '1975-05-02 04:11:45', '1974-02-24 13:39:39');
INSERT INTO `users` (`id`, `nik`, `email`, `Avatar`, `password`, `created_at`, `updated_at`) VALUES (30, 'magni', 'arturo.mann@example.com', 'application/vnd.oasis.opendocument.graphics', 'bfe2817badeb96d67d75233eff2d331577196972', '2000-12-25 23:53:00', '1986-12-27 03:38:42');
INSERT INTO `users` (`id`, `nik`, `email`, `Avatar`, `password`, `created_at`, `updated_at`) VALUES (31, 'quis', 'lillie.nicolas@example.com', 'video/quicktime', '304846a1e433f404e980d209542ecd505a17d2b0', '1986-12-12 06:01:17', '2017-05-08 10:59:56');
INSERT INTO `users` (`id`, `nik`, `email`, `Avatar`, `password`, `created_at`, `updated_at`) VALUES (32, 'in', 'koby30@example.net', 'application/vnd.recordare.musicxml', 'c75d61ce0978f08d9e22937d42594382f701961e', '1998-02-05 14:09:05', '2001-10-19 18:15:51');
INSERT INTO `users` (`id`, `nik`, `email`, `Avatar`, `password`, `created_at`, `updated_at`) VALUES (33, 'nesciunt', 'jalon.rogahn@example.net', 'application/x-shockwave-flash', '0890bb6dba0c90409e19bf4502b8e90a6a1b0422', '1988-02-12 11:30:19', '2013-07-21 07:32:35');
INSERT INTO `users` (`id`, `nik`, `email`, `Avatar`, `password`, `created_at`, `updated_at`) VALUES (34, 'id', 'willard.dicki@example.org', 'application/xop+xml', '138c15d44b4fea7f9cd1b6e2e7d9770e8134f864', '1983-01-23 23:05:49', '1993-01-07 15:56:39');
INSERT INTO `users` (`id`, `nik`, `email`, `Avatar`, `password`, `created_at`, `updated_at`) VALUES (35, 'nihil', 'camden.jenkins@example.net', 'audio/mp4', '8f26a7a8778510d815372d2cfc742da8ac759bac', '1996-09-01 03:28:20', '2020-04-24 07:46:06');
INSERT INTO `users` (`id`, `nik`, `email`, `Avatar`, `password`, `created_at`, `updated_at`) VALUES (36, 'dicta', 'lhermiston@example.com', 'application/vnd.shana.informed.formtemplate', '700ff9768c4c6838cea5c39a15d1fb30d0052837', '1995-09-18 17:08:28', '1996-03-06 19:05:03');
INSERT INTO `users` (`id`, `nik`, `email`, `Avatar`, `password`, `created_at`, `updated_at`) VALUES (37, 'aliquid', 'isobel.jacobson@example.com', 'application/vnd.kodak-descriptor', 'd08eb16c157ee9a91033d158058ca0ebad8f4554', '1990-03-05 15:03:58', '1999-09-29 23:50:47');
INSERT INTO `users` (`id`, `nik`, `email`, `Avatar`, `password`, `created_at`, `updated_at`) VALUES (38, 'porro', 'renner.orie@example.net', 'text/x-asm', 'efc991a3b4e89764616aa940adf79196db75f75c', '2005-08-07 03:44:58', '1988-10-24 19:47:24');
INSERT INTO `users` (`id`, `nik`, `email`, `Avatar`, `password`, `created_at`, `updated_at`) VALUES (39, 'vero', 'akris@example.net', 'video/h261', '52ebb9a8c76bdc17976c38d7cb716f2fc2f37e54', '2020-07-11 10:21:01', '1987-03-24 19:39:13');
INSERT INTO `users` (`id`, `nik`, `email`, `Avatar`, `password`, `created_at`, `updated_at`) VALUES (40, 'facere', 'goldner.ernesto@example.org', 'application/vnd.oasis.opendocument.formula', '2432bca7aac475406bd36044a37ea5209d16c1d3', '2015-04-07 17:06:13', '1974-11-15 14:42:04');
INSERT INTO `users` (`id`, `nik`, `email`, `Avatar`, `password`, `created_at`, `updated_at`) VALUES (41, 'qui', 'treva87@example.com', 'application/xop+xml', '71a54a1f9a8a71861be06ce63b1ea633dd1f8582', '1995-11-13 10:20:26', '2007-09-02 01:30:29');
INSERT INTO `users` (`id`, `nik`, `email`, `Avatar`, `password`, `created_at`, `updated_at`) VALUES (42, 'iusto', 'nikki41@example.com', 'video/x-ms-wmx', '7e88643b888ed9c2e61e0ad926d180c9a319c9f3', '2012-08-25 14:29:18', '2010-07-03 08:56:05');
INSERT INTO `users` (`id`, `nik`, `email`, `Avatar`, `password`, `created_at`, `updated_at`) VALUES (43, 'dignissimos', 'kohler.phoebe@example.net', 'application/vnd.wordperfect', '003699bb11469c64c92a104d9177928502964b29', '2019-07-28 14:40:48', '1985-01-27 00:55:11');
INSERT INTO `users` (`id`, `nik`, `email`, `Avatar`, `password`, `created_at`, `updated_at`) VALUES (44, 'laboriosam', 'bradtke.duane@example.net', 'application/jsonml+json', '78b9fbfe1f0d12ce0d3024d2b6167c602da318ff', '1997-10-15 12:58:57', '1991-03-25 19:21:58');
INSERT INTO `users` (`id`, `nik`, `email`, `Avatar`, `password`, `created_at`, `updated_at`) VALUES (45, 'dolorum', 'mann.jamil@example.net', 'text/x-nfo', '56d44fe9dbbdcbd33aff512fbb744a8f7d079c02', '2001-04-10 06:10:18', '1979-05-13 11:02:13');
INSERT INTO `users` (`id`, `nik`, `email`, `Avatar`, `password`, `created_at`, `updated_at`) VALUES (46, 'veniam', 'hassan.muller@example.org', 'application/vnd.shana.informed.formtemplate', '345aaef29a9f215b1816830187b964663391bed9', '2006-01-28 11:41:40', '1984-10-08 09:31:42');
INSERT INTO `users` (`id`, `nik`, `email`, `Avatar`, `password`, `created_at`, `updated_at`) VALUES (47, 'adipisci', 'zjenkins@example.com', 'image/vnd.ms-photo', '7b1cfa75ee2f8451d5cd4933de675c437d9924b9', '1979-11-28 16:08:28', '1973-11-14 15:24:27');
INSERT INTO `users` (`id`, `nik`, `email`, `Avatar`, `password`, `created_at`, `updated_at`) VALUES (48, 'laudantium', 'bernhard.oran@example.com', 'application/vnd.fdsn.mseed', '5b2b6c8e54605ed5971a0b06d6dede803f9597e3', '1997-08-12 13:32:21', '2020-06-06 19:29:47');
INSERT INTO `users` (`id`, `nik`, `email`, `Avatar`, `password`, `created_at`, `updated_at`) VALUES (49, 'itaque', 'kaylie06@example.com', 'application/vnd.lotus-1-2-3', '3f26dbf87c1058be298fb7c55737104d8520fbd5', '1986-09-30 02:46:39', '1982-08-17 14:29:47');
INSERT INTO `users` (`id`, `nik`, `email`, `Avatar`, `password`, `created_at`, `updated_at`) VALUES (50, 'deserunt', 'georgianna.o\'connell@example.net', 'application/vnd.shana.informed.package', '5f22818713cd97867bcca44809f80b2dd4639188', '1971-07-23 07:49:59', '2003-06-25 18:00:15');
INSERT INTO `users` (`id`, `nik`, `email`, `Avatar`, `password`, `created_at`, `updated_at`) VALUES (51, 'expedita', 'srolfson@example.net', 'application/vnd.sun.xml.impress.template', '2878f2f434e2d5cce44e072dec9394f8b63dcc7f', '2016-01-10 15:28:25', '2001-06-06 07:08:17');
INSERT INTO `users` (`id`, `nik`, `email`, `Avatar`, `password`, `created_at`, `updated_at`) VALUES (52, 'cumque', 'mraynor@example.net', 'application/vnd.ms-works', 'af587a366b23289b40d28ba6c23ea3bb243fd5f7', '2004-03-12 18:39:53', '1975-03-03 01:17:52');
INSERT INTO `users` (`id`, `nik`, `email`, `Avatar`, `password`, `created_at`, `updated_at`) VALUES (53, 'ipsum', 'ygoodwin@example.com', 'video/vnd.dvb.file', 'd6f02a598be9b7d093b99a0059979ae1da2dc006', '1981-12-15 00:51:35', '1981-11-22 03:55:35');
INSERT INTO `users` (`id`, `nik`, `email`, `Avatar`, `password`, `created_at`, `updated_at`) VALUES (54, 'incidunt', 'gbahringer@example.net', 'application/vnd.ms-excel.sheet.binary.macroenabled.12', '4289541ae29df9b744c0886ee2e67c8b07eb3e5d', '1984-09-05 22:54:41', '1989-08-07 04:11:01');
INSERT INTO `users` (`id`, `nik`, `email`, `Avatar`, `password`, `created_at`, `updated_at`) VALUES (55, 'est', 'theron20@example.net', 'application/vnd.ezpix-album', '1e21c45251c09063ae5388e907baae323d428263', '1994-01-12 09:02:16', '1974-12-08 21:02:11');
INSERT INTO `users` (`id`, `nik`, `email`, `Avatar`, `password`, `created_at`, `updated_at`) VALUES (56, 'ea', 'pouros.moshe@example.org', 'application/vnd.sun.xml.calc.template', 'f6c7a6772aff33eebacab9a089d145ca10de0d08', '1984-02-14 10:09:42', '2019-08-17 03:03:18');
INSERT INTO `users` (`id`, `nik`, `email`, `Avatar`, `password`, `created_at`, `updated_at`) VALUES (57, 'aut', 'torp.verna@example.com', 'image/vnd.wap.wbmp', '833bcb92c3aa0651ca4b01492ff0021d42bd880d', '1970-06-01 14:19:28', '1971-08-01 03:16:14');
INSERT INTO `users` (`id`, `nik`, `email`, `Avatar`, `password`, `created_at`, `updated_at`) VALUES (58, 'vitae', 'earline.dibbert@example.net', 'application/vnd.llamagraphics.life-balance.exchange+xml', 'd2f0e6ca527e4a2f1a7d55f81f4d884e467fe860', '1984-03-14 17:08:21', '1999-04-03 07:37:40');
INSERT INTO `users` (`id`, `nik`, `email`, `Avatar`, `password`, `created_at`, `updated_at`) VALUES (59, 'debitis', 'helene89@example.org', 'audio/x-flac', '2be44bef8c3d861ecb8a6b7ae285faf4141296aa', '1990-05-27 15:35:25', '1977-03-05 09:21:05');
INSERT INTO `users` (`id`, `nik`, `email`, `Avatar`, `password`, `created_at`, `updated_at`) VALUES (60, 'dolores', 'russell69@example.org', 'application/x-futuresplash', '9bd8d16eefcd7c3937bfdeccf499d001a21d6827', '2018-10-20 06:12:45', '1993-12-16 03:22:20');
INSERT INTO `users` (`id`, `nik`, `email`, `Avatar`, `password`, `created_at`, `updated_at`) VALUES (61, 'nulla', 'valentine.runolfsdottir@example.com', 'application/x-sv4cpio', '455cdc0ab5bb92951d771345ca239baf91ab71e7', '1973-12-18 20:29:25', '1994-08-07 11:37:54');
INSERT INTO `users` (`id`, `nik`, `email`, `Avatar`, `password`, `created_at`, `updated_at`) VALUES (62, 'soluta', 'ryley92@example.net', 'application/vnd.openxmlformats-officedocument.presentationml.template', '5f1f174821336fa4e9b6df29bc84d3893e44c01c', '1979-03-29 18:25:18', '1992-04-16 17:10:06');
INSERT INTO `users` (`id`, `nik`, `email`, `Avatar`, `password`, `created_at`, `updated_at`) VALUES (63, 'ipsam', 'gerson43@example.com', 'application/vnd.kde.kword', '458b7eac86e972d69098fa1962ef560316d74b3d', '1994-07-26 12:09:46', '1987-08-16 14:04:36');
INSERT INTO `users` (`id`, `nik`, `email`, `Avatar`, `password`, `created_at`, `updated_at`) VALUES (64, 'sit', 'klocko.johanna@example.net', 'application/vnd.openofficeorg.extension', '8ea72c31053f4aeb48eb2acb77641f5d278d23a9', '1980-05-09 21:19:28', '1991-12-13 19:13:02');
INSERT INTO `users` (`id`, `nik`, `email`, `Avatar`, `password`, `created_at`, `updated_at`) VALUES (65, 'enim', 'heathcote.chelsey@example.org', 'application/vnd.ms-excel.sheet.macroenabled.12', 'b8de16726dc5386e5538f12790a3fa57e18d1ca0', '2019-07-28 13:14:10', '1979-08-11 18:30:33');
INSERT INTO `users` (`id`, `nik`, `email`, `Avatar`, `password`, `created_at`, `updated_at`) VALUES (66, 'pariatur', 'judd.mcglynn@example.net', 'application/vnd.pvi.ptid1', '4b4c00ef8ac7c3dc1ba95453b8ee86fff07f0c88', '2000-05-16 23:58:59', '2014-07-18 04:14:31');
INSERT INTO `users` (`id`, `nik`, `email`, `Avatar`, `password`, `created_at`, `updated_at`) VALUES (67, 'minima', 'schroeder.victoria@example.net', 'text/prs.lines.tag', 'a39353b82c59bf2969ef62e562c326e0c9f71fce', '2013-04-15 13:03:48', '2009-10-01 02:27:32');
INSERT INTO `users` (`id`, `nik`, `email`, `Avatar`, `password`, `created_at`, `updated_at`) VALUES (68, 'tempore', 'ewatsica@example.net', 'application/vnd.webturbo', '7eb0f1e97ac9745c6468d0fc1996749c303838ff', '1987-05-05 23:11:38', '2019-03-19 03:10:09');
INSERT INTO `users` (`id`, `nik`, `email`, `Avatar`, `password`, `created_at`, `updated_at`) VALUES (69, 'odit', 'predovic.oren@example.net', 'application/vnd.fdsn.seed', 'b97f8c14e56ffc23d817a5f1e9066824d4aa2b67', '2019-07-19 04:57:04', '1977-05-19 20:24:46');
INSERT INTO `users` (`id`, `nik`, `email`, `Avatar`, `password`, `created_at`, `updated_at`) VALUES (70, 'natus', 'pbalistreri@example.org', 'video/x-msvideo', 'c71dd684e3f21ea15edb3b99e641538f699842cb', '1980-09-02 03:32:33', '1970-06-07 16:43:38');
INSERT INTO `users` (`id`, `nik`, `email`, `Avatar`, `password`, `created_at`, `updated_at`) VALUES (71, 'non', 'ike.reichert@example.org', 'model/vnd.vtu', '39c3446e451d31c372ffc3e115b59a61287b66d5', '2008-11-18 22:45:27', '1985-03-17 11:47:31');
INSERT INTO `users` (`id`, `nik`, `email`, `Avatar`, `password`, `created_at`, `updated_at`) VALUES (72, 'asperiores', 'deshawn.wilderman@example.org', 'text/x-nfo', '3d8b147414ab8b5ea3b83b87e89775771122dab2', '2013-02-16 15:40:14', '1986-12-24 03:53:18');
INSERT INTO `users` (`id`, `nik`, `email`, `Avatar`, `password`, `created_at`, `updated_at`) VALUES (73, 'ab', 'borer.ezequiel@example.com', 'video/x-flv', '30515088bae66012f2189007aed421185980deb0', '1976-12-02 11:52:03', '2000-11-04 13:55:57');
INSERT INTO `users` (`id`, `nik`, `email`, `Avatar`, `password`, `created_at`, `updated_at`) VALUES (74, 'quo', 'pacocha.rosendo@example.com', 'application/vnd.route66.link66+xml', 'c57cd2465f4b9ed376cf2af64653484be200776d', '1998-11-02 08:26:13', '1995-01-16 06:21:31');
INSERT INTO `users` (`id`, `nik`, `email`, `Avatar`, `password`, `created_at`, `updated_at`) VALUES (75, 'fuga', 'tom75@example.org', 'application/vnd.ezpix-package', '2ea181a23198987122552756cdb6d3f1c652cdbf', '2005-07-12 07:10:29', '2014-07-14 22:52:52');
INSERT INTO `users` (`id`, `nik`, `email`, `Avatar`, `password`, `created_at`, `updated_at`) VALUES (76, 'aspernatur', 'constance89@example.org', 'application/vnd.trueapp', '58bd5ae985618f901d88d9232cdf52da16b20c5a', '1992-02-14 03:10:50', '1975-09-28 23:29:40');
INSERT INTO `users` (`id`, `nik`, `email`, `Avatar`, `password`, `created_at`, `updated_at`) VALUES (77, 'eius', 'beulah.weber@example.net', 'image/x-3ds', '2a9c8fb55fe5ffad63bf05ee15c1d6da4638d0d6', '1970-04-10 03:25:30', '1981-06-08 02:07:19');
INSERT INTO `users` (`id`, `nik`, `email`, `Avatar`, `password`, `created_at`, `updated_at`) VALUES (78, 'odio', 'zmante@example.net', 'application/vnd.sun.xml.writer', 'f38eb9093b571d972b6713a951da631120b94a79', '1971-06-22 10:29:34', '1988-08-06 01:23:19');
INSERT INTO `users` (`id`, `nik`, `email`, `Avatar`, `password`, `created_at`, `updated_at`) VALUES (79, 'reiciendis', 'creola.jacobi@example.com', 'application/vnd.webturbo', 'b663f6bfb1bce5578c6ab6eb6c4d887e76f5c785', '2015-07-22 21:28:56', '1970-01-04 15:29:26');
INSERT INTO `users` (`id`, `nik`, `email`, `Avatar`, `password`, `created_at`, `updated_at`) VALUES (80, 'rem', 'kris.brenda@example.org', 'image/vnd.wap.wbmp', '27bdd4f915519acd2a20fd435536cbcec663f50c', '1986-08-12 21:46:57', '2009-10-08 00:44:54');
INSERT INTO `users` (`id`, `nik`, `email`, `Avatar`, `password`, `created_at`, `updated_at`) VALUES (81, 'unde', 'witting.tessie@example.com', 'application/vnd.ms-cab-compressed', 'e61156037ffb14e2eedace1259aeae90f30565cc', '1999-01-28 00:51:10', '1995-10-24 15:00:26');
INSERT INTO `users` (`id`, `nik`, `email`, `Avatar`, `password`, `created_at`, `updated_at`) VALUES (82, 'repellat', 'hsimonis@example.com', 'model/vnd.gdl', '928bb4cda7d5277fcc5ce2e8034d9a1f8cef1daa', '2018-09-12 16:46:12', '2018-05-01 04:38:17');
INSERT INTO `users` (`id`, `nik`, `email`, `Avatar`, `password`, `created_at`, `updated_at`) VALUES (83, 'illo', 'windler.randi@example.net', 'image/tiff', 'c8e478f0beda787c0eb7b59f61500919f1fba48a', '1974-05-03 16:03:20', '1988-08-19 12:40:50');
INSERT INTO `users` (`id`, `nik`, `email`, `Avatar`, `password`, `created_at`, `updated_at`) VALUES (84, 'sunt', 'maggie32@example.net', 'application/vnd.shana.informed.interchange', '60b4eaf26fa87c69d36d37b2f08f51f896204558', '2008-07-07 13:20:33', '2017-08-22 01:23:13');
INSERT INTO `users` (`id`, `nik`, `email`, `Avatar`, `password`, `created_at`, `updated_at`) VALUES (85, 'nam', 'bernier.melvin@example.org', 'text/turtle', 'effb47c8ac55d9026c306677674ecb1449ed2d66', '2009-11-26 04:27:40', '2016-08-30 20:57:23');
INSERT INTO `users` (`id`, `nik`, `email`, `Avatar`, `password`, `created_at`, `updated_at`) VALUES (86, 'eaque', 'smith.eda@example.net', 'video/x-mng', 'a4fd65287efa7440cccb02f3b0b4fed6ce7ce59c', '1980-01-11 01:39:58', '2007-03-25 03:49:13');
INSERT INTO `users` (`id`, `nik`, `email`, `Avatar`, `password`, `created_at`, `updated_at`) VALUES (87, 'explicabo', 'cmuller@example.com', 'application/vnd.dece.unspecified', 'e3c1511ac06bc0715d148bf1055c5d51e080ae36', '2002-05-23 17:55:25', '2012-08-24 22:58:31');
INSERT INTO `users` (`id`, `nik`, `email`, `Avatar`, `password`, `created_at`, `updated_at`) VALUES (88, 'illum', 'nils.dietrich@example.net', 'application/vnd.openxmlformats-officedocument.spreadsheetml.sheet', '055ad9c4f5a376bcb84b2f38b1e476e159364003', '1992-08-06 05:48:25', '1984-06-22 08:01:50');
INSERT INTO `users` (`id`, `nik`, `email`, `Avatar`, `password`, `created_at`, `updated_at`) VALUES (89, 'velit', 'huel.rosella@example.org', 'video/mj2', '66018bf55f2bf370cc6c41acde5f62f71f09f0f2', '1975-03-22 12:19:34', '1997-09-17 09:11:22');
INSERT INTO `users` (`id`, `nik`, `email`, `Avatar`, `password`, `created_at`, `updated_at`) VALUES (90, 'esse', 'yolanda67@example.org', 'application/x-7z-compressed', 'a29ec6cbc81c26506a47259aba4107f03b827051', '1995-10-28 00:48:26', '2006-04-08 16:47:50');
INSERT INTO `users` (`id`, `nik`, `email`, `Avatar`, `password`, `created_at`, `updated_at`) VALUES (91, 'eum', 'clowe@example.org', 'application/x-sv4crc', '5ccd03ba7e073871942d8bcd5117e628a52170e7', '2010-04-22 17:02:48', '1988-10-24 21:05:30');
INSERT INTO `users` (`id`, `nik`, `email`, `Avatar`, `password`, `created_at`, `updated_at`) VALUES (92, 'nobis', 'tyra63@example.org', 'application/vnd.ms-powerpoint.slideshow.macroenabled.12', '2801058aa5adace8ee965e540bd63ebfb2bf0005', '1997-12-13 01:24:13', '1970-02-19 11:20:46');
INSERT INTO `users` (`id`, `nik`, `email`, `Avatar`, `password`, `created_at`, `updated_at`) VALUES (93, 'saepe', 'vivian.vonrueden@example.com', 'application/x-sv4crc', '6cc1f473996eefeace98dc752494105d21de743c', '2013-05-28 02:23:50', '1989-10-07 06:49:43');
INSERT INTO `users` (`id`, `nik`, `email`, `Avatar`, `password`, `created_at`, `updated_at`) VALUES (94, 'amet', 'wkirlin@example.org', 'application/x-rar-compressed', '7319c00ec295827c9faa4b79ad86b0af28ca1d18', '1989-09-13 22:48:10', '1971-09-19 18:17:41');
INSERT INTO `users` (`id`, `nik`, `email`, `Avatar`, `password`, `created_at`, `updated_at`) VALUES (95, 'maiores', 'buford87@example.com', 'model/vnd.gtw', '59e80cea8e4a120e1aa6a0e1e33a5451b34300f3', '1984-12-21 17:44:07', '1990-02-04 19:09:34');
INSERT INTO `users` (`id`, `nik`, `email`, `Avatar`, `password`, `created_at`, `updated_at`) VALUES (96, 'cum', 'hparisian@example.org', 'video/vnd.dece.sd', '1fe58c9573e2d638bdcdc74d95ca5c873d6a639e', '1990-07-02 17:38:31', '1992-12-27 08:13:24');
INSERT INTO `users` (`id`, `nik`, `email`, `Avatar`, `password`, `created_at`, `updated_at`) VALUES (97, 'repellendus', 'rickie37@example.com', 'application/x-sh', '4d635163ae70c559660a342013639e614e1f7609', '1986-09-07 21:07:53', '2004-06-18 10:35:08');
INSERT INTO `users` (`id`, `nik`, `email`, `Avatar`, `password`, `created_at`, `updated_at`) VALUES (98, 'provident', 'quinton36@example.com', 'text/vcard', '6a90631c873ae18f027581a71318a24a8e415427', '2004-02-01 19:58:42', '2015-03-07 16:29:21');
INSERT INTO `users` (`id`, `nik`, `email`, `Avatar`, `password`, `created_at`, `updated_at`) VALUES (99, 'dolore', 'rmraz@example.net', 'video/h264', 'cf2710760e5b25b166e05c5c98dfc150966b270c', '1970-10-04 18:08:08', '1982-08-25 10:15:17');
INSERT INTO `users` (`id`, `nik`, `email`, `Avatar`, `password`, `created_at`, `updated_at`) VALUES (100, 'at', 'zraynor@example.net', 'text/x-pascal', '8ac2c282b5e411e353accd75de501f3215a36596', '2004-04-26 10:18:51', '2017-12-13 09:42:17');


